DROP DATABASE IF EXISTS desarrollos_inmobiliarios_db;

CREATE DATABASE IF NOT EXISTS desarrollos_inmobiliarios_db;

USE desarrollos_inmobiliarios_db;

/*Tablas padre o independientes (sin FK)*/

CREATE TABLE usuarios(
    id TINYINT UNSIGNED NOT NULL AUTO_INCREMENT PRIMARY KEY,
    nombre VARCHAR(50) NOT NULL UNIQUE,
    contrasena VARCHAR(64) NOT NULL
);

CREATE TABLE estados(
    clave_estado CHAR(2) NOT NULL PRIMARY KEY,
    nombre VARCHAR(50) NOT NULL UNIQUE
);

CREATE TABLE desarrollos(
    id_desarrollo INT UNSIGNED NOT NULL AUTO_INCREMENT PRIMARY KEY,
    nombre VARCHAR(100) NOT NULL UNIQUE,
    tipo ENUM('Residencial','Comercial','Corporativo','Industrial') NOT NULL,
    fecha_inicio DATE NOT NULL,
    fecha_conclusion DATE
);

CREATE TABLE agentes(
    id_agente INT UNSIGNED NOT NULL AUTO_INCREMENT PRIMARY KEY,
    nombre VARCHAR(50) NOT NULL,
    apellido_paterno VARCHAR(50) NOT NULL,
    apellido_materno VARCHAR(50) NOT NULL,
    fecha_nacimiento DATE NOT NULL,
    correo VARCHAR(100) NOT NULL UNIQUE,
    telefono VARCHAR(10),
    sexo ENUM('H','M'),
    UNIQUE KEY (nombre,apellido_paterno,apellido_materno)
);

CREATE TABLE clientes(
    id_cliente INT UNSIGNED NOT NULL AUTO_INCREMENT PRIMARY KEY,
    nombre VARCHAR(50) NOT NULL,
    apellido_paterno VARCHAR(50) NOT NULL,
    apellido_materno VARCHAR(50) NOT NULL,
    fecha_nacimiento DATE NOT NULL,
    correo VARCHAR(100) NOT NULL UNIQUE,
    telefono VARCHAR(10),
    sexo ENUM('H','M'),
    UNIQUE KEY (nombre,apellido_paterno,apellido_materno)
);

/*Tablas hijas o dependientes (con FK)*/

CREATE TABLE municipios(
    clave_municipio CHAR(5) NOT NULL PRIMARY KEY,
    nombre VARCHAR(100) NOT NULL,
    clave_estado CHAR(2) NOT NULL,
    CONSTRAINT FK_municipio_estado FOREIGN KEY(clave_estado) REFERENCES estados(clave_estado)
        ON UPDATE CASCADE ON DELETE RESTRICT
);

CREATE TABLE colonias(
    id_colonia INT UNSIGNED NOT NULL AUTO_INCREMENT PRIMARY KEY,
    nombre VARCHAR(150) NOT NULL,
    cp CHAR(5) NOT NULL,
    clave_municipio CHAR(5) NOT NULL,
    UNIQUE KEY (clave_municipio, cp, nombre),
    CONSTRAINT FK_colonia_municipio FOREIGN KEY(clave_municipio) REFERENCES municipios(clave_municipio)
        ON UPDATE CASCADE ON DELETE RESTRICT
);

CREATE TABLE direcciones(
    id_direccion INT UNSIGNED NOT NULL AUTO_INCREMENT PRIMARY KEY,
    calle VARCHAR(150) NOT NULL,
    num_ext VARCHAR(10) NOT NULL,
    num_int VARCHAR(10),
    id_colonia INT UNSIGNED NOT NULL,
    UNIQUE KEY(id_colonia, calle, num_ext, num_int),
    CONSTRAINT FK_direccion_colonia FOREIGN KEY(id_colonia) REFERENCES colonias(id_colonia)
        ON UPDATE CASCADE ON DELETE RESTRICT
);

CREATE TABLE propiedades(
    id_propiedad INT UNSIGNED NOT NULL AUTO_INCREMENT PRIMARY KEY,
    id_desarrollo INT UNSIGNED NOT NULL,
    id_direccion INT UNSIGNED NOT NULL UNIQUE,
    tipo VARCHAR(50) NOT NULL,
    estado ENUM('En construccion','Disponible','Vendida','Rentada') NOT NULL,
    area DECIMAL(10,2) UNSIGNED NOT NULL,
    precio DECIMAL(15,2) UNSIGNED, 
    fecha_registro DATE,
    CONSTRAINT FK_propiedad_desarrollo FOREIGN KEY(id_desarrollo) REFERENCES desarrollos(id_desarrollo)
        ON UPDATE CASCADE ON DELETE RESTRICT,
    CONSTRAINT FK_propiedad_direccion FOREIGN KEY(id_direccion) REFERENCES direcciones(id_direccion)
        ON UPDATE CASCADE ON DELETE CASCADE
);

CREATE TABLE contratos(
    id_contrato INT UNSIGNED NOT NULL AUTO_INCREMENT PRIMARY KEY,
    id_propiedad INT UNSIGNED NOT NULL UNIQUE,
    id_agente INT UNSIGNED NOT NULL,
    id_cliente INT UNSIGNED NOT NULL,
    tipo ENUM('Venta','Renta') NOT NULL,
    fecha_contrato DATE NOT NULL,
    precio_final DECIMAL(15,2) UNSIGNED NOT NULL,
    forma_pago ENUM('Pago unico','Pagos periodicos') NOT NULL,
    condiciones_contractuales TEXT NOT NULL,
    CONSTRAINT FK_contrato_propiedad FOREIGN KEY(id_propiedad) REFERENCES propiedades(id_propiedad)
        ON UPDATE CASCADE ON DELETE RESTRICT,
    CONSTRAINT FK_contrato_agente FOREIGN KEY(id_agente) REFERENCES agentes(id_agente)
        ON UPDATE CASCADE ON DELETE RESTRICT,
    CONSTRAINT FK_contrato_cliente FOREIGN KEY(id_cliente) REFERENCES clientes(id_cliente)
        ON UPDATE CASCADE ON DELETE RESTRICT
);

CREATE TABLE pagos(
    num_pago INT UNSIGNED NOT NULL,
    id_contrato INT UNSIGNED NOT NULL,
    fecha_pago DATE NOT NULL,
    monto DECIMAL(15,2) UNSIGNED NOT NULL,
    metodo_pago VARCHAR(50) NOT NULL,
    PRIMARY KEY(num_pago,id_contrato),
    CONSTRAINT FK_pago_contrato FOREIGN KEY(id_contrato) REFERENCES contratos(id_contrato)
        ON UPDATE CASCADE ON DELETE CASCADE
);

/*Tablas intermedias muchos a muchos*/

CREATE TABLE agente_propiedad(
    id_agente INT UNSIGNED NOT NULL,
    id_propiedad INT UNSIGNED NOT NULL,
    PRIMARY KEY(id_agente,id_propiedad),
    CONSTRAINT FK_agente_propiedad FOREIGN KEY(id_agente) REFERENCES agentes(id_agente)
        ON UPDATE CASCADE ON DELETE CASCADE,
    CONSTRAINT FK_propiedad_agente FOREIGN KEY(id_propiedad) REFERENCES propiedades(id_propiedad)
        ON UPDATE CASCADE ON DELETE CASCADE
);

CREATE TABLE interacciones(
    id_agente INT UNSIGNED NOT NULL,
    id_cliente INT UNSIGNED NOT NULL,
    num_interaccion INT UNSIGNED NOT NULL,
    tipo ENUM('Presencial','Videollamada','Llamada','Correo') NOT NULL,
    fecha_interaccion DATE NOT NULL,
    detalles TEXT,
    PRIMARY KEY(id_agente,id_cliente,num_interaccion),
    CONSTRAINT FK_agente_interaccion FOREIGN KEY(id_agente) REFERENCES agentes(id_agente)
        ON UPDATE CASCADE ON DELETE CASCADE,
    CONSTRAINT FK_cliente_interaccion FOREIGN KEY(id_cliente) REFERENCES clientes(id_cliente)
        ON UPDATE CASCADE ON DELETE CASCADE
);

/*
******************
*    USUARIOS    *
******************
*/
INSERT INTO usuarios (id, nombre, contrasena) VALUES
(1, 'adrianagutierrez559', '801af6ebafe54ff6cf144287594aba023ca441c426ef2c98413e6790737189ef'),
(2, 'adrianalopez133', '6de65c8a5425ecd16127565a8bad00911c8f1e0dc2ab29c3b9871f5d5f30d957'),
(3, 'adrianaperez892', '5d815746a308c5a87cc15695a7144f48a5cb3e06ec5376f9000867b8920a3029'),
(4, 'adrianarojas936', '5019607af379e808f5280b743c7aad122e48fe24df605eec5700e36a007d707f'),
(5, 'alejandracastillo514', 'f835491c8acb490d3019bfc52ada97a7b3afa4cc83c70b3f11e9fb8da51df57f'),
(6, 'alejandragomez705', 'b4afea87890491951fbc5ce2fd298f0de4734b2bef75b9cade0c265b3d0ec64e'),
(7, 'alejandrahernandez209', '3d088387c5400fe7166550fd7ed0a2fbb751e34b0bafa371dc5a0e5359acb897'),
(8, 'alejandramorales351', 'b057244bf9aa4b47968e8fc3cb6255ac5c2ee317da75342ea58e54bb9b65c119'),
(9, 'alejandrasalazar178', 'a427267ab7fb06a70fe8d93cdc547150d471aaf5b8e9dc5d9b4556f3ab6e2ae0'),
(10, 'alejandrasanchez146', '38058fa646c62f1fb4452cea5c524fe1f8db9d1a72f5be4a66566b227bca12ae'),
(11, 'anacastillo867', 'f7b9dc77ee228cacf89b93d1d7c93262614f734df69d663bdc92c5646e6462c3'),
(12, 'anacruz813', 'fad18f507f8e44fd2b1ecd58eeaa8e63402e2284216c718026b6ab9933a680ca'),
(13, 'anaflores631', '3d1a98ee1851f8befeedbcf95d69ce755297be2cdd1b249a389ed5e641240e03'),
(14, 'analopez432', '515565c526cc098b20f6ecaccec8d9e9e2a186107f008e963139107d25f62eb0'),
(15, 'ananavarro858', '737611dc4847c05c327292f5f7dd2552b9c8c7fc9c535ba90d0937292230c8a2'),
(16, 'anasalazar998', '28700d61872d91d758f3b36270b486941bb78f8131978a68f1889890bc126b2e'),
(17, 'anasilva58', 'd33e0f29077060192ed5b9721f339a8388a0a170ea4471fe0e041beb3033248a'),
(18, 'anatorres323', '5964abf85f51e498a4bf1a1ecf4e79d87bd5826fcf053871888fe9b9d353eedd'),
(19, 'anavargas34', '26a0eca1ef335595492f4d25a8da62347e6e29d2013a6941c310770d7c3201cd'),
(20, 'andresgomez655', '98a3e61ba6fe2431465b6518e469085d7931cc69eabef7897f66fee583a25e16'),
(21, 'andresperez434', '4aa7dd21f6a2b22170f0b2983f772d1b5f08b1ef284132adf9452573ca9d7d87'),
(22, 'andresperez615', 'e3af7f8db9a87705cf77f7c3dd72dfcee221539bc33efd0d11f582090d99bd25'),
(23, 'andresrodriguez330', '4248c7cf191f43d491c4752d0eb47aa660a83746cb8b2f3608efb7fc9389648e'),
(24, 'andresrojas594', '3e35076b493a247311aef58c7ea0584eb1c42ccd8f55f67ca3a7f099eebc9a34'),
(25, 'carlamartinez859', '93b94b12bd511481a9bf61af8cf7b63f01d04d666be828460810ed7232c11531'),
(26, 'carlamorales618', '6821c9a5e3a1f4e0194253be63cce4d9a5b0e194222fde3a9eb2e347a5b2e7a0'),
(27, 'carlaperez46', '6b3b2482a429991b8a960c0dbbd2758d186f9ae0331e2130a5f34c9de312dd5f'),
(28, 'carlaramirez351', 'fe668dd30ac9e72d825b4b0c380f1115ddd2ae8c7e17fd46e445c09c8d52dca6'),
(29, 'carlaramirez745', '06546278aee9c0a0d368143db6b006acf911efd432788282863f1c57b009d2ea'),
(30, 'carlaramirez760', '0d84345d141d2695d39d7838fd1cb5ae65ff06372c9c7f758f476b760485a031'),
(31, 'carlosgomez258', '17f57c2115f21a1c562bd476042c8df433c4337a247777cd1d0ca92a57d67578'),
(32, 'carloslopez379', 'fbc8c53a62ba8a914c46c15a81894798b35ff9bd12ace0f6854e2626254314a7'),
(33, 'carlosmartinez735', '57e78f7eeb7e5f354e548d1a422f223238a00046b5669106c778c498534c5ab9'),
(34, 'claudiacruz704', '49f4130c800dcc4f9412f086f6fec8f8cc27f96fe698c1c695e2a2cdd53bc6c9'),
(35, 'claudiamartinez193', 'db679a1fae60e1bd3491a820b1c5ced6b72336a38084e86a038031cb12340071'),
(36, 'claudiamendoza847', '1db62cea74017c2fe40e162f4c3be3a30481ab8777ec7f8dcb20d8cf0f3b7425'),
(37, 'claudiaperez995', 'bdd8279c04b9b03f0ea2aa5fe0937561a4c8ce77b024fb5fb82da2f9bccc3827'),
(38, 'claudiaramirez257', '988457c7fabfef6f22c34fd206c4ca68cf20944389074c68c6cb3b80e887c216'),
(39, 'claudiaramirez509', 'befb5b65407d028f9a019809c46f225f49ba276bc2c2d63d972ade7c9be003e2'),
(40, 'claudiarojas96', 'd63373fdacdd771cfc24e20be46c0ceb0beb55472c1335c6a141540db71effbd'),
(41, 'claudiasalazar437', '2aaf2cb73832e56d60f9e17b4c4e8b1870c37ba5623f8f9d95f13699fd5c681a'),
(42, 'dianaflores162', '3224bf0f2d9a8e190a517007f190e1bdb126f340b0af9d57ff29f65574014a30'),
(43, 'dianaflores67', '207cfb828f8fc850530a048d750933c490afdc89d229c57712472a9444584bb6'),
(44, 'dianagutierrez498', '20ab54b95bf0389bc258019e279b0da8c9ececf38ea2e0487aa58dd34b810a14'),
(45, 'dianahernandez719', '98c9792385aad2bdb42925b0708fb983e154905ecf69dd25a7e85be8f22aa88b'),
(46, 'dianaperez451', '97d950e406f0e2d36be93d5a554cd5a45896509450c7004bd2c543f8b4ceb6d9'),
(47, 'dianaperez965', '446a15094584328d1d19a6571f1afb26b3deb98b14cd32c0ffce8625edfaf101'),
(48, 'diegomartinez901', 'a886caca4d4954c118f9ba368deccdbb039333d716b0b95bd311e84713d2f185'),
(49, 'diegomartinez981', 'aaa28b31de69660821befe81571dc83653589a770e71e781de8998d83c823079'),
(50, 'diegomorales183', '58c8b7fb9a7daa6d9f4c2187e8681ee564931fa15f9a7053bb5e21fa57acdd39'),
(51, 'diegomorales956', '5c760d75eea195071ea563f2fb919370b3ac1181befe87eecb24873478fa1eb2'),
(52, 'diegorodriguez507', '470fb259183b0a9bd9a1a122173281d320f3819ea9553806adb8092008d63b50'),
(53, 'diegosilva591', '805c9d1f1102dfca7dda551a93de56247018240bcd658e9d16ad30cb85b307df'),
(54, 'diegotorres145', '45b7eed7b3a94ed6b69e5c09e0903934af1fce29ea331a10351ab6c2783335bf'),
(55, 'fernandocastillo268', '38e9777a264afdab51b2eaafc1395adb7d2e5373c6eb13803d977dca5862b4fc'),
(56, 'fernandocruz480', 'bdaa4bcce10c79285fa992464d8b9c1167b82cd5204d5e9232657344dd43a554'),
(57, 'fernandoflores184', 'e368cfe75602aa2a695f7505b98a2e407168e8176e23f09407ef1d072a1ff73c'),
(58, 'fernandorojas548', 'fff28e190489ed1a12a1f52d4324cdc5747906c023e5e4d8e67b6afb4a19a882'),
(59, 'josecastillo570', '3f5b99fa9ba30a9435a7f876905c04149491047d54376d333d2b89cdc0e1f27a'),
(60, 'josehernandez687', 'e7c01c574370b453b7994f5c188070dbd733a87e61d0871fec931c844e2abe03'),
(61, 'josemendoza545', 'ee2ac2e7ab38d3837b496182230378d3873326019e49658020c448b7cb612002'),
(62, 'joserojas891', '04e836d0d8643f8a72162a3e331cd9dff446ce8948cc2cc32922e50c534c271b'),
(63, 'josesalazar944', '2ebc2550892cebecaba304a9e7e7913b9136715922a74d3c96f621a86a078f30'),
(64, 'juancruz418', 'e523665eb349f8bbc5d6b8d8f793b6b5089b3cc164966320bcbae85ee736cbf4'),
(65, 'juangutierrez228', '83b9ba65e7b78ae5b9bb75bac2f933f030e1e9784055596d31c8189a93705521'),
(66, 'juanrojas587', '0491661b641d02736a7fd0b8b354c9d2dd23d882acd7a3270d0e165c6775abf8'),
(67, 'juansanchez50', '4e5b145fe4d6e8dffeb88da8896f4d4ff5bf92fbf5a752b28bf7c9458cdf50f8'),
(68, 'juansilva995', '88f8b60e39e0e938161d28f9268d3b8982f0e708067c69538333513490c5b2d0'),
(69, 'lauracastillo576', '98bcb7e732e9cb265f621048e3a3e739bd16d896aec5431a66ffecc45ce255e7'),
(70, 'lauracruz184', '090a25ef802201ba60dbfc84b26548c6cdf6c40c5dc2b9164b075d7b5ff0b279'),
(71, 'lauralopez444', '29bcb96f89b3b3fcce00a06b920c96b2f8d198901be8304de39e7c2b1aa78183'),
(72, 'laurarodriguez552', '63d6253acbfb8302be47e1e64e37528bccb852351e8c2c294c342b1b22e0b92c'),
(73, 'laurasalazar97', '06364cf64affb873641a85528c1a25b703fbb77c99268549828d794b62ddef81'),
(74, 'laurasilva959', '9414c2485a9f8f0a72243a3ef8a8f9f4463e38396cff00e02e284433fe889b2f'),
(75, 'lauratorres143', '2eb79c03e61ff45b9c4796b2c02552cb1a14e99ddefc0dfcae1f376b5cc15290'),
(76, 'lauratorres789', 'ece3d0146d896fc7666eb33345fab03f1f6819983c0a7b81815831080d6ea4a1'),
(77, 'lauravargas490', '2e7ee84c7a013a82bd8177b1192f8191a64aa77b5ec5dbe86ee243db23077faf'),
(78, 'luiscastillo559', '0482dd1a2ae9b832401ed736d1ab0cd48055047e74d794576eff699a61d58846'),
(79, 'luisflores53', 'f5827eae4a215f7930d85c91ba48d5e208f7ba2176a60d1c47b6c956d1d02310'),
(80, 'luisgomez388', 'b3dcd38f9b4e779e893384a7a986781df1c8c883eae3450cf7c5a3d1e5773c91'),
(81, 'luisnavarro728', '834c30d76e4ab6ab02003141967989c68767391a7b4eebe8e0d2440c70c8ff86'),
(82, 'luisperez152', '3e024122ac7d4bae096b7a975408bc1939cd6d2442099c9d7a254872281f2fb4'),
(83, 'luistorres195', '914cdfc1e1519b865f357c1804a69d13e7e9cb7967110109421c66410f17d7a2'),
(84, 'mariahernandez116', '63d05e9f423ebdf56d95fed32c60856fa57dc98d590337a985f12f2b9128a743'),
(85, 'marialopez579', 'bf9f98ea4455c1130c00e26155d9633b99292f0d60e938a355acf6fa4b537ec6'),
(86, 'mariamartinez205', 'a4d4f01a1d4742754cfb033d4047ff57c199d1064b5ed15439e9e25593b6c307'),
(87, 'marianavarro981', '303e5968169ffe2bef0afec2f167a40b1ed81ff7a2195e5cd1f8d1c3e0142ed3'),
(88, 'mariatorres690', '9aa7846c50652331eb2feeed7882b3202ca33b8553ae52cccf9a251d495a000d'),
(89, 'mariatorres805', '41f73d722138ee311c0d091d44f65653bddc6019f04f4323d93eb42c068a1e82'),
(90, 'miguelgomez175', 'bdb4566c76b2f50b04183172b05e3877987b48748b2bb978fd463033b1ca0d60'),
(91, 'miguelmorales429', '87bef2debb95b15ff23c70310c801fc6fcb15dca4531056757d3e16696696625'),
(92, 'miguelnavarro154', 'f3762ce46a618a0a046cfc78ff0c8057ae3eaf5942b81479b7b2a29e723801db'),
(93, 'miguelsilva229', 'af72c677012314898aea3fdc7e56a0c90ca5fc20617f734ae1ee369fee4628f7'),
(94, 'paolacastillo620', '78a0d1b791d5e5b19950ed023a0be92f10daf456f62e88260bfd92149e212bce'),
(95, 'ricardocastillo237', '9d5d06cde63a31c39b960cbcda1490d1e13f873d851e2bb64ccb12a7ba410278'),
(96, 'ricardohernandez111', '9c4ba648b356dc7a89e93b779494641e1735f7b44f1f83f9360feda882d896a5'),
(97, 'ricardoramirez34', '6d7392ccef82f705a5400ef53f7d1f880487267f8c7f5949ad64747b936f1ff7'),
(98, 'veronicacastillo533', '8048c90848da3f7f02e887b24e065216097870767630fc07126b0a8e9f73f7cf'),
(99, 'veronicaramirez259', '6539ec527a6e6523ba326f969d41afe4cfa185ea886a602ce512ba26507e0bdf'),
(100, 'veronicasilva13', 'ec2db293b5a901fa81df1d3ffee816dc510a3f116c907ff213c004d5e1c595b3');

/*
******************
*    ESTADOS     *
******************
*/
INSERT INTO estados (clave_estado, nombre) VALUES
('01', 'Aguascalientes'),
('02', 'Baja California'),
('03', 'Baja California Sur'),
('04', 'Campeche'),
('05', 'Coahuila'),
('06', 'Colima'),
('07', 'Chiapas'),
('08', 'Chihuahua'),
('09', 'Ciudad de Mexico'),
('10', 'Durango'),
('11', 'Guanajuato'),
('12', 'Guerrero'),
('13', 'Hidalgo'),
('14', 'Jalisco'),
('15', 'Estado de México'),
('16', 'Michoacán'),
('17', 'Morelos'),
('18', 'Nayarit'),
('19', 'Nuevo León'),
('20', 'Oaxaca'),
('21', 'Puebla'),
('22', 'Querétaro'),
('23', 'Quintana Roo'),
('24', 'San Luis Potosí'),
('25', 'Sinaloa'),
('26', 'Sonora'),
('27', 'Tabasco'),
('28', 'Tamaulipas'),
('29', 'Tlaxcala'),
('30', 'Veracruz'),
('31', 'Yucatán'),
('32', 'Zacatecas');

/*
*******************
*   DESARROLLOS   *
*******************
*/
INSERT INTO desarrollos (nombre, tipo, fecha_inicio, fecha_conclusion) VALUES
('Zona Industrial del Valle', 'Industrial', '2020-12-04', '2023-09-28'),
('Plaza Las Fuentes', 'Comercial', '2020-01-11', NULL),
('Edificio Castillo del Sol', 'Residencial', '2019-10-14', NULL),
('Torre Corporativa Pedregal', 'Corporativo', '2022-05-11', '2023-09-14'),
('Parque Logístico del Valle', 'Industrial', '2018-05-29', NULL),
('Plaza Pedregal', 'Comercial', '2019-02-24', NULL),
('Centro del Valle', 'Industrial', '2018-11-08', NULL),
('Plaza Poniente', 'Comercial', '2022-03-16', '2023-06-10'),
('Zona Industrial Norte', 'Industrial', '2022-02-07', '2023-07-07'),
('Puerta Andrómeda', 'Residencial', '2020-10-11', '2024-04-23'),
('Altavista Quorum', 'Corporativo', '2018-08-06', '2025-01-21'),
('Torre Bernal', 'Corporativo', '2023-12-26', NULL),
('Centro Pedregal', 'Comercial', '2020-09-01', NULL),
('Puerta Norte II', 'Residencial', '2018-01-12', NULL),
('Zona Norte', 'Industrial', '2023-11-19', '2025-02-03'),
('Parque Pedregal', 'Comercial', '2019-06-03', NULL),
('Parque Eco Industrial', 'Industrial', '2023-12-29', NULL),
('Torre Omega', 'Corporativo', '2019-08-01', NULL),
('Parque Quorum', 'Comercial', '2018-12-04', NULL),
('Residencial Lux', 'Residencial', '2020-05-03', NULL),
('Edificio Las Fuentes', 'Residencial', '2020-12-25', NULL),
('Torre Corporativa Magdalena', 'Corporativo', '2023-12-28', NULL),
('Torre Corporativa Alto Mundo', 'Corporativo', '2020-09-25', NULL),
('Edificio Quorum', 'Residencial', '2023-05-12', NULL),
('Zona Industrial Express', 'Industrial', '2023-02-01', NULL),
('Centro del Sol', 'Corporativo', '2019-10-26', '2021-04-23'),
('Zona Industrial Sal de Mar', 'Industrial', '2019-09-23', NULL),
('Plaza Viveros', 'Comercial', '2020-02-24', NULL),
('Edificio Armas', 'Residencial', '2019-10-15', NULL),
('Torre Corporativa Las Fuentes', 'Corporativo', '2022-05-10', NULL),
('Torre Corporativa Quorum', 'Corporativo', '2022-08-21', NULL),
('Plaza Lux', 'Comercial', '2018-08-18', NULL),
('Residencial Limbo', 'Residencial', '2019-10-17', NULL),
('Parque Logístico Luna Azul', 'Industrial', '2019-10-03', '2023-11-20'),
('Parque Logístico Lux', 'Industrial', '2019-05-02', NULL),
('Parque Eco del Valle', 'Comercial', '2019-03-13', '2022-06-18'),
('Centro Poniente', 'Corporativo', '2020-11-01', NULL),
('Distrito Oriente', 'Comercial', '2023-08-31', NULL),
('Centro Industrial', 'Industrial', '2018-05-07', NULL),
('Plaza Tres Leches', 'Comercial', '2022-03-03', NULL),
('Plaza del Sol', 'Comercial', '2023-06-06', NULL),
('Torre Jardines Las Fuentes', 'Corporativo', '2020-05-24', NULL),
('Zona del Sol', 'Comercial', '2020-03-04', '2023-09-02'),
('Altos Las Fuentes', 'Comercial', '2023-05-28', NULL),
('Jardines Quorum', 'Comercial', '2022-12-18', '2025-07-10'),
('Puerta del Valle', 'Residencial', '2020-08-24', NULL),
('Torre Cafetales', 'Corporativo', '2018-02-20', '2020-02-13'),
('Zona Industrial Coltongo', 'Industrial', '2021-10-09', NULL),
('Residencial Norte', 'Residencial', '2023-08-15', NULL),
('Plaza Sur', 'Comercial', '2018-03-26', NULL),
('Zona Vía Magna', 'Industrial', '2018-03-08', NULL),
('Parque Las Palmas', 'Comercial', '2021-05-07', NULL),
('Torre Andrómeda', 'Comercial', '2021-10-23', '2023-08-02'),
('Zona Guevara', 'Industrial', '2021-08-14', NULL),
('Plaza Oriente', 'Comercial', '2020-02-15', NULL),
('Zona Industrial Las Fuentes', 'Industrial', '2023-03-06', NULL),
('Parque Logístico Norte', 'Industrial', '2023-05-20', NULL),
('Plaza Norte II', 'Comercial', '2020-06-18', '2022-10-12'),
('Altos Oriente', 'Comercial', '2021-10-06', NULL),
('Distrito Las Americas', 'Industrial', '2019-09-17', NULL),
('Altos Omega', 'Corporativo', '2018-01-12', NULL),
('Parque Logístico Pedregal', 'Industrial', '2021-02-11', NULL),
('Torre Corporativa La Cima', 'Corporativo', '2019-06-18', NULL),
('Centro Vía Magna', 'Comercial', '2022-03-13', NULL),
('Altavista Sur', 'Comercial', '2020-08-19', NULL),
('Torre Corporativa San Lazaro', 'Corporativo', '2022-01-22', '2025-02-25'),
('Edificio Somalia', 'Residencial', '2020-04-28', NULL),
('Centro de Negocios del Sol', 'Corporativo', '2020-04-05', '2024-12-03'),
('Puerta Las Fuentes', 'Residencial', '2022-01-09', NULL),
('Edificio La Cima', 'Residencial', '2023-03-23', '2024-02-08'),
('Torre Las Palmas', 'Corporativo', '2019-06-02', '2023-03-28'),
('Zona Industrial Poniente', 'Industrial', '2018-03-18', '2020-11-22'),
('Torre La Cima', 'Corporativo', '2023-10-13', NULL),
('Edificio Norte 78', 'Residencial', '2018-12-15', NULL),
('Jardines Lux', 'Comercial', '2018-01-20', NULL),
('Puerta Omega', 'Residencial', '2023-06-05', NULL),
('Altos Sur', 'Corporativo', '2019-03-20', '2021-12-24'),
('Altos Monteverde', 'Corporativo', '2018-03-22', '2019-12-17'),
('Residencial Andrómeda', 'Residencial', '2023-10-11', '2026-07-26'),
('Torre Express', 'Residencial', '2023-09-19', '2024-11-26'),
('Altavista La Cima', 'Corporativo', '2020-03-15', NULL),
('Centro Express', 'Corporativo', '2019-10-14', NULL),
('Residencial Las Palmas', 'Residencial', '2020-04-24', '2021-03-09'),
('Edificio Colorines Sur', 'Residencial', '2018-03-27', NULL),
('Residencial Oriente', 'Residencial', '2018-11-19', '2021-08-25'),
('Distrito Las Palmas', 'Comercial', '2022-05-04', '2025-01-20'),
('Zona Poniente', 'Industrial', '2018-02-15', NULL),
('Zona Cavernas', 'Industrial', '2023-05-27', '2025-05-24'),
('Torre Corporativa Norte', 'Corporativo', '2022-07-20', '2025-02-05'),
('Zona Industrial La Cima', 'Industrial', '2023-09-15', NULL),
('Plaza Vía Magna', 'Comercial', '2018-05-05', NULL),
('Torre Quorum', 'Corporativo', '2020-11-15', NULL),
('Edificio Norte', 'Residencial', '2022-11-08', NULL),
('Distrito Express', 'Residencial', '2021-07-27', NULL),
('Distrito del Valle', 'Corporativo', '2020-07-30', NULL),
('Zona Industrial Poniente 146', 'Industrial', '2023-06-05', NULL),
('Plaza Quorum', 'Comercial', '2023-05-19', '2025-01-20'),
('Altos Lux', 'Corporativo', '2019-08-13', NULL),
('Centro de Negocios Pedregal', 'Corporativo', '2022-03-09', NULL),
('Edificio Monteverde', 'Residencial', '2021-12-09', NULL);

/*
*******************
*     AGENTES     *
*******************
*/
INSERT INTO agentes (nombre, apellido_paterno, apellido_materno, fecha_nacimiento, correo, telefono, sexo) VALUES
('Judith', 'Peres', 'Arevalo', '1976-11-26', 'judith.peres0@example.com', '5575938242', 'M'),
('Óscar', 'Zarate', 'Contreras', '1980-05-22', 'óscar.zarate1@example.com', '5578156593', 'H'),
('Nicolás', 'Hurtado', 'Bañuelos', '1996-08-15', 'nicolás.hurtado2@example.com', '5509753513', 'H'),
('Claudia', 'Tórrez', 'Ramos', '1965-06-29', 'claudia.tórrez3@example.com', '5571484185', 'M'),
('Pascual', 'Villagómez', 'Loera', '1989-07-26', 'pascual.villagómez4@example.com', '5559342320', 'H'),
('Ángela', 'Burgos', 'Cedillo', '1969-06-18', 'ángela.burgos5@example.com', '5568483396', 'M'),
('Miguel', 'Munguía', 'Borrego', '1981-05-10', 'miguel.munguía6@example.com', '5553304135', 'H'),
('AnUel', 'Campos', 'Concepción', '1974-03-04', 'anel.campos7@example.com', '5591013991', 'H'),
('Camilo', 'Arce', 'Zelaya', '1960-10-03', 'camilo.arce8@example.com', '5573008691', 'H'),
('Angélica', 'Madera', 'Montez', '1988-12-16', 'angélica.madera9@example.com', '5570916345', 'M'),
('Zacarías', 'Figueroa', 'Baeza', '1970-01-19', 'zacarías.figueroa10@example.com', '5541972076', 'H'),
('Violeta', 'Munguía', 'Oquendo', '1976-05-11', 'violeta.munguía11@example.com', '5571508423', 'M'),
('Graciela', 'Muñoz', 'Villanueva', '2002-05-30', 'graciela.muñoz12@example.com', '5561093523', 'M'),
('Zacarías', 'Vanegas', 'Pedroza', '1961-06-07', 'zacarías.vanegas13@example.com', '5502714278', 'H'),
('Abel', 'Arellano', 'Saldaña', '1981-06-19', 'abel.arellano14@example.com', '5563812066', 'H'),
('Adela', 'Acevedo', 'Tafoya', '2000-12-07', 'adela.acevedo15@example.com', '5593442176', 'M'),
('María Cristina', 'Carrillo', 'Hidalgo', '1968-05-13', 'maría cristina.carrillo16@example.com', '5540003485', 'M'),
('Sandra', 'Saldaña', 'Reynoso', '2002-11-05', 'sandra.saldaña17@example.com', '5523694022', 'M'),
('José Carlos', 'Cabán', 'Mireles', '2001-07-06', 'josé carlos.cabán18@example.com', '5522945682', 'H'),
('Evelio', 'Arriaga', 'Manzanares', '1971-07-04', 'evelio.arriaga19@example.com', '5554611877', 'H'),
('Mauro', 'Carrillo', 'Salinas', '1988-04-23', 'mauro.carrillo20@example.com', '5522961113', 'H'),
('Abril', 'Calvillo', 'Orta', '1997-02-25', 'abril.calvillo21@example.com', '5593615349', 'M'),
('Jorge', 'Carrero', 'Barela', '1961-03-01', 'jorge.carrero22@example.com', '5576430392', 'H'),
('José María', 'Nájera', 'Treviño', '1969-08-01', 'josé maría.nájera23@example.com', '5529668757', 'H'),
('Santiago', 'Gaona', 'Aguirre', '1982-06-09', 'santiago.gaona24@example.com', '5582492694', 'H'),
('Noemí', 'Arenas', 'Barraza', '1974-08-08', 'noemí.arenas25@example.com', '5507522758', 'M'),
('Aldo', 'Vela', 'Bustamante', '1994-07-14', 'aldo.vela26@example.com', '5548967699', 'H'),
('Dulce', 'Madrid', 'Sarabia', '1998-02-03', 'dulce.madrid27@example.com', '5574466602', 'M'),
('Israel', 'Baca', 'Aranda', '1992-01-15', 'israel.baca28@example.com', '5591256097', 'H'),
('Benito', 'Rodríguez', 'Coronado', '1960-08-29', 'benito.rodríguez29@example.com', '5525185367', 'H'),
('Mayte', 'Miranda', 'Castellanos', '2001-08-12', 'mayte.miranda30@example.com', '5541830675', 'M'),
('Susana', 'Benítez', 'Armendáriz', '1962-01-02', 'susana.benítez31@example.com', '5589933188', 'M'),
('Camila', 'Concepción', 'Polanco', '1997-10-20', 'camila.concepción32@example.com', '5561162076', 'M'),
('Irma', 'Hernádez', 'Berríos', '1983-04-10', 'irma.hernádez33@example.com', '5505520351', 'M'),
('Abelardo', 'Flores', 'Castañeda', '1959-10-10', 'abelardo.flores34@example.com', '5593227175', 'H'),
('Emilio', 'Nájera', 'Meza', '1991-07-01', 'emilio.nájera35@example.com', '5552911894', 'H'),
('Carmen', 'Garica', 'Mata', '1993-11-16', 'carmen.garica36@example.com', '5545602906', 'M'),
('Lucía', 'Luna', 'Urbina', '1987-08-24', 'lucía.luna37@example.com', '5545137580', 'M'),
('Lorena', 'Mayorga', 'Quintana', '1973-03-02', 'lorena.mayorga38@example.com', '5512141892', 'M'),
('Lucía', 'Preciado', 'Delgado', '1976-02-28', 'lucía.preciado39@example.com', '5525717340', 'M'),
('Abraham', 'Gamez', 'Lugo', '1967-01-27', 'abraham.gamez40@example.com', '5526717386', 'H'),
('Genaro', 'Arevalo', 'Abrego', '1976-09-29', 'genaro.arevalo41@example.com', '5567145439', 'H'),
('Frida', 'Magaña', 'Tejeda', '1982-06-01', 'frida.magaña42@example.com', '5521644829', 'M'),
('Bernardo', 'Partida', 'Tórrez', '1986-09-26', 'bernardo.partida43@example.com', '5559221166', 'H'),
('Rafael', 'Luna', 'Moreno', '2002-04-20', 'rafaél.luna44@example.com', '5577857074', 'H'),
('Silvia', 'Galván', 'Alvarez', '1983-06-21', 'silvia.galván45@example.com', '5581160501', 'M'),
('Timoteo', 'Loya', 'Gaytán', '1968-11-09', 'timoteo.loya46@example.com', '5567562566', 'H'),
('Ofelia', 'Mata', 'Ceballos', '1973-07-01', 'ofelia.mata47@example.com', '5566763373', 'M'),
('Aldo', 'González', 'Bravo', '1971-12-29', 'aldo.gonzález48@example.com', '5539491845', 'H'),
('Susana', 'Sevilla', 'Trujillo', '1988-08-02', 'susana.sevilla49@example.com', '5573540002', 'M'),
('Vanesa', 'Aguilar', 'Cintrón', '1963-08-15', 'vanesa.aguilar50@example.com', '5568373591', 'M'),
('Irene', 'Tello', 'Reséndez', '1981-05-30', 'irene.tello51@example.com', '5503513853', 'M'),
('Hugo', 'Sierra', 'Olivo', '1976-08-12', 'hugo.sierra52@example.com', '5504810777', 'H'),
('María Luisa', 'Quiñónez', 'Carvajal', '1965-02-09', 'maría luisa.quiñónez53@example.com', '5526379168', 'M'),
('Felix', 'Saiz', 'Garay', '1968-01-01', 'felix.saiz54@example.com', '5561849834', 'H'),
('María Teresa', 'Terán', 'Ibarra', '1977-10-31', 'maría teresa.terán55@example.com', '5591263340', 'M'),
('Amador', 'Casas', 'Olivo', '2003-03-11', 'amador.casas56@example.com', '5553843318', 'H'),
('José Luis', 'Rosado', 'Llamas', '1998-11-23', 'josé luis.rosado57@example.com', '5588559026', 'H'),
('Araceli', 'Cervántez', 'Fonseca', '1993-02-01', 'araceli.cervántez58@example.com', '5536599271', 'M'),
('Rubén', 'Muñoz', 'Sáenz', '1990-04-16', 'rubén.muñoz59@example.com', '5582778514', 'H'),
('Elias', 'Mateo', 'Lovato', '1985-06-03', 'elias.mateo60@example.com', '5553573452', 'H'),
('Renato', 'Tirado', 'Baeza', '2002-03-09', 'renato.tirado61@example.com', '5570030035', 'H'),
('Wilfrido', 'Pichardo', 'Chacón', '1974-01-07', 'wilfrido.pichardo62@example.com', '5554256606', 'H'),
('María Teresa', 'Arguello', 'Vallejo', '1967-08-18', 'maría teresa.arguello63@example.com', '5508298215', 'M'),
('Agustín', 'de la Garza', 'Valentín', '1970-09-27', 'agustín.de la garza64@example.com', '5519729904', 'H'),
('Socorro', 'Arce', 'Salgado', '1965-05-20', 'socorro.arce65@example.com', '5573852654', 'M'),
('Hugo', 'Tamez', 'Lomeli', '1996-09-28', 'hugo.tamez66@example.com', '5598407616', 'H'),
('Alejandra', 'Laboy', 'Aragón', '1976-07-25', 'alejandra.laboy67@example.com', '5585643195', 'M'),
('Jesús', 'Curiel', 'Corral', '1981-10-14', 'jesús.curiel68@example.com', '5592554457', 'H'),
('David', 'Abreu', 'Cisneros', '1997-12-23', 'david.abreu69@example.com', '5550749318', 'H'),
('Olga', 'de la O', 'Barajas', '2002-10-18', 'olga.de la o70@example.com', '5588966444', 'M'),
('Francisco Javier', 'Terrazas', 'Soto', '1997-01-08', 'francisco javier.terrazas71@example.com', '5562082965', 'H'),
('Lilia', 'Gil', 'Alemán', '1983-12-08', 'lilia.gil72@example.com', '5570393426', 'M'),
('Eva', 'Rascón', 'Saucedo', '1966-02-12', 'eva.rascón73@example.com', '5516644659', 'M'),
('Alta  Gracia', 'Salcedo', 'Alba', '1976-05-02', 'alta  gracia.salcedo74@example.com', '5566097592', 'M'),
('Alberto', 'Otero', 'Rojo', '1994-10-14', 'alberto.otero75@example.com', '5595501318', 'H'),
('Alberto', 'Mascareñas', 'Orozco', '1967-10-23', 'alberto.mascareñas76@example.com', '5592648022', 'H'),
('Nicolás', 'Armas', 'Vaca', '2002-03-29', 'nicolás.armas77@example.com', '5591182434', 'H'),
('Noemí', 'Reyes', 'Correa', '1989-10-29', 'noemí.reyes78@example.com', '5528051379', 'M'),
('Cristobal', 'Merino', 'Cervántez', '1991-09-17', 'cristobal.merino79@example.com', '5585011695', 'H'),
('José María', 'Sepúlveda', 'Nájera', '2002-08-08', 'josé maría.sepúlveda80@example.com', '5502205930', 'H'),
('Julio', 'Ávila', 'Zapata', '1970-09-23', 'julio.ávila81@example.com', '5507599449', 'H'),
('Alta  Gracia', 'Rendón', 'Jaime', '1972-03-31', 'alta  gracia.rendón82@example.com', '5511050269', 'M'),
('Perla', 'Saldivar', 'Rolón', '1964-10-04', 'perla.saldivar83@example.com', '5540811551', 'M'),
('Noemí', 'Llamas', 'Arce', '1959-05-03', 'noemí.llamas84@example.com', '5582222395', 'M'),
('Alvaro', 'Gastélum', 'Guajardo', '2002-07-17', 'alvaro.gastélum85@example.com', '5535326759', 'H'),
('Adán', 'Curiel', 'Vergara', '1959-09-02', 'adán.curiel86@example.com', '5500580001', 'H'),
('Cristian', 'Ojeda', 'Amador', '1987-10-12', 'cristian.ojeda87@example.com', '5532583861', 'M'),
('Victoria', 'Montoya', 'Caldera', '1988-08-26', 'victoria.montoya88@example.com', '5563637691', 'H'),
('José Emilio', 'Torres', 'Alonzo', '2000-05-22', 'josé emilio.torres89@example.com', '5509561802', 'M'),
('Laura', 'Prieto', 'Cantú', '1990-08-20', 'laura.prieto90@example.com', '5557629481', 'M'),
('Soledad', 'Muñiz', 'Rojas', '2002-03-05', 'soledad.muñiz91@example.com', '5529546048', 'M'),
('Gabriel', 'Olvera', 'Fuentes', '1985-04-26', 'gabriel.olvera92@example.com', '5573110709', 'H'),
('Raúl', 'Ramírez', 'Gallegos', '1994-06-22', 'raúl.ramírez93@example.com', '5572680301', 'M'),
('María del Carmen', 'Mendez', 'Ortiz', '1990-02-23', 'maría del carmen.mendez94@example.com', '5533665517', 'M'),
('Margarita', 'Reynoso', 'Flores', '1984-05-15', 'margarita.reynoso95@example.com', '5513246760', 'M'),
('Víctor', 'Vargas', 'López', '1991-01-30', 'víctor.vargas96@example.com', '5542097331', 'H'),
('Carmen', 'Pérez', 'González', '1980-11-10', 'carmen.pérez97@example.com', '5545789201', 'M'),
('Fernando', 'Silva', 'Aguirre', '1995-06-22', 'fernando.silva98@example.com', '5565772119', 'H'),
('Ana', 'López', 'Ríos', '1987-09-08', 'ana.lópez99@example.com', '5572937684', 'M');

/*
*******************
*    CLIENTES     *
*******************
*/
INSERT INTO clientes (nombre, apellido_paterno, apellido_materno, fecha_nacimiento, correo, telefono, sexo) VALUES
('Bruno', 'Escamilla', 'Rosario', '1964-04-22', 'bruno.escamilla00@example.com', '5541588100', 'H'),
('Carlos', 'Pantoja', 'Olmos', '1997-08-16', 'carlos.pantoja01@example.com', '5521693036', 'H'),
('Leonor', 'Centeno', 'Valencia', '1994-01-15', 'leonor.centeno02@example.com', '5580782823', 'M'),
('Reynaldo', 'Rodarte', 'Loera', '1962-07-07', 'reynaldo.rodarte03@example.com', '5500810422', 'H'),
('Isabela', 'Aguayo', 'Mejía', '2001-04-13', 'isabela.aguayo04@example.com', '5511534757', 'M'),
('Arturo', 'Blanco', 'Mata', '1974-02-22', 'arturo.blanco05@example.com', '5578681326', 'H'),
('Angélica', 'Collazo', 'Cortés', '1946-08-19', 'angélica.collazo06@example.com', '5518494576', 'M'),
('Martha', 'Sepúlveda', 'Montaño', '1960-02-04', 'martha.sepúlveda07@example.com', '5558039171', 'M'),
('Federico', 'Trejo', 'Alva', '1979-08-01', 'federico.trejo08@example.com', '5550525477', 'H'),
('Vanesa', 'Romero', 'Montañez', '1990-10-17', 'vanesa.romero09@example.com', '5582649730', 'M'),
('Yuridia', 'Delgadillo', 'Quintanilla', '1965-09-27', 'yuridia.delgadillo10@example.com', '5528663564', 'M'),
('Fabiola', 'Terán', 'Villagómez', '2003-03-18', 'fabiola.terán11@example.com', '5595925324', 'M'),
('Rubén', 'Carrero', 'Ramón', '1976-12-09', 'rubén.carrero12@example.com', '5559318734', 'H'),
('Eloy', 'Moreno', 'Palomo', '1965-09-29', 'eloy.moreno13@example.com', '5539287148', 'H'),
('Humberto', 'Olmos', 'Ayala', '2003-01-15', 'humberto.olmos14@example.com', '5524987486', 'H'),
('Zoé', 'Burgos', 'Blanco', '1998-01-26', 'zoé.burgos15@example.com', '5598591930', 'M'),
('Aurora', 'Villalobos', 'Ornelas', '1992-08-02', 'aurora.villalobos16@example.com', '5583442293', 'M'),
('Francisco Javier', 'Saldivar', 'Madrigal', '1954-03-04', 'francisco javier.saldivar17@example.com', '5526239058', 'H'),
('Ariadna', 'Leiva', 'Zamudio', '1994-05-28', 'ariadna.leiva18@example.com', '5539062278', 'M'),
('Estefanía', 'Delgado', 'Reyes', '1965-10-31', 'estefanía.delgado19@example.com', '5531574589', 'M'),
('Pedro', 'Orosco', 'Barraza', '1956-03-17', 'pedro.orosco20@example.com', '5518272648', 'H'),
('Gabino', 'Quintana', 'Mena', '1969-11-19', 'gabino.quintana21@example.com', '5568289204', 'H'),
('René', 'Pelayo', 'Gaitán', '1976-03-07', 'rené.pelayo22@example.com', '5518618720', 'H'),
('Barbara', 'Zamora', 'Ochoa', '1971-12-13', 'barbara.zamora23@example.com', '5583371318', 'M'),
('Paulina', 'Velázquez', 'Solís', '1987-10-10', 'paulina.velázquez24@example.com', '5547905530', 'M'),
('Norma', 'Galindo', 'Aguilar', '1954-01-15', 'norma.galindo25@example.com', '5519446541', 'M'),
('José Eduardo', 'Bueno', 'Godínez', '2002-11-22', 'josé eduardo.bueno26@example.com', '5507428521', 'H'),
('Antonio', 'Murillo', 'Espinosa', '1957-11-29', 'antonio.murillo27@example.com', '5566027142', 'H'),
('Minerva', 'Montez', 'Cortés', '1984-02-15', 'minerva.montez28@example.com', '5543122786', 'M'),
('Mariano', 'Vega', 'Briones', '1990-09-23', 'mariano.vega29@example.com', '5573800917', 'H'),
('Ramiro', 'Ocampo', 'Curiel', '1960-06-15', 'ramiro.ocampo30@example.com', '5527303292', 'H'),
('Diana', 'Barreto', 'Caraballo', '1963-04-21', 'diana.barreto31@example.com', '5579496012', 'M'),
('Isabela', 'Hernández', 'Pantoja', '1970-11-10', 'isabela.hernández32@example.com', '5531923837', 'M'),
('Lucía', 'Véliz', 'Solano', '1981-07-23', 'lucía.véliz33@example.com', '5586341743', 'M'),
('José Carlos', 'Colunga', 'Rascón', '1946-01-27', 'josé carlos.colunga34@example.com', '5548967998', 'H'),
('Gabriela', 'Carbajal', 'Olmos', '1992-06-18', 'gabriela.carbajal35@example.com', '5574862974', 'M'),
('Ivonne', 'Ibarra', 'Cardona', '1989-01-12', 'ivonne.ibarra36@example.com', '5559356213', 'M'),
('Débora', 'Moreno', 'Ponce', '2002-01-24', 'débora.moreno37@example.com', '5591187210', 'M'),
('Eva', 'Orozco', 'Caldera', '1972-12-29', 'eva.orozco38@example.com', '5524481850', 'M'),
('Ivonne', 'Miranda', 'Regalado', '2001-12-01', 'ivonne.miranda39@example.com', '5597482760', 'M'),
('Isaac', 'Franco', 'Marrero', '1981-05-11', 'isaac.franco40@example.com', '5511894031', 'H'),
('Daniel', 'Rivero', 'Holguín', '2005-10-26', 'daniel.rivero41@example.com', '5508601141', 'H'),
('Juan Carlos', 'Godínez', 'Rivas', '1988-03-09', 'juan carlos.godínez42@example.com', '5509693458', 'H'),
('Flavio', 'Montañez', 'Laboy', '1997-01-19', 'flavio.montañez43@example.com', '5575057943', 'H'),
('Noemí', 'Echeverría', 'Fajardo', '1999-11-04', 'noemí.echeverría44@example.com', '5582076775', 'M'),
('Emilia', 'Barreto', 'Salas', '1953-03-28', 'emilia.barreto45@example.com', '5569431608', 'M'),
('Elvia', 'Lucero', 'Peralta', '1974-10-31', 'elvia.lucero46@example.com', '5515666347', 'M'),
('Soledad', 'Puga', 'Lomeli', '1990-02-09', 'soledad.puga47@example.com', '5566994785', 'M'),
('Verónica', 'de la Rosa', 'Montemayor', '1946-10-28', 'verónica.de la rosa48@example.com', '5541353609', 'M'),
('Miriam', 'Barrientos', 'Camacho', '1956-05-05', 'miriam.barrientos49@example.com', '5508662467', 'M'),
('Cristobal', 'Roque', 'Cotto', '2005-03-29', 'cristobal.roque50@example.com', '5544460945', 'H'),
('Uriel', 'Lozada', 'Garay', '1975-03-27', 'uriel.lozada51@example.com', '5561600150', 'H'),
('Abel', 'Apodaca', 'Armas', '1954-11-22', 'abel.apodaca52@example.com', '5592082111', 'H'),
('Benito', 'Ruiz', 'Prieto', '1949-10-01', 'benito.ruiz53@example.com', '5582812568', 'H'),
('Aldo', 'Uribe', 'Guzmán', '1950-09-13', 'aldo.uribe54@example.com', '5558986439', 'H'),
('Leticia', 'Nava', 'Limón', '1968-04-20', 'leticia.nava55@example.com', '5502432217', 'M'),
('Francisca', 'Chávez', 'Arevalo', '1956-01-02', 'francisca.chávez56@example.com', '5518724531', 'M'),
('Leonor', 'Candelaria', 'Laureano', '1997-01-02', 'leonor.candelaria57@example.com', '5505360684', 'M'),
('Gabriel', 'Bétancourt', 'Mesa', '1988-06-02', 'gabriel.bétancourt58@example.com', '5532458127', 'H'),
('Rosalia', 'Benavides', 'Pantoja', '1963-09-10', 'rosalia.benavides59@example.com', '5509252639', 'M'),
('Trinidad', 'Tórrez', 'Espinal', '1975-03-05', 'trinidad.tórrez60@example.com', '5555510652', 'M'),
('Ruby', 'Alejandro', 'Escobedo', '1986-02-10', 'ruby.alejandro61@example.com', '5522667341', 'M'),
('Hermelinda', 'Escalante', 'Camacho', '1954-10-13', 'hermelinda.escalante62@example.com', '5548658677', 'M'),
('Ignacio', 'Hinojosa', 'Hernádez', '1993-05-25', 'ignacio.hinojosa63@example.com', '5580788364', 'H'),
('Linda', 'Vaca', 'Briones', '1998-08-12', 'linda.vaca64@example.com', '5576858787', 'M'),
('Dulce María', 'Villagómez', 'Alvarado', '1985-08-09', 'dulce maría.villagómez65@example.com', '5561312972', 'M'),
('Cristal', 'Sáenz', 'Hernádez', '1977-09-19', 'cristal.sáenz66@example.com', '5505846891', 'M'),
('Clara', 'Colunga', 'Barela', '1967-06-03', 'clara.colunga67@example.com', '5577198027', 'M'),
('Francisco Javier', 'Blanco', 'Madrid', '1968-07-25', 'francisco javier.blanco68@example.com', '5505119144', 'H'),
('Abraham', 'Roldán', 'Palacios', '1971-10-27', 'abraham.roldán69@example.com', '5547676263', 'H'),
('Angélica', 'Chapa', 'Rivero', '1966-03-10', 'angélica.chapa70@example.com', '5553272537', 'M'),
('Rodrigo', 'Zedillo', 'Rael', '1993-11-27', 'rodrigo.zedillo71@example.com', '5552451165', 'H'),
('Abel', 'Esparza', 'Madrid', '1987-10-19', 'abel.esparza72@example.com', '5527318410', 'H'),
('Marisol', 'Rubio', 'Cisneros', '1992-05-22', 'marisol.rubio73@example.com', '5521691419', 'M'),
('Hermelinda', 'Padrón', 'de León', '1980-06-04', 'hermelinda.padrón74@example.com', '5526422138', 'M'),
('Isabel', 'Sevilla', 'Pineda', '1998-07-11', 'isabel.sevilla75@example.com', '5525273312', 'M'),
('Jorge Luis', 'Garza', 'Casárez', '1966-03-23', 'jorge luis.garza76@example.com', '5598575978', 'H'),
('Silvia', 'Dueñas', 'Jurado', '1957-08-09', 'silvia.dueñas77@example.com', '5521078889', 'M'),
('Lourdes', 'Matías', 'Zúñiga', '1998-06-16', 'lourdes.matías78@example.com', '5572807201', 'M'),
('Blanca', 'Baca', 'Mayorga', '2006-01-13', 'blanca.baca79@example.com', '5503256895', 'M'),
('Alfredo', 'Ybarra', 'Garica', '1983-01-02', 'alfredo.ybarra80@example.com', '5562319254', 'H'),
('Ofelia', 'Pedraza', 'Salas', '1966-09-21', 'ofelia.pedraza81@example.com', '5578565640', 'M'),
('Karina', 'Porras', 'Ceballos', '2006-11-07', 'karina.porras82@example.com', '5529314882', 'M'),
('Carlos', 'Rosales', 'Guzmán', '1973-10-27', 'carlos.rosales83@example.com', '5580119229', 'H'),
('Benito', 'Caldera', 'Ocampo', '1977-07-07', 'benito.caldera84@example.com', '5583939979', 'H'),
('Lourdes', 'Cadena', 'Esparza', '1993-02-04', 'lourdes.cadena85@example.com', '5545275811', 'M'),
('Elena', 'Montalvo', 'Puga', '2004-06-26', 'elena.montalvo86@example.com', '5591517974', 'M'),
('Jaime', 'Meraz', 'de la O', '1950-05-25', 'jaime.meraz87@example.com', '5592289571', 'H'),
('Gloria', 'Anaya', 'Palacios', '2002-09-20', 'gloria.anaya88@example.com', '5524549277', 'M'),
('Cristal', 'Pedroza', 'Amador', '1964-08-12', 'cristal.pedroza89@example.com', '5516878265', 'M'),
('Rosa', 'de la Garza', 'Borrego', '1950-08-11', 'rosa.de la garza90@example.com', '5573065459', 'M'),
('Alfonso', 'Marrero', 'Ramírez', '1973-10-14', 'alfonso.marrero91@example.com', '5589653954', 'H'),
('Elvira', 'Casanova', 'Mora', '1994-05-16', 'elvira.casanova92@example.com', '5549260126', 'M'),
('Zoé', 'Vargas', 'Haro', '1980-09-27', 'zoé.vargas93@example.com', '5578912299', 'M'),
('Francisca', 'Gallardo', 'Terán', '1948-06-06', 'francisca.gallardo94@example.com', '5509327384', 'M'),
('Conchita', 'Nieves', 'Trejo', '1999-04-02', 'conchita.nieves95@example.com', '5548394096', 'M'),
('Gilberto', 'Montemayor', 'Camarillo', '1964-09-23', 'gilberto.montemayor96@example.com', '5509606369', 'M'),
('Delia', 'Vega', 'Rentería', '1980-11-22', 'delia.vega97@example.com', '5512669238', 'M'),
('Laura', 'Palomino', 'Leyva', '1955-12-08', 'laura.palomino98@example.com', '5568385930', 'M'),
('Sonia', 'Arreola', 'Feliciano', '1967-04-23', 'sonia.arreola99@example.com', '5533031455', 'M');

/*
*******************
*   MUNICIPIOS    *
*******************
*/
INSERT INTO municipios (clave_municipio,nombre,clave_estado) VALUES 
('01001','Aguascalientes','01'),
('01002','Asientos','01'),
('01003','Calvillo','01'),
('01004','Cosío','01'),
('01005','Jesús María','01'),
('01006','Pabellón de Arteaga','01'),
('01007','Rincón de Romos','01'),
('01008','San José de Gracia','01'),
('01009','Tepezalá','01'),
('01010','El Llano','01'),
('01011','San Francisco de los Romo','01'),
('02001','Ensenada','02'),
('02002','Mexicali','02'),
('02003','Tecate','02'),
('02004','Tijuana','02'),
('02005','Playas de Rosarito','02'),
('03001','Comondú','03'),
('03002','Mulegé','03'),
('03003','La Paz','03'),
('03004','Los Cabos','03'),
('03005','Loreto','03'),
('04001','Calkiní','04'),
('04002','Campeche','04'),
('04003','Carmen','04'),
('04004','Champotón','04'),
('04005','Hecelchakán','04'),
('04006','Hopelchén','04'),
('04007','Palizada','04'),
('04008','Tenabo','04'),
('04009','Escárcega','04'),
('04010','Calakmul','04'),
('04011','Candelaria','04'),
('05001','Abasolo','05'),
('05002','Acuña','05'),
('05003','Allende','05'),
('05004','Arteaga','05'),
('05005','Candela','05'),
('05006','Castaños','05'),
('05007','Cuatro Ciénegas','05'),
('05008','Escobedo','05'),
('05009','Francisco I. Madero','05'),
('05010','Frontera','05'),
('05011','General Cepeda','05'),
('05012','Guerrero','05'),
('05013','Hidalgo','05'),
('05014','Jiménez','05'),
('05015','Juárez','05'),
('05016','Lamadrid','05'),
('05017','Matamoros','05'),
('05018','Monclova','05'),
('05019','Morelos','05'),
('05020','Múzquiz','05'),
('05021','Nadadores','05'),
('05022','Nava','05'),
('05023','Ocampo','05'),
('05024','Parras','05'),
('05025','Piedras Negras','05'),
('05026','Progreso','05'),
('05027','Ramos Arizpe','05'),
('05028','Sabinas','05'),
('05029','Sacramento','05'),
('05030','Saltillo','05'),
('05031','San Buenaventura','05'),
('05032','San Juan de Sabinas','05'),
('05033','San Pedro','05'),
('05034','Sierra Mojada','05'),
('05035','Torreón','05'),
('05036','Viesca','05'),
('05037','Villa Unión','05'),
('05038','Zaragoza','05'),
('06001','Armería','06'),
('06002','Colima','06'),
('06003','Comala','06'),
('06004','Coquimatlán','06'),
('06005','Cuauhtémoc','06'),
('06006','Ixtlahuacán','06'),
('06007','Manzanillo','06'),
('06008','Minatitlán','06'),
('06009','Tecomán','06'),
('06010','Villa de Álvarez','06'),
('07001','Acacoyagua','07'),
('07002','Acala','07'),
('07003','Acapetahua','07'),
('07004','Altamirano','07'),
('07005','Amatán','07'),
('07006','Amatenango de la Frontera','07'),
('07007','Amatenango del Valle','07'),
('07008','Angel Albino Corzo','07'),
('07009','Arriaga','07'),
('07010','Bejucal de Ocampo','07'),
('07011','Bella Vista','07'),
('07012','Berriozábal','07'),
('07013','Bochil','07'),
('07014','El Bosque','07'),
('07015','Cacahoatán','07'),
('07016','Catazajá','07'),
('07017','Cintalapa','07'),
('07018','Coapilla','07'),
('07019','Comitán de Domínguez','07'),
('07020','La Concordia','07'),
('07021','Copainalá','07'),
('07022','Chalchihuitán','07'),
('07023','Chamula','07'),
('07024','Chanal','07'),
('07025','Chapultenango','07'),
('07026','Chenalhó','07'),
('07027','Chiapa de Corzo','07'),
('07028','Chiapilla','07'),
('07029','Chicoasén','07'),
('07030','Chicomuselo','07'),
('07031','Chilón','07'),
('07032','Escuintla','07'),
('07033','Francisco León','07'),
('07034','Frontera Comalapa','07'),
('07035','Frontera Hidalgo','07'),
('07036','La Grandeza','07'),
('07037','Huehuetán','07'),
('07038','Huixtán','07'),
('07039','Huitiupán','07'),
('07040','Huixtla','07'),
('07041','La Independencia','07'),
('07042','Ixhuatán','07'),
('07043','Ixtacomitán','07'),
('07044','Ixtapa','07'),
('07045','Ixtapangajoya','07'),
('07046','Jiquipilas','07'),
('07047','Jitotol','07'),
('07048','Juárez','07'),
('07049','Larráinzar','07'),
('07050','La Libertad','07'),
('07051','Mapastepec','07'),
('07052','Las Margaritas','07'),
('07053','Mazapa de Madero','07'),
('07054','Mazatán','07'),
('07055','Metapa','07'),
('07056','Mitontic','07'),
('07057','Motozintla','07'),
('07058','Nicolás Ruíz','07'),
('07059','Ocosingo','07'),
('07060','Ocotepec','07'),
('07061','Ocozocoautla de Espinosa','07'),
('07062','Ostuacán','07'),
('07063','Osumacinta','07'),
('07064','Oxchuc','07'),
('07065','Palenque','07'),
('07066','Pantelhó','07'),
('07067','Pantepec','07'),
('07068','Pichucalco','07'),
('07069','Pijijiapan','07'),
('07070','El Porvenir','07'),
('07071','Villa Comaltitlán','07'),
('07072','Pueblo Nuevo Solistahuacán','07'),
('07073','Rayón','07'),
('07074','Reforma','07'),
('07075','Las Rosas','07'),
('07076','Sabanilla','07'),
('07077','Salto de Agua','07'),
('07078','San Cristóbal de las Casas','07'),
('07079','San Fernando','07'),
('07080','Siltepec','07'),
('07081','Simojovel','07'),
('07082','Sitalá','07'),
('07083','Socoltenango','07'),
('07084','Solosuchiapa','07'),
('07085','Soyaló','07'),
('07086','Suchiapa','07'),
('07087','Suchiate','07'),
('07088','Sunuapa','07'),
('07089','Tapachula','07'),
('07090','Tapalapa','07'),
('07091','Tapilula','07'),
('07092','Tecpatán','07'),
('07093','Tenejapa','07'),
('07094','Teopisca','07'),
('07095','Tila','07'),
('07096','Tonalá','07'),
('07097','Totolapa','07'),
('07098','La Trinitaria','07'),
('07099','Tumbalá','07'),
('07100','Tuxtla Gutiérrez','07'),
('07101','Tuxtla Chico','07'),
('07102','Tuzantán','07'),
('07103','Tzimol','07'),
('07104','Unión Juárez','07'),
('07105','Venustiano Carranza','07'),
('07106','Villa Corzo','07'),
('07107','Villaflores','07'),
('07108','Yajalón','07'),
('07109','San Lucas','07'),
('07110','Zinacantán','07'),
('07111','San Juan Cancuc','07'),
('07112','Aldama','07'),
('07113','Benemérito de las Américas','07'),
('07114','Maravilla Tenejapa','07'),
('07115','Marqués de Comillas','07'),
('07116','Montecristo de Guerrero','07'),
('07117','San Andrés Duraznal','07'),
('07118','Santiago el Pinar','07'),
('08001','Ahumada','08'),
('08002','Aldama','08'),
('08003','Allende','08'),
('08004','Aquiles Serdán','08'),
('08005','Ascensión','08'),
('08006','Bachíniva','08'),
('08007','Balleza','08'),
('08008','Batopilas','08'),
('08009','Bocoyna','08'),
('08010','Buenaventura','08'),
('08011','Camargo','08'),
('08012','Carichí','08'),
('08013','Casas Grandes','08'),
('08014','Coronado','08'),
('08015','Coyame del Sotol','08'),
('08016','La Cruz','08'),
('08017','Cuauhtémoc','08'),
('08018','Cusihuiriachi','08'),
('08019','Chihuahua','08'),
('08020','Chínipas','08'),
('08021','Delicias','08'),
('08022','Dr. Belisario Domínguez','08'),
('08023','Galeana','08'),
('08024','Santa Isabel','08'),
('08025','Gómez Farías','08'),
('08026','Gran Morelos','08'),
('08027','Guachochi','08'),
('08028','Guadalupe','08'),
('08029','Guadalupe y Calvo','08'),
('08030','Guazapares','08'),
('08031','Guerrero','08'),
('08032','Hidalgo del Parral','08'),
('08033','Huejotitán','08'),
('08034','Ignacio Zaragoza','08'),
('08035','Janos','08'),
('08036','Jiménez','08'),
('08037','Juárez','08'),
('08038','Julimes','08'),
('08039','López','08'),
('08040','Madera','08'),
('08041','Maguarichi','08'),
('08042','Manuel Benavides','08'),
('08043','Matachí','08'),
('08044','Matamoros','08'),
('08045','Meoqui','08'),
('08046','Morelos','08'),
('08047','Moris','08'),
('08048','Namiquipa','08'),
('08049','Nonoava','08'),
('08050','Nuevo Casas Grandes','08'),
('08051','Ocampo','08'),
('08052','Ojinaga','08'),
('08053','Praxedis G. Guerrero','08'),
('08054','Riva Palacio','08'),
('08055','Rosales','08'),
('08056','Rosario','08'),
('08057','San Francisco de Borja','08'),
('08058','San Francisco de Conchos','08'),
('08059','San Francisco del Oro','08'),
('08060','Santa Bárbara','08'),
('08061','Satevó','08'),
('08062','Saucillo','08'),
('08063','Temósachic','08'),
('08064','El Tule','08'),
('08065','Urique','08'),
('08066','Uruachi','08'),
('08067','Valle de Zaragoza','08'),
('09001','Azcapotzalco','09'),
('09002','Coyoacán','09'),
('09003','Cuajimalpa de Morelos','09'),
('09004','Gustavo A. Madero','09'),
('09005','Iztacalco','09'),
('09006','Iztapalapa','09'),
('09007','La Magdalena Contreras','09'),
('09008','Milpa Alta','09'),
('09009','Álvaro Obregón','09'),
('09010','Tláhuac','09'),
('09011','Tlalpan','09'),
('09012','Xochimilco','09'),
('09013','Benito Juárez','09'),
('09014','Cuauhtémoc','09'),
('09015','Miguel Hidalgo','09'),
('09016','Venustiano Carranza','09'),
('10001','Canatlán','10'),
('10002','Canelas','10'),
('10003','Coneto de Comonfort','10'),
('10004','Cuencamé','10'),
('10005','Durango','10'),
('10006','General Simón Bolívar','10'),
('10007','Gómez Palacio','10'),
('10008','Guadalupe Victoria','10'),
('10009','Guanaceví','10'),
('10010','Hidalgo','10'),
('10011','Indé','10'),
('10012','Lerdo','10'),
('10013','Mapimí','10'),
('10014','Mezquital','10'),
('10015','Nazas','10'),
('10016','Nombre de Dios','10'),
('10017','Ocampo','10'),
('10018','El Oro','10'),
('10019','Otáez','10'),
('10020','Pánuco de Coronado','10'),
('10021','Peñón Blanco','10'),
('10022','Poanas','10'),
('10023','Pueblo Nuevo','10'),
('10024','Rodeo','10'),
('10025','San Bernardo','10'),
('10026','San Dimas','10'),
('10027','San Juan de Guadalupe','10'),
('10028','San Juan del Río','10'),
('10029','San Luis del Cordero','10'),
('10030','San Pedro del Gallo','10'),
('10031','Santa Clara','10'),
('10032','Santiago Papasquiaro','10'),
('10033','Súchil','10'),
('10034','Tamazula','10'),
('10035','Tepehuanes','10'),
('10036','Tlahualilo','10'),
('10037','Topia','10'),
('10038','Vicente Guerrero','10'),
('10039','Nuevo Ideal','10'),
('11001','Abasolo','11'),
('11002','Acámbaro','11'),
('11003','San Miguel de Allende','11'),
('11004','Apaseo el Alto','11'),
('11005','Apaseo el Grande','11'),
('11006','Atarjea','11'),
('11007','Celaya','11'),
('11008','Manuel Doblado','11'),
('11009','Comonfort','11'),
('11010','Coroneo','11'),
('11011','Cortazar','11'),
('11012','Cuerámaro','11'),
('11013','Doctor Mora','11'),
('11014','Dolores Hidalgo Cuna de la Independencia Nacional','11'),
('11015','Guanajuato','11'),
('11016','Huanímaro','11'),
('11017','Irapuato','11'),
('11018','Jaral del Progreso','11'),
('11019','Jerécuaro','11'),
('11020','León','11'),
('11021','Moroleón','11'),
('11022','Ocampo','11'),
('11023','Pénjamo','11'),
('11024','Pueblo Nuevo','11'),
('11025','Purísima del Rincón','11'),
('11026','Romita','11'),
('11027','Salamanca','11'),
('11028','Salvatierra','11'),
('11029','San Diego de la Unión','11'),
('11030','San Felipe','11'),
('11031','San Francisco del Rincón','11'),
('11032','San José Iturbide','11'),
('11033','San Luis de la Paz','11'),
('11034','Santa Catarina','11'),
('11035','Santa Cruz de Juventino Rosas','11'),
('11036','Santiago Maravatío','11'),
('11037','Silao de la Victoria','11'),
('11038','Tarandacuao','11'),
('11039','Tarimoro','11'),
('11040','Tierra Blanca','11'),
('11041','Uriangato','11'),
('11042','Valle de Santiago','11'),
('11043','Victoria','11'),
('11044','Villagrán','11'),
('11045','Xichú','11'),
('11046','Yuriria','11'),
('12001','Acapulco de Juárez','12'),
('12002','Ahuacuotzingo','12'),
('12003','Ajuchitlán del Progreso','12'),
('12004','Alcozauca de Guerrero','12'),
('12005','Alpoyeca','12'),
('12006','Apaxtla','12'),
('12007','Arcelia','12'),
('12008','Atenango del Río','12'),
('12009','Atlamajalcingo del Monte','12'),
('12010','Atlixtac','12'),
('12011','Atoyac de Álvarez','12'),
('12012','Ayutla de los Libres','12'),
('12013','Azoyú','12'),
('12014','Benito Juárez','12'),
('12015','Buenavista de Cuéllar','12'),
('12016','Coahuayutla de José María Izazaga','12'),
('12017','Cocula','12'),
('12018','Copala','12'),
('12019','Copalillo','12'),
('12020','Copanatoyac','12'),
('12021','Coyuca de Benítez','12'),
('12022','Coyuca de Catalán','12'),
('12023','Cuajinicuilapa','12'),
('12024','Cualác','12'),
('12025','Cuautepec','12'),
('12026','Cuetzala del Progreso','12'),
('12027','Cutzamala de Pinzón','12'),
('12028','Chilapa de Álvarez','12'),
('12029','Chilpancingo de los Bravo','12'),
('12030','Florencio Villarreal','12'),
('12031','General Canuto A. Neri','12'),
('12032','General Heliodoro Castillo','12'),
('12033','Huamuxtitlán','12'),
('12034','Huitzuco de los Figueroa','12'),
('12035','Iguala de la Independencia','12'),
('12036','Igualapa','12'),
('12037','Ixcateopan de Cuauhtémoc','12'),
('12038','Zihuatanejo de Azueta','12'),
('12039','Juan R. Escudero','12'),
('12040','Leonardo Bravo','12'),
('12041','Malinaltepec','12'),
('12042','Mártir de Cuilapan','12'),
('12043','Metlatónoc','12'),
('12044','Mochitlán','12'),
('12045','Olinalá','12'),
('12046','Ometepec','12'),
('12047','Pedro Ascencio Alquisiras','12'),
('12048','Petatlán','12'),
('12049','Pilcaya','12'),
('12050','Pungarabato','12'),
('12051','Quechultenango','12'),
('12052','San Luis Acatlán','12'),
('12053','San Marcos','12'),
('12054','San Miguel Totolapan','12'),
('12055','Taxco de Alarcón','12'),
('12056','Tecoanapa','12'),
('12057','Técpan de Galeana','12'),
('12058','Teloloapan','12'),
('12059','Tepecoacuilco de Trujano','12'),
('12060','Tetipac','12'),
('12061','Tixtla de Guerrero','12'),
('12062','Tlacoachistlahuaca','12'),
('12063','Tlacoapa','12'),
('12064','Tlalchapa','12'),
('12065','Tlalixtaquilla de Maldonado','12'),
('12066','Tlapa de Comonfort','12'),
('12067','Tlapehuala','12'),
('12068','La Unión de Isidoro Montes de Oca','12'),
('12069','Xalpatláhuac','12'),
('12070','Xochihuehuetlán','12'),
('12071','Xochistlahuaca','12'),
('12072','Zapotitlán Tablas','12'),
('12073','Zirándaro','12'),
('12074','Zitlala','12'),
('12075','Eduardo Neri','12'),
('12076','Acatepec','12'),
('12077','Marquelia','12'),
('12078','Cochoapa el Grande','12'),
('12079','José Joaquín de Herrera','12'),
('12080','Juchitán','12'),
('12081','Iliatenco','12'),
('13001','Acatlán','13'),
('13002','Acaxochitlán','13'),
('13003','Actopan','13'),
('13004','Agua Blanca de Iturbide','13'),
('13005','Ajacuba','13'),
('13006','Alfajayucan','13'),
('13007','Almoloya','13'),
('13008','Apan','13'),
('13009','El Arenal','13'),
('13010','Atitalaquia','13'),
('13011','Atlapexco','13'),
('13012','Atotonilco el Grande','13'),
('13013','Atotonilco de Tula','13'),
('13014','Calnali','13'),
('13015','Cardonal','13'),
('13016','Cuautepec de Hinojosa','13'),
('13017','Chapantongo','13'),
('13018','Chapulhuacán','13'),
('13019','Chilcuautla','13'),
('13020','Eloxochitlán','13'),
('13021','Emiliano Zapata','13'),
('13022','Epazoyucan','13'),
('13023','Francisco I. Madero','13'),
('13024','Huasca de Ocampo','13'),
('13025','Huautla','13'),
('13026','Huazalingo','13'),
('13027','Huehuetla','13'),
('13028','Huejutla de Reyes','13'),
('13029','Huichapan','13'),
('13030','Ixmiquilpan','13'),
('13031','Jacala de Ledezma','13'),
('13032','Jaltocán','13'),
('13033','Juárez Hidalgo','13'),
('13034','Lolotla','13'),
('13035','Metepec','13'),
('13036','San Agustín Metzquititlán','13'),
('13037','Metztitlán','13'),
('13038','Mineral del Chico','13'),
('13039','Mineral del Monte','13'),
('13040','La Misión','13'),
('13041','Mixquiahuala de Juárez','13'),
('13042','Molango de Escamilla','13'),
('13043','Nicolás Flores','13'),
('13044','Nopala de Villagrán','13'),
('13045','Omitlán de Juárez','13'),
('13046','San Felipe Orizatlán','13'),
('13047','Pacula','13'),
('13048','Pachuca de Soto','13'),
('13049','Pisaflores','13'),
('13050','Progreso de Obregón','13'),
('13051','Mineral de la Reforma','13'),
('13052','San Agustín Tlaxiaca','13'),
('13053','San Bartolo Tutotepec','13'),
('13054','San Salvador','13'),
('13055','Santiago de Anaya','13'),
('13056','Santiago Tulantepec de Lugo Guerrero','13'),
('13057','Singuilucan','13'),
('13058','Tasquillo','13'),
('13059','Tecozautla','13'),
('13060','Tenango de Doria','13'),
('13061','Tepeapulco','13'),
('13062','Tepehuacán de Guerrero','13'),
('13063','Tepeji del Río de Ocampo','13'),
('13064','Tepetitlán','13'),
('13065','Tetepango','13'),
('13066','Villa de Tezontepec','13'),
('13067','Tezontepec de Aldama','13'),
('13068','Tianguistengo','13'),
('13069','Tizayuca','13'),
('13070','Tlahuelilpan','13'),
('13071','Tlahuiltepa','13'),
('13072','Tlanalapa','13'),
('13073','Tlanchinol','13'),
('13074','Tlaxcoapan','13'),
('13075','Tolcayuca','13'),
('13076','Tula de Allende','13'),
('13077','Tulancingo de Bravo','13'),
('13078','Xochiatipan','13'),
('13079','Xochicoatlán','13'),
('13080','Yahualica','13'),
('13081','Zacualtipán de Ángeles','13'),
('13082','Zapotlán de Juárez','13'),
('13083','Zempoala','13'),
('13084','Zimapán','13'),
('14001','Acatic','14'),
('14002','Acatlán de Juárez','14'),
('14003','Ahualulco de Mercado','14'),
('14004','Amacueca','14'),
('14005','Amatitán','14'),
('14006','Ameca','14'),
('14007','San Juanito de Escobedo','14'),
('14008','Arandas','14'),
('14009','El Arenal','14'),
('14010','Atemajac de Brizuela','14'),
('14011','Atengo','14'),
('14012','Atenguillo','14'),
('14013','Atotonilco el Alto','14'),
('14014','Atoyac','14'),
('14015','Autlán de Navarro','14'),
('14016','Ayotlán','14'),
('14017','Ayutla','14'),
('14018','La Barca','14'),
('14019','Bolaños','14'),
('14020','Cabo Corrientes','14'),
('14021','Casimiro Castillo','14'),
('14022','Cihuatlán','14'),
('14023','Zapotlán el Grande','14'),
('14024','Cocula','14'),
('14025','Colotlán','14'),
('14026','Concepción de Buenos Aires','14'),
('14027','Cuautitlán de García Barragán','14'),
('14028','Cuautla','14'),
('14029','Cuquío','14'),
('14030','Chapala','14'),
('14031','Chimaltitán','14'),
('14032','Chiquilistlán','14'),
('14033','Degollado','14'),
('14034','Ejutla','14'),
('14035','Encarnación de Díaz','14'),
('14036','Etzatlán','14'),
('14037','El Grullo','14'),
('14038','Guachinango','14'),
('14039','Guadalajara','14'),
('14040','Hostotipaquillo','14'),
('14041','Huejúcar','14'),
('14042','Huejuquilla el Alto','14'),
('14043','La Huerta','14'),
('14044','Ixtlahuacán de los Membrillos','14'),
('14045','Ixtlahuacán del Río','14'),
('14046','Jalostotitlán','14'),
('14047','Jamay','14'),
('14048','Jesús María','14'),
('14049','Jilotlán de los Dolores','14'),
('14050','Jocotepec','14'),
('14051','Juanacatlán','14'),
('14052','Juchitlán','14'),
('14053','Lagos de Moreno','14'),
('14054','El Limón','14'),
('14055','Magdalena','14'),
('14056','Santa María del Oro','14'),
('14057','La Manzanilla de la Paz','14'),
('14058','Mascota','14'),
('14059','Mazamitla','14'),
('14060','Mexticacán','14'),
('14061','Mezquitic','14'),
('14062','Mixtlán','14'),
('14063','Ocotlán','14'),
('14064','Ojuelos de Jalisco','14'),
('14065','Pihuamo','14'),
('14066','Poncitlán','14'),
('14067','Puerto Vallarta','14'),
('14068','Villa Purificación','14'),
('14069','Quitupan','14'),
('14070','El Salto','14'),
('14071','San Cristóbal de la Barranca','14'),
('14072','San Diego de Alejandría','14'),
('14073','San Juan de los Lagos','14'),
('14074','San Julián','14'),
('14075','San Marcos','14'),
('14076','San Martín de Bolaños','14'),
('14077','San Martín Hidalgo','14'),
('14078','San Miguel el Alto','14'),
('14079','Gómez Farías','14'),
('14080','San Sebastián del Oeste','14'),
('14081','Santa María de los Ángeles','14'),
('14082','Sayula','14'),
('14083','Tala','14'),
('14084','Talpa de Allende','14'),
('14085','Tamazula de Gordiano','14'),
('14086','Tapalpa','14'),
('14087','Tecalitlán','14'),
('14088','Tecolotlán','14'),
('14089','Techaluta de Montenegro','14'),
('14090','Tenamaxtlán','14'),
('14091','Teocaltiche','14'),
('14092','Teocuitatlán de Corona','14'),
('14093','Tepatitlán de Morelos','14'),
('14094','Tequila','14'),
('14095','Teuchitlán','14'),
('14096','Tizapán el Alto','14'),
('14097','Tlajomulco de Zúñiga','14'),
('14098','San Pedro Tlaquepaque','14'),
('14099','Tolimán','14'),
('14100','Tomatlán','14'),
('14101','Tonalá','14'),
('14102','Tonaya','14'),
('14103','Tonila','14'),
('14104','Totatiche','14'),
('14105','Tototlán','14'),
('14106','Tuxcacuesco','14'),
('14107','Tuxcueca','14'),
('14108','Tuxpan','14'),
('14109','Unión de San Antonio','14'),
('14110','Unión de Tula','14'),
('14111','Valle de Guadalupe','14'),
('14112','Valle de Juárez','14'),
('14113','San Gabriel','14'),
('14114','Villa Corona','14'),
('14115','Villa Guerrero','14'),
('14116','Villa Hidalgo','14'),
('14117','Cañadas de Obregón','14'),
('14118','Yahualica de González Gallo','14'),
('14119','Zacoalco de Torres','14'),
('14120','Zapopan','14'),
('14121','Zapotiltic','14'),
('14122','Zapotitlán de Vadillo','14'),
('14123','Zapotlán del Rey','14'),
('14124','Zapotlanejo','14'),
('14125','San Ignacio Cerro Gordo','14'),
('15001','Acambay de Ruíz Castañeda','15'),
('15002','Acolman','15'),
('15003','Aculco','15'),
('15004','Almoloya de Alquisiras','15'),
('15005','Almoloya de Juárez','15'),
('15006','Almoloya del Río','15'),
('15007','Amanalco','15'),
('15008','Amatepec','15'),
('15009','Amecameca','15'),
('15010','Apaxco','15'),
('15011','Atenco','15'),
('15012','Atizapán','15'),
('15013','Atizapán de Zaragoza','15'),
('15014','Atlacomulco','15'),
('15015','Atlautla','15'),
('15016','Axapusco','15'),
('15017','Ayapango','15'),
('15018','Calimaya','15'),
('15019','Capulhuac','15'),
('15020','Coacalco de Berriozábal','15'),
('15021','Coatepec Harinas','15'),
('15022','Cocotitlán','15'),
('15023','Coyotepec','15'),
('15024','Cuautitlán','15'),
('15025','Chalco','15'),
('15026','Chapa de Mota','15'),
('15027','Chapultepec','15'),
('15028','Chiautla','15'),
('15029','Chicoloapan','15'),
('15030','Chiconcuac','15'),
('15031','Chimalhuacán','15'),
('15032','Donato Guerra','15'),
('15033','Ecatepec de Morelos','15'),
('15034','Ecatzingo','15'),
('15035','Huehuetoca','15'),
('15036','Hueypoxtla','15'),
('15037','Huixquilucan','15'),
('15038','Isidro Fabela','15'),
('15039','Ixtapaluca','15'),
('15040','Ixtapan de la Sal','15'),
('15041','Ixtapan del Oro','15'),
('15042','Ixtlahuaca','15'),
('15043','Xalatlaco','15'),
('15044','Jaltenco','15'),
('15045','Jilotepec','15'),
('15046','Jilotzingo','15'),
('15047','Jiquipilco','15'),
('15048','Jocotitlán','15'),
('15049','Joquicingo','15'),
('15050','Juchitepec','15'),
('15051','Lerma','15'),
('15052','Malinalco','15'),
('15053','Melchor Ocampo','15'),
('15054','Metepec','15'),
('15055','Mexicaltzingo','15'),
('15056','Morelos','15'),
('15057','Naucalpan de Juárez','15'),
('15058','Nezahualcóyotl','15'),
('15059','Nextlalpan','15'),
('15060','Nicolás Romero','15'),
('15061','Nopaltepec','15'),
('15062','Ocoyoacac','15'),
('15063','Ocuilan','15'),
('15064','El Oro','15'),
('15065','Otumba','15'),
('15066','Otzoloapan','15'),
('15067','Otzolotepec','15'),
('15068','Ozumba','15'),
('15069','Papalotla','15'),
('15070','La Paz','15'),
('15071','Polotitlán','15'),
('15072','Rayón','15'),
('15073','San Antonio la Isla','15'),
('15074','San Felipe del Progreso','15'),
('15075','San Martín de las Pirámides','15'),
('15076','San Mateo Atenco','15'),
('15077','San Simón de Guerrero','15'),
('15078','Santo Tomás','15'),
('15079','Soyaniquilpan de Juárez','15'),
('15080','Sultepec','15'),
('15081','Tecámac','15'),
('15082','Tejupilco','15'),
('15083','Temamatla','15'),
('15084','Temascalapa','15'),
('15085','Temascalcingo','15'),
('15086','Temascaltepec','15'),
('15087','Temoaya','15'),
('15088','Tenancingo','15'),
('15089','Tenango del Aire','15'),
('15090','Tenango del Valle','15'),
('15091','Teoloyucan','15'),
('15092','Teotihuacán','15'),
('15093','Tepetlaoxtoc','15'),
('15094','Tepetlixpa','15'),
('15095','Tepotzotlán','15'),
('15096','Tequixquiac','15'),
('15097','Texcaltitlán','15'),
('15098','Texcalyacac','15'),
('15099','Texcoco','15'),
('15100','Tezoyuca','15'),
('15101','Tianguistenco','15'),
('15102','Timilpan','15'),
('15103','Tlalmanalco','15'),
('15104','Tlalnepantla de Baz','15'),
('15105','Tlatlaya','15'),
('15106','Toluca','15'),
('15107','Tonatico','15'),
('15108','Tultepec','15'),
('15109','Tultitlán','15'),
('15110','Valle de Bravo','15'),
('15111','Villa de Allende','15'),
('15112','Villa del Carbón','15'),
('15113','Villa Guerrero','15'),
('15114','Villa Victoria','15'),
('15115','Xonacatlán','15'),
('15116','Zacazonapan','15'),
('15117','Zacualpan','15'),
('15118','Zinacantepec','15'),
('15119','Zumpahuacán','15'),
('15120','Zumpango','15'),
('15121','Cuautitlán Izcalli','15'),
('15122','Valle de Chalco Solidaridad','15'),
('15123','Luvianos','15'),
('15124','San José del Rincón','15'),
('15125','Tonanitla','15'),
('16001','Acuitzio','16'),
('16002','Aguililla','16'),
('16003','Álvaro Obregón','16'),
('16004','Angamacutiro','16'),
('16005','Angangueo','16'),
('16006','Apatzingán','16'),
('16007','Aporo','16'),
('16008','Aquila','16'),
('16009','Ario','16'),
('16010','Arteaga','16'),
('16011','Briseñas','16'),
('16012','Buenavista','16'),
('16013','Carácuaro','16'),
('16014','Coahuayana','16'),
('16015','Coalcomán de Vázquez Pallares','16'),
('16016','Coeneo','16'),
('16017','Contepec','16'),
('16018','Copándaro','16'),
('16019','Cotija','16'),
('16020','Cuitzeo','16'),
('16021','Charapan','16'),
('16022','Charo','16'),
('16023','Chavinda','16'),
('16024','Cherán','16'),
('16025','Chilchota','16'),
('16026','Chinicuila','16'),
('16027','Chucándiro','16'),
('16028','Churintzio','16'),
('16029','Churumuco','16'),
('16030','Ecuandureo','16'),
('16031','Epitacio Huerta','16'),
('16032','Erongarícuaro','16'),
('16033','Gabriel Zamora','16'),
('16034','Hidalgo','16'),
('16035','La Huacana','16'),
('16036','Huandacareo','16'),
('16037','Huaniqueo','16'),
('16038','Huetamo','16'),
('16039','Huiramba','16'),
('16040','Indaparapeo','16'),
('16041','Irimbo','16'),
('16042','Ixtlán','16'),
('16043','Jacona','16'),
('16044','Jiménez','16'),
('16045','Jiquilpan','16'),
('16046','Juárez','16'),
('16047','Jungapeo','16'),
('16048','Lagunillas','16'),
('16049','Madero','16'),
('16050','Maravatío','16'),
('16051','Marcos Castellanos','16'),
('16052','Lázaro Cárdenas','16'),
('16053','Morelia','16'),
('16054','Morelos','16'),
('16055','Múgica','16'),
('16056','Nahuatzen','16'),
('16057','Nocupétaro','16'),
('16058','Nuevo Parangaricutiro','16'),
('16059','Nuevo Urecho','16'),
('16060','Numarán','16'),
('16061','Ocampo','16'),
('16062','Pajacuarán','16'),
('16063','Panindícuaro','16'),
('16064','Parácuaro','16'),
('16065','Paracho','16'),
('16066','Pátzcuaro','16'),
('16067','Penjamillo','16'),
('16068','Peribán','16'),
('16069','La Piedad','16'),
('16070','Purépero','16'),
('16071','Puruándiro','16'),
('16072','Queréndaro','16'),
('16073','Quiroga','16'),
('16074','Cojumatlán de Régules','16'),
('16075','Los Reyes','16'),
('16076','Sahuayo','16'),
('16077','San Lucas','16'),
('16078','Santa Ana Maya','16'),
('16079','Salvador Escalante','16'),
('16080','Senguio','16'),
('16081','Susupuato','16'),
('16082','Tacámbaro','16'),
('16083','Tancítaro','16'),
('16084','Tangamandapio','16'),
('16085','Tangancícuaro','16'),
('16086','Tanhuato','16'),
('16087','Taretan','16'),
('16088','Tarímbaro','16'),
('16089','Tepalcatepec','16'),
('16090','Tingambato','16'),
('16091','Tingüindín','16'),
('16092','Tiquicheo de Nicolás Romero','16'),
('16093','Tlalpujahua','16'),
('16094','Tlazazalca','16'),
('16095','Tocumbo','16'),
('16096','Tumbiscatío','16'),
('16097','Turicato','16'),
('16098','Tuxpan','16'),
('16099','Tuzantla','16'),
('16100','Tzintzuntzan','16'),
('16101','Tzitzio','16'),
('16102','Uruapan','16'),
('16103','Venustiano Carranza','16'),
('16104','Villamar','16'),
('16105','Vista Hermosa','16'),
('16106','Yurécuaro','16'),
('16107','Zacapu','16'),
('16108','Zamora','16'),
('16109','Zináparo','16'),
('16110','Zinapécuaro','16'),
('16111','Ziracuaretiro','16'),
('16112','Zitácuaro','16'),
('16113','José Sixto Verduzco','16'),
('17001','Amacuzac','17'),
('17002','Atlatlahucan','17'),
('17003','Axochiapan','17'),
('17004','Ayala','17'),
('17005','Coatlán del Río','17'),
('17006','Cuautla','17'),
('17007','Cuernavaca','17'),
('17008','Emiliano Zapata','17'),
('17009','Huitzilac','17'),
('17010','Jantetelco','17'),
('17011','Jiutepec','17'),
('17012','Jojutla','17'),
('17013','Jonacatepec','17'),
('17014','Mazatepec','17'),
('17015','Miacatlán','17'),
('17016','Ocuituco','17'),
('17017','Puente de Ixtla','17'),
('17018','Temixco','17'),
('17019','Tepalcingo','17'),
('17020','Tepoztlán','17'),
('17021','Tetecala','17'),
('17022','Tetela del Volcán','17'),
('17023','Tlalnepantla','17'),
('17024','Tlaltizapán de Zapata','17'),
('17025','Tlaquiltenango','17'),
('17026','Tlayacapan','17'),
('17027','Totolapan','17'),
('17028','Xochitepec','17'),
('17029','Yautepec','17'),
('17030','Yecapixtla','17'),
('17031','Zacatepec','17'),
('17032','Zacualpan de Amilpas','17'),
('17033','Temoac','17'),
('18001','Acaponeta','18'),
('18002','Ahuacatlán','18'),
('18003','Amatlán de Cañas','18'),
('18004','Compostela','18'),
('18005','Huajicori','18'),
('18006','Ixtlán del Río','18'),
('18007','Jala','18'),
('18008','Xalisco','18'),
('18009','Del Nayar','18'),
('18010','Rosamorada','18'),
('18011','Ruíz','18'),
('18012','San Blas','18'),
('18013','San Pedro Lagunillas','18'),
('18014','Santa María del Oro','18'),
('18015','Santiago Ixcuintla','18'),
('18016','Tecuala','18'),
('18017','Tepic','18'),
('18018','Tuxpan','18'),
('18019','La Yesca','18'),
('18020','Bahía de Banderas','18'),
('19001','Abasolo','19'),
('19002','Agualeguas','19'),
('19003','Los Aldamas','19'),
('19004','Allende','19'),
('19005','Anáhuac','19'),
('19006','Apodaca','19'),
('19007','Aramberri','19'),
('19008','Bustamante','19'),
('19009','Cadereyta Jiménez','19'),
('19010','El Carmen','19'),
('19011','Cerralvo','19'),
('19012','Ciénega de Flores','19'),
('19013','China','19'),
('19014','Doctor Arroyo','19'),
('19015','Doctor Coss','19'),
('19016','Doctor González','19'),
('19017','Galeana','19'),
('19018','García','19'),
('19019','San Pedro Garza García','19'),
('19020','General Bravo','19'),
('19021','General Escobedo','19'),
('19022','General Terán','19'),
('19023','General Treviño','19'),
('19024','General Zaragoza','19'),
('19025','General Zuazua','19'),
('19026','Guadalupe','19'),
('19027','Los Herreras','19'),
('19028','Higueras','19'),
('19029','Hualahuises','19'),
('19030','Iturbide','19'),
('19031','Juárez','19'),
('19032','Lampazos de Naranjo','19'),
('19033','Linares','19'),
('19034','Marín','19'),
('19035','Melchor Ocampo','19'),
('19036','Mier y Noriega','19'),
('19037','Mina','19'),
('19038','Montemorelos','19'),
('19039','Monterrey','19'),
('19040','Parás','19'),
('19041','Pesquería','19'),
('19042','Los Ramones','19'),
('19043','Rayones','19'),
('19044','Sabinas Hidalgo','19'),
('19045','Salinas Victoria','19'),
('19046','San Nicolás de los Garza','19'),
('19047','Hidalgo','19'),
('19048','Santa Catarina','19'),
('19049','Santiago','19'),
('19050','Vallecillo','19'),
('19051','Villaldama','19'),
('20001','Abejones','20'),
('20002','Acatlán de Pérez Figueroa','20'),
('20003','Asunción Cacalotepec','20'),
('20004','Asunción Cuyotepeji','20'),
('20005','Asunción Ixtaltepec','20'),
('20006','Asunción Nochixtlán','20'),
('20007','Asunción Ocotlán','20'),
('20008','Asunción Tlacolulita','20'),
('20009','Ayotzintepec','20'),
('20010','El Barrio de la Soledad','20'),
('20011','Calihualá','20'),
('20012','Candelaria Loxicha','20'),
('20013','Ciénega de Zimatlán','20'),
('20014','Ciudad Ixtepec','20'),
('20015','Coatecas Altas','20'),
('20016','Coicoyán de las Flores','20'),
('20017','La Compañía','20'),
('20018','Concepción Buenavista','20'),
('20019','Concepción Pápalo','20'),
('20020','Constancia del Rosario','20'),
('20021','Cosolapa','20'),
('20022','Cosoltepec','20'),
('20023','Cuilápam de Guerrero','20'),
('20024','Cuyamecalco Villa de Zaragoza','20'),
('20025','Chahuites','20'),
('20026','Chalcatongo de Hidalgo','20'),
('20027','Chiquihuitlán de Benito Juárez','20'),
('20028','Heroica Ciudad de Ejutla de Crespo','20'),
('20029','Eloxochitlán de Flores Magón','20'),
('20030','El Espinal','20'),
('20031','Tamazulápam del Espíritu Santo','20'),
('20032','Fresnillo de Trujano','20'),
('20033','Guadalupe Etla','20'),
('20034','Guadalupe de Ramírez','20'),
('20035','Guelatao de Juárez','20'),
('20036','Guevea de Humboldt','20'),
('20037','Mesones Hidalgo','20'),
('20038','Villa Hidalgo','20'),
('20039','Heroica Ciudad de Huajuapan de León','20'),
('20040','Huautepec','20'),
('20041','Huautla de Jiménez','20'),
('20042','Ixtlán de Juárez','20'),
('20043','Heroica Ciudad de Juchitán de Zaragoza','20'),
('20044','Loma Bonita','20'),
('20045','Magdalena Apasco','20'),
('20046','Magdalena Jaltepec','20'),
('20047','Santa Magdalena Jicotlán','20'),
('20048','Magdalena Mixtepec','20'),
('20049','Magdalena Ocotlán','20'),
('20050','Magdalena Peñasco','20'),
('20051','Magdalena Teitipac','20'),
('20052','Magdalena Tequisistlán','20'),
('20053','Magdalena Tlacotepec','20'),
('20054','Magdalena Zahuatlán','20'),
('20055','Mariscala de Juárez','20'),
('20056','Mártires de Tacubaya','20'),
('20057','Matías Romero Avendaño','20'),
('20058','Mazatlán Villa de Flores','20'),
('20059','Miahuatlán de Porfirio Díaz','20'),
('20060','Mixistlán de la Reforma','20'),
('20061','Monjas','20'),
('20062','Natividad','20'),
('20063','Nazareno Etla','20'),
('20064','Nejapa de Madero','20'),
('20065','Ixpantepec Nieves','20'),
('20066','Santiago Niltepec','20'),
('20067','Oaxaca de Juárez','20'),
('20068','Ocotlán de Morelos','20'),
('20069','La Pe','20'),
('20070','Pinotepa de Don Luis','20'),
('20071','Pluma Hidalgo','20'),
('20072','San José del Progreso','20'),
('20073','Putla Villa de Guerrero','20'),
('20074','Santa Catarina Quioquitani','20'),
('20075','Reforma de Pineda','20'),
('20076','La Reforma','20'),
('20077','Reyes Etla','20'),
('20078','Rojas de Cuauhtémoc','20'),
('20079','Salina Cruz','20'),
('20080','San Agustín Amatengo','20'),
('20081','San Agustín Atenango','20'),
('20082','San Agustín Chayuco','20'),
('20083','San Agustín de las Juntas','20'),
('20084','San Agustín Etla','20'),
('20085','San Agustín Loxicha','20'),
('20086','San Agustín Tlacotepec','20'),
('20087','San Agustín Yatareni','20'),
('20088','San Andrés Cabecera Nueva','20'),
('20089','San Andrés Dinicuiti','20'),
('20090','San Andrés Huaxpaltepec','20'),
('20091','San Andrés Huayápam','20'),
('20092','San Andrés Ixtlahuaca','20'),
('20093','San Andrés Lagunas','20'),
('20094','San Andrés Nuxiño','20'),
('20095','San Andrés Paxtlán','20'),
('20096','San Andrés Sinaxtla','20'),
('20097','San Andrés Solaga','20'),
('20098','San Andrés Teotilálpam','20'),
('20099','San Andrés Tepetlapa','20'),
('20100','San Andrés Yaá','20'),
('20101','San Andrés Zabache','20'),
('20102','San Andrés Zautla','20'),
('20103','San Antonino Castillo Velasco','20'),
('20104','San Antonino el Alto','20'),
('20105','San Antonino Monte Verde','20'),
('20106','San Antonio Acutla','20'),
('20107','San Antonio de la Cal','20'),
('20108','San Antonio Huitepec','20'),
('20109','San Antonio Nanahuatípam','20'),
('20110','San Antonio Sinicahua','20'),
('20111','San Antonio Tepetlapa','20'),
('20112','San Baltazar Chichicápam','20'),
('20113','San Baltazar Loxicha','20'),
('20114','San Baltazar Yatzachi el Bajo','20'),
('20115','San Bartolo Coyotepec','20'),
('20116','San Bartolomé Ayautla','20'),
('20117','San Bartolomé Loxicha','20'),
('20118','San Bartolomé Quialana','20'),
('20119','San Bartolomé Yucuañe','20'),
('20120','San Bartolomé Zoogocho','20'),
('20121','San Bartolo Soyaltepec','20'),
('20122','San Bartolo Yautepec','20'),
('20123','San Bernardo Mixtepec','20'),
('20124','San Blas Atempa','20'),
('20125','San Carlos Yautepec','20'),
('20126','San Cristóbal Amatlán','20'),
('20127','San Cristóbal Amoltepec','20'),
('20128','San Cristóbal Lachirioag','20'),
('20129','San Cristóbal Suchixtlahuaca','20'),
('20130','San Dionisio del Mar','20'),
('20131','San Dionisio Ocotepec','20'),
('20132','San Dionisio Ocotlán','20'),
('20133','San Esteban Atatlahuca','20'),
('20134','San Felipe Jalapa de Díaz','20'),
('20135','San Felipe Tejalápam','20'),
('20136','San Felipe Usila','20'),
('20137','San Francisco Cahuacuá','20'),
('20138','San Francisco Cajonos','20'),
('20139','San Francisco Chapulapa','20'),
('20140','San Francisco Chindúa','20'),
('20141','San Francisco del Mar','20'),
('20142','San Francisco Huehuetlán','20'),
('20143','San Francisco Ixhuatán','20'),
('20144','San Francisco Jaltepetongo','20'),
('20145','San Francisco Lachigoló','20'),
('20146','San Francisco Logueche','20'),
('20147','San Francisco Nuxaño','20'),
('20148','San Francisco Ozolotepec','20'),
('20149','San Francisco Sola','20'),
('20150','San Francisco Telixtlahuaca','20'),
('20151','San Francisco Teopan','20'),
('20152','San Francisco Tlapancingo','20'),
('20153','San Gabriel Mixtepec','20'),
('20154','San Ildefonso Amatlán','20'),
('20155','San Ildefonso Sola','20'),
('20156','San Ildefonso Villa Alta','20'),
('20157','San Jacinto Amilpas','20'),
('20158','San Jacinto Tlacotepec','20'),
('20159','San Jerónimo Coatlán','20'),
('20160','San Jerónimo Silacayoapilla','20'),
('20161','San Jerónimo Sosola','20'),
('20162','San Jerónimo Taviche','20'),
('20163','San Jerónimo Tecóatl','20'),
('20164','San Jorge Nuchita','20'),
('20165','San José Ayuquila','20'),
('20166','San José Chiltepec','20'),
('20167','San José del Peñasco','20'),
('20168','San José Estancia Grande','20'),
('20169','San José Independencia','20'),
('20170','San José Lachiguiri','20'),
('20171','San José Tenango','20'),
('20172','San Juan Achiutla','20'),
('20173','San Juan Atepec','20'),
('20174','Ánimas Trujano','20'),
('20175','San Juan Bautista Atatlahuca','20'),
('20176','San Juan Bautista Coixtlahuaca','20'),
('20177','San Juan Bautista Cuicatlán','20'),
('20178','San Juan Bautista Guelache','20'),
('20179','San Juan Bautista Jayacatlán','20'),
('20180','San Juan Bautista Lo de Soto','20'),
('20181','San Juan Bautista Suchitepec','20'),
('20182','San Juan Bautista Tlacoatzintepec','20'),
('20183','San Juan Bautista Tlachichilco','20'),
('20184','San Juan Bautista Tuxtepec','20'),
('20185','San Juan Cacahuatepec','20'),
('20186','San Juan Cieneguilla','20'),
('20187','San Juan Coatzóspam','20'),
('20188','San Juan Colorado','20'),
('20189','San Juan Comaltepec','20'),
('20190','San Juan Cotzocón','20'),
('20191','San Juan Chicomezúchil','20'),
('20192','San Juan Chilateca','20'),
('20193','San Juan del Estado','20'),
('20194','San Juan del Río','20'),
('20195','San Juan Diuxi','20'),
('20196','San Juan Evangelista Analco','20'),
('20197','San Juan Guelavía','20'),
('20198','San Juan Guichicovi','20'),
('20199','San Juan Ihualtepec','20'),
('20200','San Juan Juquila Mixes','20'),
('20201','San Juan Juquila Vijanos','20'),
('20202','San Juan Lachao','20'),
('20203','San Juan Lachigalla','20'),
('20204','San Juan Lajarcia','20'),
('20205','San Juan Lalana','20'),
('20206','San Juan de los Cués','20'),
('20207','San Juan Mazatlán','20'),
('20208','San Juan Mixtepec','20'),
('20209','San Juan Mixtepec','20'),
('20210','San Juan Ñumí','20'),
('20211','San Juan Ozolotepec','20'),
('20212','San Juan Petlapa','20'),
('20213','San Juan Quiahije','20'),
('20214','San Juan Quiotepec','20'),
('20215','San Juan Sayultepec','20'),
('20216','San Juan Tabaá','20'),
('20217','San Juan Tamazola','20'),
('20218','San Juan Teita','20'),
('20219','San Juan Teitipac','20'),
('20220','San Juan Tepeuxila','20'),
('20221','San Juan Teposcolula','20'),
('20222','San Juan Yaeé','20'),
('20223','San Juan Yatzona','20'),
('20224','San Juan Yucuita','20'),
('20225','San Lorenzo','20'),
('20226','San Lorenzo Albarradas','20'),
('20227','San Lorenzo Cacaotepec','20'),
('20228','San Lorenzo Cuaunecuiltitla','20'),
('20229','San Lorenzo Texmelúcan','20'),
('20230','San Lorenzo Victoria','20'),
('20231','San Lucas Camotlán','20'),
('20232','San Lucas Ojitlán','20'),
('20233','San Lucas Quiaviní','20'),
('20234','San Lucas Zoquiápam','20'),
('20235','San Luis Amatlán','20'),
('20236','San Marcial Ozolotepec','20'),
('20237','San Marcos Arteaga','20'),
('20238','San Martín de los Cansecos','20'),
('20239','San Martín Huamelúlpam','20'),
('20240','San Martín Itunyoso','20'),
('20241','San Martín Lachilá','20'),
('20242','San Martín Peras','20'),
('20243','San Martín Tilcajete','20'),
('20244','San Martín Toxpalan','20'),
('20245','San Martín Zacatepec','20'),
('20246','San Mateo Cajonos','20'),
('20247','Capulálpam de Méndez','20'),
('20248','San Mateo del Mar','20'),
('20249','San Mateo Yoloxochitlán','20'),
('20250','San Mateo Etlatongo','20'),
('20251','San Mateo Nejápam','20'),
('20252','San Mateo Peñasco','20'),
('20253','San Mateo Piñas','20'),
('20254','San Mateo Río Hondo','20'),
('20255','San Mateo Sindihui','20'),
('20256','San Mateo Tlapiltepec','20'),
('20257','San Melchor Betaza','20'),
('20258','San Miguel Achiutla','20'),
('20259','San Miguel Ahuehuetitlán','20'),
('20260','San Miguel Aloápam','20'),
('20261','San Miguel Amatitlán','20'),
('20262','San Miguel Amatlán','20'),
('20263','San Miguel Coatlán','20'),
('20264','San Miguel Chicahua','20'),
('20265','San Miguel Chimalapa','20'),
('20266','San Miguel del Puerto','20'),
('20267','San Miguel del Río','20'),
('20268','San Miguel Ejutla','20'),
('20269','San Miguel el Grande','20'),
('20270','San Miguel Huautla','20'),
('20271','San Miguel Mixtepec','20'),
('20272','San Miguel Panixtlahuaca','20'),
('20273','San Miguel Peras','20'),
('20274','San Miguel Piedras','20'),
('20275','San Miguel Quetzaltepec','20'),
('20276','San Miguel Santa Flor','20'),
('20277','Villa Sola de Vega','20'),
('20278','San Miguel Soyaltepec','20'),
('20279','San Miguel Suchixtepec','20'),
('20280','Villa Talea de Castro','20'),
('20281','San Miguel Tecomatlán','20'),
('20282','San Miguel Tenango','20'),
('20283','San Miguel Tequixtepec','20'),
('20284','San Miguel Tilquiápam','20'),
('20285','San Miguel Tlacamama','20'),
('20286','San Miguel Tlacotepec','20'),
('20287','San Miguel Tulancingo','20'),
('20288','San Miguel Yotao','20'),
('20289','San Nicolás','20'),
('20290','San Nicolás Hidalgo','20'),
('20291','San Pablo Coatlán','20'),
('20292','San Pablo Cuatro Venados','20'),
('20293','San Pablo Etla','20'),
('20294','San Pablo Huitzo','20'),
('20295','San Pablo Huixtepec','20'),
('20296','San Pablo Macuiltianguis','20'),
('20297','San Pablo Tijaltepec','20'),
('20298','San Pablo Villa de Mitla','20'),
('20299','San Pablo Yaganiza','20'),
('20300','San Pedro Amuzgos','20'),
('20301','San Pedro Apóstol','20'),
('20302','San Pedro Atoyac','20'),
('20303','San Pedro Cajonos','20'),
('20304','San Pedro Coxcaltepec Cántaros','20'),
('20305','San Pedro Comitancillo','20'),
('20306','San Pedro el Alto','20'),
('20307','San Pedro Huamelula','20'),
('20308','San Pedro Huilotepec','20'),
('20309','San Pedro Ixcatlán','20'),
('20310','San Pedro Ixtlahuaca','20'),
('20311','San Pedro Jaltepetongo','20'),
('20312','San Pedro Jicayán','20'),
('20313','San Pedro Jocotipac','20'),
('20314','San Pedro Juchatengo','20'),
('20315','San Pedro Mártir','20'),
('20316','San Pedro Mártir Quiechapa','20'),
('20317','San Pedro Mártir Yucuxaco','20'),
('20318','San Pedro Mixtepec','20'),
('20319','San Pedro Mixtepec','20'),
('20320','San Pedro Molinos','20'),
('20321','San Pedro Nopala','20'),
('20322','San Pedro Ocopetatillo','20'),
('20323','San Pedro Ocotepec','20'),
('20324','San Pedro Pochutla','20'),
('20325','San Pedro Quiatoni','20'),
('20326','San Pedro Sochiápam','20'),
('20327','San Pedro Tapanatepec','20'),
('20328','San Pedro Taviche','20'),
('20329','San Pedro Teozacoalco','20'),
('20330','San Pedro Teutila','20'),
('20331','San Pedro Tidaá','20'),
('20332','San Pedro Topiltepec','20'),
('20333','San Pedro Totolápam','20'),
('20334','Villa de Tututepec de Melchor Ocampo','20'),
('20335','San Pedro Yaneri','20'),
('20336','San Pedro Yólox','20'),
('20337','San Pedro y San Pablo Ayutla','20'),
('20338','Villa de Etla','20'),
('20339','San Pedro y San Pablo Teposcolula','20'),
('20340','San Pedro y San Pablo Tequixtepec','20'),
('20341','San Pedro Yucunama','20'),
('20342','San Raymundo Jalpan','20'),
('20343','San Sebastián Abasolo','20'),
('20344','San Sebastián Coatlán','20'),
('20345','San Sebastián Ixcapa','20'),
('20346','San Sebastián Nicananduta','20'),
('20347','San Sebastián Río Hondo','20'),
('20348','San Sebastián Tecomaxtlahuaca','20'),
('20349','San Sebastián Teitipac','20'),
('20350','San Sebastián Tutla','20'),
('20351','San Simón Almolongas','20'),
('20352','San Simón Zahuatlán','20'),
('20353','Santa Ana','20'),
('20354','Santa Ana Ateixtlahuaca','20'),
('20355','Santa Ana Cuauhtémoc','20'),
('20356','Santa Ana del Valle','20'),
('20357','Santa Ana Tavela','20'),
('20358','Santa Ana Tlapacoyan','20'),
('20359','Santa Ana Yareni','20'),
('20360','Santa Ana Zegache','20'),
('20361','Santa Catalina Quierí','20'),
('20362','Santa Catarina Cuixtla','20'),
('20363','Santa Catarina Ixtepeji','20'),
('20364','Santa Catarina Juquila','20'),
('20365','Santa Catarina Lachatao','20'),
('20366','Santa Catarina Loxicha','20'),
('20367','Santa Catarina Mechoacán','20'),
('20368','Santa Catarina Minas','20'),
('20369','Santa Catarina Quiané','20'),
('20370','Santa Catarina Tayata','20'),
('20371','Santa Catarina Ticuá','20'),
('20372','Santa Catarina Yosonotú','20'),
('20373','Santa Catarina Zapoquila','20'),
('20374','Santa Cruz Acatepec','20'),
('20375','Santa Cruz Amilpas','20'),
('20376','Santa Cruz de Bravo','20'),
('20377','Santa Cruz Itundujia','20'),
('20378','Santa Cruz Mixtepec','20'),
('20379','Santa Cruz Nundaco','20'),
('20380','Santa Cruz Papalutla','20'),
('20381','Santa Cruz Tacache de Mina','20'),
('20382','Santa Cruz Tacahua','20'),
('20383','Santa Cruz Tayata','20'),
('20384','Santa Cruz Xitla','20'),
('20385','Santa Cruz Xoxocotlán','20'),
('20386','Santa Cruz Zenzontepec','20'),
('20387','Santa Gertrudis','20'),
('20388','Santa Inés del Monte','20'),
('20389','Santa Inés Yatzeche','20'),
('20390','Santa Lucía del Camino','20'),
('20391','Santa Lucía Miahuatlán','20'),
('20392','Santa Lucía Monteverde','20'),
('20393','Santa Lucía Ocotlán','20'),
('20394','Santa María Alotepec','20'),
('20395','Santa María Apazco','20'),
('20396','Santa María la Asunción','20'),
('20397','Heroica Ciudad de Tlaxiaco','20'),
('20398','Ayoquezco de Aldama','20'),
('20399','Santa María Atzompa','20'),
('20400','Santa María Camotlán','20'),
('20401','Santa María Colotepec','20'),
('20402','Santa María Cortijo','20'),
('20403','Santa María Coyotepec','20'),
('20404','Santa María Chachoápam','20'),
('20405','Villa de Chilapa de Díaz','20'),
('20406','Santa María Chilchotla','20'),
('20407','Santa María Chimalapa','20'),
('20408','Santa María del Rosario','20'),
('20409','Santa María del Tule','20'),
('20410','Santa María Ecatepec','20'),
('20411','Santa María Guelacé','20'),
('20412','Santa María Guienagati','20'),
('20413','Santa María Huatulco','20'),
('20414','Santa María Huazolotitlán','20'),
('20415','Santa María Ipalapa','20'),
('20416','Santa María Ixcatlán','20'),
('20417','Santa María Jacatepec','20'),
('20418','Santa María Jalapa del Marqués','20'),
('20419','Santa María Jaltianguis','20'),
('20420','Santa María Lachixío','20'),
('20421','Santa María Mixtequilla','20'),
('20422','Santa María Nativitas','20'),
('20423','Santa María Nduayaco','20'),
('20424','Santa María Ozolotepec','20'),
('20425','Santa María Pápalo','20'),
('20426','Santa María Peñoles','20'),
('20427','Santa María Petapa','20'),
('20428','Santa María Quiegolani','20'),
('20429','Santa María Sola','20'),
('20430','Santa María Tataltepec','20'),
('20431','Santa María Tecomavaca','20'),
('20432','Santa María Temaxcalapa','20'),
('20433','Santa María Temaxcaltepec','20'),
('20434','Santa María Teopoxco','20'),
('20435','Santa María Tepantlali','20'),
('20436','Santa María Texcatitlán','20'),
('20437','Santa María Tlahuitoltepec','20'),
('20438','Santa María Tlalixtac','20'),
('20439','Santa María Tonameca','20'),
('20440','Santa María Totolapilla','20'),
('20441','Santa María Xadani','20'),
('20442','Santa María Yalina','20'),
('20443','Santa María Yavesía','20'),
('20444','Santa María Yolotepec','20'),
('20445','Santa María Yosoyúa','20'),
('20446','Santa María Yucuhiti','20'),
('20447','Santa María Zacatepec','20'),
('20448','Santa María Zaniza','20'),
('20449','Santa María Zoquitlán','20'),
('20450','Santiago Amoltepec','20'),
('20451','Santiago Apoala','20'),
('20452','Santiago Apóstol','20'),
('20453','Santiago Astata','20'),
('20454','Santiago Atitlán','20'),
('20455','Santiago Ayuquililla','20'),
('20456','Santiago Cacaloxtepec','20'),
('20457','Santiago Camotlán','20'),
('20458','Santiago Comaltepec','20'),
('20459','Santiago Chazumba','20'),
('20460','Santiago Choápam','20'),
('20461','Santiago del Río','20'),
('20462','Santiago Huajolotitlán','20'),
('20463','Santiago Huauclilla','20'),
('20464','Santiago Ihuitlán Plumas','20'),
('20465','Santiago Ixcuintepec','20'),
('20466','Santiago Ixtayutla','20'),
('20467','Santiago Jamiltepec','20'),
('20468','Santiago Jocotepec','20'),
('20469','Santiago Juxtlahuaca','20'),
('20470','Santiago Lachiguiri','20'),
('20471','Santiago Lalopa','20'),
('20472','Santiago Laollaga','20'),
('20473','Santiago Laxopa','20'),
('20474','Santiago Llano Grande','20'),
('20475','Santiago Matatlán','20'),
('20476','Santiago Miltepec','20'),
('20477','Santiago Minas','20'),
('20478','Santiago Nacaltepec','20'),
('20479','Santiago Nejapilla','20'),
('20480','Santiago Nundiche','20'),
('20481','Santiago Nuyoó','20'),
('20482','Santiago Pinotepa Nacional','20'),
('20483','Santiago Suchilquitongo','20'),
('20484','Santiago Tamazola','20'),
('20485','Santiago Tapextla','20'),
('20486','Villa Tejúpam de la Unión','20'),
('20487','Santiago Tenango','20'),
('20488','Santiago Tepetlapa','20'),
('20489','Santiago Tetepec','20'),
('20490','Santiago Texcalcingo','20'),
('20491','Santiago Textitlán','20'),
('20492','Santiago Tilantongo','20'),
('20493','Santiago Tillo','20'),
('20494','Santiago Tlazoyaltepec','20'),
('20495','Santiago Xanica','20'),
('20496','Santiago Xiacuí','20'),
('20497','Santiago Yaitepec','20'),
('20498','Santiago Yaveo','20'),
('20499','Santiago Yolomécatl','20'),
('20500','Santiago Yosondúa','20'),
('20501','Santiago Yucuyachi','20'),
('20502','Santiago Zacatepec','20'),
('20503','Santiago Zoochila','20'),
('20504','Nuevo Zoquiápam','20'),
('20505','Santo Domingo Ingenio','20'),
('20506','Santo Domingo Albarradas','20'),
('20507','Santo Domingo Armenta','20'),
('20508','Santo Domingo Chihuitán','20'),
('20509','Santo Domingo de Morelos','20'),
('20510','Santo Domingo Ixcatlán','20'),
('20511','Santo Domingo Nuxaá','20'),
('20512','Santo Domingo Ozolotepec','20'),
('20513','Santo Domingo Petapa','20'),
('20514','Santo Domingo Roayaga','20'),
('20515','Santo Domingo Tehuantepec','20'),
('20516','Santo Domingo Teojomulco','20'),
('20517','Santo Domingo Tepuxtepec','20'),
('20518','Santo Domingo Tlatayápam','20'),
('20519','Santo Domingo Tomaltepec','20'),
('20520','Santo Domingo Tonalá','20'),
('20521','Santo Domingo Tonaltepec','20'),
('20522','Santo Domingo Xagacía','20'),
('20523','Santo Domingo Yanhuitlán','20'),
('20524','Santo Domingo Yodohino','20'),
('20525','Santo Domingo Zanatepec','20'),
('20526','Santos Reyes Nopala','20'),
('20527','Santos Reyes Pápalo','20'),
('20528','Santos Reyes Tepejillo','20'),
('20529','Santos Reyes Yucuná','20'),
('20530','Santo Tomás Jalieza','20'),
('20531','Santo Tomás Mazaltepec','20'),
('20532','Santo Tomás Ocotepec','20'),
('20533','Santo Tomás Tamazulapan','20'),
('20534','San Vicente Coatlán','20'),
('20535','San Vicente Lachixío','20'),
('20536','San Vicente Nuñú','20'),
('20537','Silacayoápam','20'),
('20538','Sitio de Xitlapehua','20'),
('20539','Soledad Etla','20'),
('20540','Villa de Tamazulápam del Progreso','20'),
('20541','Tanetze de Zaragoza','20'),
('20542','Taniche','20'),
('20543','Tataltepec de Valdés','20'),
('20544','Teococuilco de Marcos Pérez','20'),
('20545','Teotitlán de Flores Magón','20'),
('20546','Teotitlán del Valle','20'),
('20547','Teotongo','20'),
('20548','Tepelmeme Villa de Morelos','20'),
('20549','Heroica Villa Tezoatlán de Segura y Luna, Cuna de la Independencia de Oaxaca','20'),
('20550','San Jerónimo Tlacochahuaya','20'),
('20551','Tlacolula de Matamoros','20'),
('20552','Tlacotepec Plumas','20'),
('20553','Tlalixtac de Cabrera','20'),
('20554','Totontepec Villa de Morelos','20'),
('20555','Trinidad Zaachila','20'),
('20556','La Trinidad Vista Hermosa','20'),
('20557','Unión Hidalgo','20'),
('20558','Valerio Trujano','20'),
('20559','San Juan Bautista Valle Nacional','20'),
('20560','Villa Díaz Ordaz','20'),
('20561','Yaxe','20'),
('20562','Magdalena Yodocono de Porfirio Díaz','20'),
('20563','Yogana','20'),
('20564','Yutanduchi de Guerrero','20'),
('20565','Villa de Zaachila','20'),
('20566','San Mateo Yucutindoo','20'),
('20567','Zapotitlán Lagunas','20'),
('20568','Zapotitlán Palmas','20'),
('20569','Santa Inés de Zaragoza','20'),
('20570','Zimatlán de Álvarez','20'),
('21001','Acajete','21'),
('21002','Acateno','21'),
('21003','Acatlán','21'),
('21004','Acatzingo','21'),
('21005','Acteopan','21'),
('21006','Ahuacatlán','21'),
('21007','Ahuatlán','21'),
('21008','Ahuazotepec','21'),
('21009','Ahuehuetitla','21'),
('21010','Ajalpan','21'),
('21011','Albino Zertuche','21'),
('21012','Aljojuca','21'),
('21013','Altepexi','21'),
('21014','Amixtlán','21'),
('21015','Amozoc','21'),
('21016','Aquixtla','21'),
('21017','Atempan','21'),
('21018','Atexcal','21'),
('21019','Atlixco','21'),
('21020','Atoyatempan','21'),
('21021','Atzala','21'),
('21022','Atzitzihuacán','21'),
('21023','Atzitzintla','21'),
('21024','Axutla','21'),
('21025','Ayotoxco de Guerrero','21'),
('21026','Calpan','21'),
('21027','Caltepec','21'),
('21028','Camocuautla','21'),
('21029','Caxhuacan','21'),
('21030','Coatepec','21'),
('21031','Coatzingo','21'),
('21032','Cohetzala','21'),
('21033','Cohuecan','21'),
('21034','Coronango','21'),
('21035','Coxcatlán','21'),
('21036','Coyomeapan','21'),
('21037','Coyotepec','21'),
('21038','Cuapiaxtla de Madero','21'),
('21039','Cuautempan','21'),
('21040','Cuautinchán','21'),
('21041','Cuautlancingo','21'),
('21042','Cuayuca de Andrade','21'),
('21043','Cuetzalan del Progreso','21'),
('21044','Cuyoaco','21'),
('21045','Chalchicomula de Sesma','21'),
('21046','Chapulco','21'),
('21047','Chiautla','21'),
('21048','Chiautzingo','21'),
('21049','Chiconcuautla','21'),
('21050','Chichiquila','21'),
('21051','Chietla','21'),
('21052','Chigmecatitlán','21'),
('21053','Chignahuapan','21'),
('21054','Chignautla','21'),
('21055','Chila','21'),
('21056','Chila de la Sal','21'),
('21057','Honey','21'),
('21058','Chilchotla','21'),
('21059','Chinantla','21'),
('21060','Domingo Arenas','21'),
('21061','Eloxochitlán','21'),
('21062','Epatlán','21'),
('21063','Esperanza','21'),
('21064','Francisco Z. Mena','21'),
('21065','General Felipe Ángeles','21'),
('21066','Guadalupe','21'),
('21067','Guadalupe Victoria','21'),
('21068','Hermenegildo Galeana','21'),
('21069','Huaquechula','21'),
('21070','Huatlatlauca','21'),
('21071','Huauchinango','21'),
('21072','Huehuetla','21'),
('21073','Huehuetlán el Chico','21'),
('21074','Huejotzingo','21'),
('21075','Hueyapan','21'),
('21076','Hueytamalco','21'),
('21077','Hueytlalpan','21'),
('21078','Huitzilan de Serdán','21'),
('21079','Huitziltepec','21'),
('21080','Atlequizayan','21'),
('21081','Ixcamilpa de Guerrero','21'),
('21082','Ixcaquixtla','21'),
('21083','Ixtacamaxtitlán','21'),
('21084','Ixtepec','21'),
('21085','Izúcar de Matamoros','21'),
('21086','Jalpan','21'),
('21087','Jolalpan','21'),
('21088','Jonotla','21'),
('21089','Jopala','21'),
('21090','Juan C. Bonilla','21'),
('21091','Juan Galindo','21'),
('21092','Juan N. Méndez','21'),
('21093','Lafragua','21'),
('21094','Libres','21'),
('21095','La Magdalena Tlatlauquitepec','21'),
('21096','Mazapiltepec de Juárez','21'),
('21097','Mixtla','21'),
('21098','Molcaxac','21'),
('21099','Cañada Morelos','21'),
('21100','Naupan','21'),
('21101','Nauzontla','21'),
('21102','Nealtican','21'),
('21103','Nicolás Bravo','21'),
('21104','Nopalucan','21'),
('21105','Ocotepec','21'),
('21106','Ocoyucan','21'),
('21107','Olintla','21'),
('21108','Oriental','21'),
('21109','Pahuatlán','21'),
('21110','Palmar de Bravo','21'),
('21111','Pantepec','21'),
('21112','Petlalcingo','21'),
('21113','Piaxtla','21'),
('21114','Puebla','21'),
('21115','Quecholac','21'),
('21116','Quimixtlán','21'),
('21117','Rafael Lara Grajales','21'),
('21118','Los Reyes de Juárez','21'),
('21119','San Andrés Cholula','21'),
('21120','San Antonio Cañada','21'),
('21121','San Diego la Mesa Tochimiltzingo','21'),
('21122','San Felipe Teotlalcingo','21'),
('21123','San Felipe Tepatlán','21'),
('21124','San Gabriel Chilac','21'),
('21125','San Gregorio Atzompa','21'),
('21126','San Jerónimo Tecuanipan','21'),
('21127','San Jerónimo Xayacatlán','21'),
('21128','San José Chiapa','21'),
('21129','San José Miahuatlán','21'),
('21130','San Juan Atenco','21'),
('21131','San Juan Atzompa','21'),
('21132','San Martín Texmelucan','21'),
('21133','San Martín Totoltepec','21'),
('21134','San Matías Tlalancaleca','21'),
('21135','San Miguel Ixitlán','21'),
('21136','San Miguel Xoxtla','21'),
('21137','San Nicolás Buenos Aires','21'),
('21138','San Nicolás de los Ranchos','21'),
('21139','San Pablo Anicano','21'),
('21140','San Pedro Cholula','21'),
('21141','San Pedro Yeloixtlahuaca','21'),
('21142','San Salvador el Seco','21'),
('21143','San Salvador el Verde','21'),
('21144','San Salvador Huixcolotla','21'),
('21145','San Sebastián Tlacotepec','21'),
('21146','Santa Catarina Tlaltempan','21'),
('21147','Santa Inés Ahuatempan','21'),
('21148','Santa Isabel Cholula','21'),
('21149','Santiago Miahuatlán','21'),
('21150','Huehuetlán el Grande','21'),
('21151','Santo Tomás Hueyotlipan','21'),
('21152','Soltepec','21'),
('21153','Tecali de Herrera','21'),
('21154','Tecamachalco','21'),
('21155','Tecomatlán','21'),
('21156','Tehuacán','21'),
('21157','Tehuitzingo','21'),
('21158','Tenampulco','21'),
('21159','Teopantlán','21'),
('21160','Teotlalco','21'),
('21161','Tepanco de López','21'),
('21162','Tepango de Rodríguez','21'),
('21163','Tepatlaxco de Hidalgo','21'),
('21164','Tepeaca','21'),
('21165','Tepemaxalco','21'),
('21166','Tepeojuma','21'),
('21167','Tepetzintla','21'),
('21168','Tepexco','21'),
('21169','Tepexi de Rodríguez','21'),
('21170','Tepeyahualco','21'),
('21171','Tepeyahualco de Cuauhtémoc','21'),
('21172','Tetela de Ocampo','21'),
('21173','Teteles de Avila Castillo','21'),
('21174','Teziutlán','21'),
('21175','Tianguismanalco','21'),
('21176','Tilapa','21'),
('21177','Tlacotepec de Benito Juárez','21'),
('21178','Tlacuilotepec','21'),
('21179','Tlachichuca','21'),
('21180','Tlahuapan','21'),
('21181','Tlaltenango','21'),
('21182','Tlanepantla','21'),
('21183','Tlaola','21'),
('21184','Tlapacoya','21'),
('21185','Tlapanalá','21'),
('21186','Tlatlauquitepec','21'),
('21187','Tlaxco','21'),
('21188','Tochimilco','21'),
('21189','Tochtepec','21'),
('21190','Totoltepec de Guerrero','21'),
('21191','Tulcingo','21'),
('21192','Tuzamapan de Galeana','21'),
('21193','Tzicatlacoyan','21'),
('21194','Venustiano Carranza','21'),
('21195','Vicente Guerrero','21'),
('21196','Xayacatlán de Bravo','21'),
('21197','Xicotepec','21'),
('21198','Xicotlán','21'),
('21199','Xiutetelco','21'),
('21200','Xochiapulco','21'),
('21201','Xochiltepec','21'),
('21202','Xochitlán de Vicente Suárez','21'),
('21203','Xochitlán Todos Santos','21'),
('21204','Yaonáhuac','21'),
('21205','Yehualtepec','21'),
('21206','Zacapala','21'),
('21207','Zacapoaxtla','21'),
('21208','Zacatlán','21'),
('21209','Zapotitlán','21'),
('21210','Zapotitlán de Méndez','21'),
('21211','Zaragoza','21'),
('21212','Zautla','21'),
('21213','Zihuateutla','21'),
('21214','Zinacatepec','21'),
('21215','Zongozotla','21'),
('21216','Zoquiapan','21'),
('21217','Zoquitlán','21'),
('22001','Amealco de Bonfil','22'),
('22002','Pinal de Amoles','22'),
('22003','Arroyo Seco','22'),
('22004','Cadereyta de Montes','22'),
('22005','Colón','22'),
('22006','Corregidora','22'),
('22007','Ezequiel Montes','22'),
('22008','Huimilpan','22'),
('22009','Jalpan de Serra','22'),
('22010','Landa de Matamoros','22'),
('22011','El Marqués','22'),
('22012','Pedro Escobedo','22'),
('22013','Peñamiller','22'),
('22014','Querétaro','22'),
('22015','San Joaquín','22'),
('22016','San Juan del Río','22'),
('22017','Tequisquiapan','22'),
('22018','Tolimán','22'),
('23001','Cozumel','23'),
('23002','Felipe Carrillo Puerto','23'),
('23003','Isla Mujeres','23'),
('23004','Othón P. Blanco','23'),
('23005','Benito Juárez','23'),
('23006','José María Morelos','23'),
('23007','Lázaro Cárdenas','23'),
('23008','Solidaridad','23'),
('23009','Tulum','23'),
('23010','Bacalar','23'),
('24001','Ahualulco','24'),
('24002','Alaquines','24'),
('24003','Aquismón','24'),
('24004','Armadillo de los Infante','24'),
('24005','Cárdenas','24'),
('24006','Catorce','24'),
('24007','Cedral','24'),
('24008','Cerritos','24'),
('24009','Cerro de San Pedro','24'),
('24010','Ciudad del Maíz','24'),
('24011','Ciudad Fernández','24'),
('24012','Tancanhuitz','24'),
('24013','Ciudad Valles','24'),
('24014','Coxcatlán','24'),
('24015','Charcas','24'),
('24016','Ebano','24'),
('24017','Guadalcázar','24'),
('24018','Huehuetlán','24'),
('24019','Lagunillas','24'),
('24020','Matehuala','24'),
('24021','Mexquitic de Carmona','24'),
('24022','Moctezuma','24'),
('24023','Rayón','24'),
('24024','Rioverde','24'),
('24025','Salinas','24'),
('24026','San Antonio','24'),
('24027','San Ciro de Acosta','24'),
('24028','San Luis Potosí','24'),
('24029','San Martín Chalchicuautla','24'),
('24030','San Nicolás Tolentino','24'),
('24031','Santa Catarina','24'),
('24032','Santa María del Río','24'),
('24033','Santo Domingo','24'),
('24034','San Vicente Tancuayalab','24'),
('24035','Soledad de Graciano Sánchez','24'),
('24036','Tamasopo','24'),
('24037','Tamazunchale','24'),
('24038','Tampacán','24'),
('24039','Tampamolón Corona','24'),
('24040','Tamuín','24'),
('24041','Tanlajás','24'),
('24042','Tanquián de Escobedo','24'),
('24043','Tierra Nueva','24'),
('24044','Vanegas','24'),
('24045','Venado','24'),
('24046','Villa de Arriaga','24'),
('24047','Villa de Guadalupe','24'),
('24048','Villa de la Paz','24'),
('24049','Villa de Ramos','24'),
('24050','Villa de Reyes','24'),
('24051','Villa Hidalgo','24'),
('24052','Villa Juárez','24'),
('24053','Axtla de Terrazas','24'),
('24054','Xilitla','24'),
('24055','Zaragoza','24'),
('24056','Villa de Arista','24'),
('24057','Matlapa','24'),
('24058','El Naranjo','24'),
('25001','Ahome','25'),
('25002','Angostura','25'),
('25003','Badiraguato','25'),
('25004','Concordia','25'),
('25005','Cosalá','25'),
('25006','Culiacán','25'),
('25007','Choix','25'),
('25008','Elota','25'),
('25009','Escuinapa','25'),
('25010','El Fuerte','25'),
('25011','Guasave','25'),
('25012','Mazatlán','25'),
('25013','Mocorito','25'),
('25014','Rosario','25'),
('25015','Salvador Alvarado','25'),
('25016','San Ignacio','25'),
('25017','Sinaloa','25'),
('25018','Navolato','25'),
('26001','Aconchi','26'),
('26002','Agua Prieta','26'),
('26003','Alamos','26'),
('26004','Altar','26'),
('26005','Arivechi','26'),
('26006','Arizpe','26'),
('26007','Atil','26'),
('26008','Bacadéhuachi','26'),
('26009','Bacanora','26'),
('26010','Bacerac','26'),
('26011','Bacoachi','26'),
('26012','Bácum','26'),
('26013','Banámichi','26'),
('26014','Baviácora','26'),
('26015','Bavispe','26'),
('26016','Benjamín Hill','26'),
('26017','Caborca','26'),
('26018','Cajeme','26'),
('26019','Cananea','26'),
('26020','Carbó','26'),
('26021','La Colorada','26'),
('26022','Cucurpe','26'),
('26023','Cumpas','26'),
('26024','Divisaderos','26'),
('26025','Empalme','26'),
('26026','Etchojoa','26'),
('26027','Fronteras','26'),
('26028','Granados','26'),
('26029','Guaymas','26'),
('26030','Hermosillo','26'),
('26031','Huachinera','26'),
('26032','Huásabas','26'),
('26033','Huatabampo','26'),
('26034','Huépac','26'),
('26035','Imuris','26'),
('26036','Magdalena','26'),
('26037','Mazatán','26'),
('26038','Moctezuma','26'),
('26039','Naco','26'),
('26040','Nácori Chico','26'),
('26041','Nacozari de García','26'),
('26042','Navojoa','26'),
('26043','Nogales','26'),
('26044','Onavas','26'),
('26045','Opodepe','26'),
('26046','Oquitoa','26'),
('26047','Pitiquito','26'),
('26048','Puerto Peñasco','26'),
('26049','Quiriego','26'),
('26050','Rayón','26'),
('26051','Rosario','26'),
('26052','Sahuaripa','26'),
('26053','San Felipe de Jesús','26'),
('26054','San Javier','26'),
('26055','San Luis Río Colorado','26'),
('26056','San Miguel de Horcasitas','26'),
('26057','San Pedro de la Cueva','26'),
('26058','Santa Ana','26'),
('26059','Santa Cruz','26'),
('26060','Sáric','26'),
('26061','Soyopa','26'),
('26062','Suaqui Grande','26'),
('26063','Tepache','26'),
('26064','Trincheras','26'),
('26065','Tubutama','26'),
('26066','Ures','26'),
('26067','Villa Hidalgo','26'),
('26068','Villa Pesqueira','26'),
('26069','Yécora','26'),
('26070','General Plutarco Elías Calles','26'),
('26071','Benito Juárez','26'),
('26072','San Ignacio Río Muerto','26'),
('27001','Balancán','27'),
('27002','Cárdenas','27'),
('27003','Centla','27'),
('27004','Centro','27'),
('27005','Comalcalco','27'),
('27006','Cunduacán','27'),
('27007','Emiliano Zapata','27'),
('27008','Huimanguillo','27'),
('27009','Jalapa','27'),
('27010','Jalpa de Méndez','27'),
('27011','Jonuta','27'),
('27012','Macuspana','27'),
('27013','Nacajuca','27'),
('27014','Paraíso','27'),
('27015','Tacotalpa','27'),
('27016','Teapa','27'),
('27017','Tenosique','27'),
('28001','Abasolo','28'),
('28002','Aldama','28'),
('28003','Altamira','28'),
('28004','Antiguo Morelos','28'),
('28005','Burgos','28'),
('28006','Bustamante','28'),
('28007','Camargo','28'),
('28008','Casas','28'),
('28009','Ciudad Madero','28'),
('28010','Cruillas','28'),
('28011','Gómez Farías','28'),
('28012','González','28'),
('28013','Güémez','28'),
('28014','Guerrero','28'),
('28015','Gustavo Díaz Ordaz','28'),
('28016','Hidalgo','28'),
('28017','Jaumave','28'),
('28018','Jiménez','28'),
('28019','Llera','28'),
('28020','Mainero','28'),
('28021','El Mante','28'),
('28022','Matamoros','28'),
('28023','Méndez','28'),
('28024','Mier','28'),
('28025','Miguel Alemán','28'),
('28026','Miquihuana','28'),
('28027','Nuevo Laredo','28'),
('28028','Nuevo Morelos','28'),
('28029','Ocampo','28'),
('28030','Padilla','28'),
('28031','Palmillas','28'),
('28032','Reynosa','28'),
('28033','Río Bravo','28'),
('28034','San Carlos','28'),
('28035','San Fernando','28'),
('28036','San Nicolás','28'),
('28037','Soto la Marina','28'),
('28038','Tampico','28'),
('28039','Tula','28'),
('28040','Valle Hermoso','28'),
('28041','Victoria','28'),
('28042','Villagrán','28'),
('28043','Xicoténcatl','28'),
('29001','Amaxac de Guerrero','29'),
('29002','Apetatitlán de Antonio Carvajal','29'),
('29003','Atlangatepec','29'),
('29004','Atltzayanca','29'),
('29005','Apizaco','29'),
('29006','Calpulalpan','29'),
('29007','El Carmen Tequexquitla','29'),
('29008','Cuapiaxtla','29'),
('29009','Cuaxomulco','29'),
('29010','Chiautempan','29'),
('29011','Muñoz de Domingo Arenas','29'),
('29012','Españita','29'),
('29013','Huamantla','29'),
('29014','Hueyotlipan','29'),
('29015','Ixtacuixtla de Mariano Matamoros','29'),
('29016','Ixtenco','29'),
('29017','Mazatecochco de José María Morelos','29'),
('29018','Contla de Juan Cuamatzi','29'),
('29019','Tepetitla de Lardizábal','29'),
('29020','Sanctórum de Lázaro Cárdenas','29'),
('29021','Nanacamilpa de Mariano Arista','29'),
('29022','Acuamanala de Miguel Hidalgo','29'),
('29023','Natívitas','29'),
('29024','Panotla','29'),
('29025','San Pablo del Monte','29'),
('29026','Santa Cruz Tlaxcala','29'),
('29027','Tenancingo','29'),
('29028','Teolocholco','29'),
('29029','Tepeyanco','29'),
('29030','Terrenate','29'),
('29031','Tetla de la Solidaridad','29'),
('29032','Tetlatlahuca','29'),
('29033','Tlaxcala','29'),
('29034','Tlaxco','29'),
('29035','Tocatlán','29'),
('29036','Totolac','29'),
('29037','Ziltlaltépec de Trinidad Sánchez Santos','29'),
('29038','Tzompantepec','29'),
('29039','Xaloztoc','29'),
('29040','Xaltocan','29'),
('29041','Papalotla de Xicohténcatl','29'),
('29042','Xicohtzinco','29'),
('29043','Yauhquemehcan','29'),
('29044','Zacatelco','29'),
('29045','Benito Juárez','29'),
('29046','Emiliano Zapata','29'),
('29047','Lázaro Cárdenas','29'),
('29048','La Magdalena Tlaltelulco','29'),
('29049','San Damián Texóloc','29'),
('29050','San Francisco Tetlanohcan','29'),
('29051','San Jerónimo Zacualpan','29'),
('29052','San José Teacalco','29'),
('29053','San Juan Huactzinco','29'),
('29054','San Lorenzo Axocomanitla','29'),
('29055','San Lucas Tecopilco','29'),
('29056','Santa Ana Nopalucan','29'),
('29057','Santa Apolonia Teacalco','29'),
('29058','Santa Catarina Ayometla','29'),
('29059','Santa Cruz Quilehtla','29'),
('29060','Santa Isabel Xiloxoxtla','29'),
('30001','Acajete','30'),
('30002','Acatlán','30'),
('30003','Acayucan','30'),
('30004','Actopan','30'),
('30005','Acula','30'),
('30006','Acultzingo','30'),
('30007','Camarón de Tejeda','30'),
('30008','Alpatláhuac','30'),
('30009','Alto Lucero de Gutiérrez Barrios','30'),
('30010','Altotonga','30'),
('30011','Alvarado','30'),
('30012','Amatitlán','30'),
('30013','Naranjos Amatlán','30'),
('30014','Amatlán de los Reyes','30'),
('30015','Angel R. Cabada','30'),
('30016','La Antigua','30'),
('30017','Apazapan','30'),
('30018','Aquila','30'),
('30019','Astacinga','30'),
('30020','Atlahuilco','30'),
('30021','Atoyac','30'),
('30022','Atzacan','30'),
('30023','Atzalan','30'),
('30024','Tlaltetela','30'),
('30025','Ayahualulco','30'),
('30026','Banderilla','30'),
('30027','Benito Juárez','30'),
('30028','Boca del Río','30'),
('30029','Calcahualco','30'),
('30030','Camerino Z. Mendoza','30'),
('30031','Carrillo Puerto','30'),
('30032','Catemaco','30'),
('30033','Cazones de Herrera','30'),
('30034','Cerro Azul','30'),
('30035','Citlaltépetl','30'),
('30036','Coacoatzintla','30'),
('30037','Coahuitlán','30'),
('30038','Coatepec','30'),
('30039','Coatzacoalcos','30'),
('30040','Coatzintla','30'),
('30041','Coetzala','30'),
('30042','Colipa','30'),
('30043','Comapa','30'),
('30044','Córdoba','30'),
('30045','Cosamaloapan de Carpio','30'),
('30046','Cosautlán de Carvajal','30'),
('30047','Coscomatepec','30'),
('30048','Cosoleacaque','30'),
('30049','Cotaxtla','30'),
('30050','Coxquihui','30'),
('30051','Coyutla','30'),
('30052','Cuichapa','30'),
('30053','Cuitláhuac','30'),
('30054','Chacaltianguis','30'),
('30055','Chalma','30'),
('30056','Chiconamel','30'),
('30057','Chiconquiaco','30'),
('30058','Chicontepec','30'),
('30059','Chinameca','30'),
('30060','Chinampa de Gorostiza','30'),
('30061','Las Choapas','30'),
('30062','Chocamán','30'),
('30063','Chontla','30'),
('30064','Chumatlán','30'),
('30065','Emiliano Zapata','30'),
('30066','Espinal','30'),
('30067','Filomeno Mata','30'),
('30068','Fortín','30'),
('30069','Gutiérrez Zamora','30'),
('30070','Hidalgotitlán','30'),
('30071','Huatusco','30'),
('30072','Huayacocotla','30'),
('30073','Hueyapan de Ocampo','30'),
('30074','Huiloapan de Cuauhtémoc','30'),
('30075','Ignacio de la Llave','30'),
('30076','Ilamatlán','30'),
('30077','Isla','30'),
('30078','Ixcatepec','30'),
('30079','Ixhuacán de los Reyes','30'),
('30080','Ixhuatlán del Café','30'),
('30081','Ixhuatlancillo','30'),
('30082','Ixhuatlán del Sureste','30'),
('30083','Ixhuatlán de Madero','30'),
('30084','Ixmatlahuacan','30'),
('30085','Ixtaczoquitlán','30'),
('30086','Jalacingo','30'),
('30087','Xalapa','30'),
('30088','Jalcomulco','30'),
('30089','Jáltipan','30'),
('30090','Jamapa','30'),
('30091','Jesús Carranza','30'),
('30092','Xico','30'),
('30093','Jilotepec','30'),
('30094','Juan Rodríguez Clara','30'),
('30095','Juchique de Ferrer','30'),
('30096','Landero y Coss','30'),
('30097','Lerdo de Tejada','30'),
('30098','Magdalena','30'),
('30099','Maltrata','30'),
('30100','Manlio Fabio Altamirano','30'),
('30101','Mariano Escobedo','30'),
('30102','Martínez de la Torre','30'),
('30103','Mecatlán','30'),
('30104','Mecayapan','30'),
('30105','Medellín de Bravo','30'),
('30106','Miahuatlán','30'),
('30107','Las Minas','30'),
('30108','Minatitlán','30'),
('30109','Misantla','30'),
('30110','Mixtla de Altamirano','30'),
('30111','Moloacán','30'),
('30112','Naolinco','30'),
('30113','Naranjal','30'),
('30114','Nautla','30'),
('30115','Nogales','30'),
('30116','Oluta','30'),
('30117','Omealca','30'),
('30118','Orizaba','30'),
('30119','Otatitlán','30'),
('30120','Oteapan','30'),
('30121','Ozuluama de Mascareñas','30'),
('30122','Pajapan','30'),
('30123','Pánuco','30'),
('30124','Papantla','30'),
('30125','Paso del Macho','30'),
('30126','Paso de Ovejas','30'),
('30127','La Perla','30'),
('30128','Perote','30'),
('30129','Platón Sánchez','30'),
('30130','Playa Vicente','30'),
('30131','Poza Rica de Hidalgo','30'),
('30132','Las Vigas de Ramírez','30'),
('30133','Pueblo Viejo','30'),
('30134','Puente Nacional','30'),
('30135','Rafael Delgado','30'),
('30136','Rafael Lucio','30'),
('30137','Los Reyes','30'),
('30138','Río Blanco','30'),
('30139','Saltabarranca','30'),
('30140','San Andrés Tenejapan','30'),
('30141','San Andrés Tuxtla','30'),
('30142','San Juan Evangelista','30'),
('30143','Santiago Tuxtla','30'),
('30144','Sayula de Alemán','30'),
('30145','Soconusco','30'),
('30146','Sochiapa','30'),
('30147','Soledad Atzompa','30'),
('30148','Soledad de Doblado','30'),
('30149','Soteapan','30'),
('30150','Tamalín','30'),
('30151','Tamiahua','30'),
('30152','Tampico Alto','30'),
('30153','Tancoco','30'),
('30154','Tantima','30'),
('30155','Tantoyuca','30'),
('30156','Tatatila','30'),
('30157','Castillo de Teayo','30'),
('30158','Tecolutla','30'),
('30159','Tehuipango','30'),
('30160','Álamo Temapache','30'),
('30161','Tempoal','30'),
('30162','Tenampa','30'),
('30163','Tenochtitlán','30'),
('30164','Teocelo','30'),
('30165','Tepatlaxco','30'),
('30166','Tepetlán','30'),
('30167','Tepetzintla','30'),
('30168','Tequila','30'),
('30169','José Azueta','30'),
('30170','Texcatepec','30'),
('30171','Texhuacán','30'),
('30172','Texistepec','30'),
('30173','Tezonapa','30'),
('30174','Tierra Blanca','30'),
('30175','Tihuatlán','30'),
('30176','Tlacojalpan','30'),
('30177','Tlacolulan','30'),
('30178','Tlacotalpan','30'),
('30179','Tlacotepec de Mejía','30'),
('30180','Tlachichilco','30'),
('30181','Tlalixcoyan','30'),
('30182','Tlalnelhuayocan','30'),
('30183','Tlapacoyan','30'),
('30184','Tlaquilpa','30'),
('30185','Tlilapan','30'),
('30186','Tomatlán','30'),
('30187','Tonayán','30'),
('30188','Totutla','30'),
('30189','Tuxpan','30'),
('30190','Tuxtilla','30'),
('30191','Ursulo Galván','30'),
('30192','Vega de Alatorre','30'),
('30193','Veracruz','30'),
('30194','Villa Aldama','30'),
('30195','Xoxocotla','30'),
('30196','Yanga','30'),
('30197','Yecuatla','30'),
('30198','Zacualpan','30'),
('30199','Zaragoza','30'),
('30200','Zentla','30'),
('30201','Zongolica','30'),
('30202','Zontecomatlán de López y Fuentes','30'),
('30203','Zozocolco de Hidalgo','30'),
('30204','Agua Dulce','30'),
('30205','El Higo','30'),
('30206','Nanchital de Lázaro Cárdenas del Río','30'),
('30207','Tres Valles','30'),
('30208','Carlos A. Carrillo','30'),
('30209','Tatahuicapan de Juárez','30'),
('30210','Uxpanapa','30'),
('30211','San Rafael','30'),
('30212','Santiago Sochiapan','30'),
('31001','Abalá','31'),
('31002','Acanceh','31'),
('31003','Akil','31'),
('31004','Baca','31'),
('31005','Bokobá','31'),
('31006','Buctzotz','31'),
('31007','Cacalchén','31'),
('31008','Calotmul','31'),
('31009','Cansahcab','31'),
('31010','Cantamayec','31'),
('31011','Celestún','31'),
('31012','Cenotillo','31'),
('31013','Conkal','31'),
('31014','Cuncunul','31'),
('31015','Cuzamá','31'),
('31016','Chacsinkín','31'),
('31017','Chankom','31'),
('31018','Chapab','31'),
('31019','Chemax','31'),
('31020','Chicxulub Pueblo','31'),
('31021','Chichimilá','31'),
('31022','Chikindzonot','31'),
('31023','Chocholá','31'),
('31024','Chumayel','31'),
('31025','Dzán','31'),
('31026','Dzemul','31'),
('31027','Dzidzantún','31'),
('31028','Dzilam de Bravo','31'),
('31029','Dzilam González','31'),
('31030','Dzitás','31'),
('31031','Dzoncauich','31'),
('31032','Espita','31'),
('31033','Halachó','31'),
('31034','Hocabá','31'),
('31035','Hoctún','31'),
('31036','Homún','31'),
('31037','Huhí','31'),
('31038','Hunucmá','31'),
('31039','Ixil','31'),
('31040','Izamal','31'),
('31041','Kanasín','31'),
('31042','Kantunil','31'),
('31043','Kaua','31'),
('31044','Kinchil','31'),
('31045','Kopomá','31'),
('31046','Mama','31'),
('31047','Maní','31'),
('31048','Maxcanú','31'),
('31049','Mayapán','31'),
('31050','Mérida','31'),
('31051','Mocochá','31'),
('31052','Motul','31'),
('31053','Muna','31'),
('31054','Muxupip','31'),
('31055','Opichén','31'),
('31056','Oxkutzcab','31'),
('31057','Panabá','31'),
('31058','Peto','31'),
('31059','Progreso','31'),
('31060','Quintana Roo','31'),
('31061','Río Lagartos','31'),
('31062','Sacalum','31'),
('31063','Samahil','31'),
('31064','Sanahcat','31'),
('31065','San Felipe','31'),
('31066','Santa Elena','31'),
('31067','Seyé','31'),
('31068','Sinanché','31'),
('31069','Sotuta','31'),
('31070','Sucilá','31'),
('31071','Sudzal','31'),
('31072','Suma','31'),
('31073','Tahdziú','31'),
('31074','Tahmek','31'),
('31075','Teabo','31'),
('31076','Tecoh','31'),
('31077','Tekal de Venegas','31'),
('31078','Tekantó','31'),
('31079','Tekax','31'),
('31080','Tekit','31'),
('31081','Tekom','31'),
('31082','Telchac Pueblo','31'),
('31083','Telchac Puerto','31'),
('31084','Temax','31'),
('31085','Temozón','31'),
('31086','Tepakán','31'),
('31087','Tetiz','31'),
('31088','Teya','31'),
('31089','Ticul','31'),
('31090','Timucuy','31'),
('31091','Tinum','31'),
('31092','Tixcacalcupul','31'),
('31093','Tixkokob','31'),
('31094','Tixmehuac','31'),
('31095','Tixpéhual','31'),
('31096','Tizimín','31'),
('31097','Tunkás','31'),
('31098','Tzucacab','31'),
('31099','Uayma','31'),
('31100','Ucú','31'),
('31101','Umán','31'),
('31102','Valladolid','31'),
('31103','Xocchel','31'),
('31104','Yaxcabá','31'),
('31105','Yaxkukul','31'),
('31106','Yobaín','31'),
('32001','Apozol','32'),
('32002','Apulco','32'),
('32003','Atolinga','32'),
('32004','Benito Juárez','32'),
('32005','Calera','32'),
('32006','Cañitas de Felipe Pescador','32'),
('32007','Concepción del Oro','32'),
('32008','Cuauhtémoc','32'),
('32009','Chalchihuites','32'),
('32010','Fresnillo','32'),
('32011','Trinidad García de la Cadena','32'),
('32012','Genaro Codina','32'),
('32013','General Enrique Estrada','32'),
('32014','General Francisco R. Murguía','32'),
('32015','El Plateado de Joaquín Amaro','32'),
('32016','General Pánfilo Natera','32'),
('32017','Guadalupe','32'),
('32018','Huanusco','32'),
('32019','Jalpa','32'),
('32020','Jerez','32'),
('32021','Jiménez del Teul','32'),
('32022','Juan Aldama','32'),
('32023','Juchipila','32'),
('32024','Loreto','32'),
('32025','Luis Moya','32'),
('32026','Mazapil','32'),
('32027','Melchor Ocampo','32'),
('32028','Mezquital del Oro','32'),
('32029','Miguel Auza','32'),
('32030','Momax','32'),
('32031','Monte Escobedo','32'),
('32032','Morelos','32'),
('32033','Moyahua de Estrada','32'),
('32034','Nochistlán de Mejía','32'),
('32035','Noria de Ángeles','32'),
('32036','Ojocaliente','32'),
('32037','Pánuco','32'),
('32038','Pinos','32'),
('32039','Río Grande','32'),
('32040','Sain Alto','32'),
('32041','El Salvador','32'),
('32042','Sombrerete','32'),
('32043','Susticacán','32'),
('32044','Tabasco','32'),
('32045','Tepechitlán','32'),
('32046','Tepetongo','32'),
('32047','Teúl de González Ortega','32'),
('32048','Tlaltenango de Sánchez Román','32'),
('32049','Valparaíso','32'),
('32050','Vetagrande','32'),
('32051','Villa de Cos','32'),
('32052','Villa García','32'),
('32053','Villa González Ortega','32'),
('32054','Villa Hidalgo','32'),
('32055','Villanueva','32'),
('32056','Zacatecas','32'),
('32057','Trancoso','32'),
('32058','Santa María de la Paz','32');

/*
*******************
*    COLONIAS     *
*******************
*/
INSERT INTO colonias (id_colonia,nombre,cp,clave_municipio) VALUES
(258,'Centro de Azcapotzalco','02000','30003'),
(821,'Los Reyes','02010','31071'),
(918,'Nuevo Barrio San Rafael','02010','26043'),
(1267,'San Rafael','02010','20113'),
(1209,'San Marcos','02020','16111'),
(1363,'Santo Tomás','02020','29056'),
(350,'Del Maestro','02040','26067'),
(1272,'San Sebastián','02040','20094'),
(738,'Libertad','02050','23002'),
(1329,'Santa María Malinalco','02050','04007'),
(1373,'Sindicato Mexicano de Electricistas','02060','20004'),
(1438,'Un Hogar Para Cada Trabajador','02060','24032'),
(357,'Del Recreo','02070','20445'),
(899,'Nextengo','02070','20457'),
(276,'Clavería','02080','29029'),
(1365,'Sector Naval','02080','30126'),
(1097,'San Álvaro','02090','07100'),
(142,'Ángel Zimbrón','02099','05014'),
(422,'El Rosario','02100','17004'),
(1212,'San Martín Xochinahuac','02120','21176'),
(909,'Nueva El Rosario','02128','20025'),
(910,'Nueva España','02129','21014'),
(1403,'Tierra Nueva','02130','15063'),
(1315,'Santa Inés','02140','13038'),
(953,'Pasteros','02150','21214'),
(1361,'Santo Domingo','02160','16090'),
(1072,'Reynosa Tamaulipas','02200','27005'),
(1286,'Santa Bárbara','02230','21193'),
(1098,'San Andrés','02240','20450'),
(1288,'Santa Catarina','02250','07023'),
(572,'Industrial Vallejo','02300','15071'),
(486,'Ferrería','02310','20217'),
(1102,'San Andrés de las Salinas','02320','20335'),
(559,'Huautla de las Salinas','02330','11044'),
(1304,'Santa Cruz de las Salinas','02340','31029'),
(726,'Las Salinas','02360','04004'),
(1189,'San Juan Tlihuaca','02400','15017'),
(1018,'Prados del Rosario','02410','20159'),
(478,'Ex-Hacienda El Rosario','02420','24019'),
(1032,'Providencia','02440','20056'),
(1401,'Tezozomoc','02459','20373'),
(696,'La Preciosa','02460','31051'),
(118,'Ampliación Petrolera','02470','31036'),
(979,'Petrolera','02480','14026'),
(1213,'San Mateo','02490','27006'),
(1440,'Unidad Cuitlahuac','02500','30107'),
(390,'El Jagüey','02519','24031'),
(457,'Estación Pantaco','02520','22002'),
(591,'Jardín Azpeitia','02530','28012'),
(1031,'Pro-Hogar','02600','30076'),
(284,'Coltongo','02630','28030'),
(887,'Monte Alto','02640','26003'),
(1431,'Trabajadores de Hierro','02650','05015'),
(464,'Euzkadi','02660','26049'),
(298,'Cosmopolita','02670','14045'),
(1009,'Potrero del Llano','02680','20557'),
(1229,'San Miguel Amantla','02700','20355'),
(1265,'San Pedro Xalpa','02710','21151'),
(128,'Ampliación San Pedro Xalpa','02719','31032'),
(1108,'San Antonio','02720','20151'),
(1117,'San Bartolo Cahualtongo','02720','20330'),
(1141,'San Francisco Tetecala','02730','09014'),
(1350,'Santiago Ahuizotla','02750','19045'),
(571,'Industrial San Antonio','02760','27013'),
(1320,'Santa Lucía','02760','31085'),
(1299,'Santa Cruz Acayucan','02770','12068'),
(988,'Plenitud','02780','07008'),
(1285,'Santa Apolonia','02790','24034'),
(915,'Nueva Santa María','02800','13074'),
(565,'Ignacio Allende','02810','13058'),
(1468,'Victoria de las Democracias','02810','13030'),
(1122,'San Bernabé','02830','11012'),
(921,'Obrero Popular','02840','19002'),
(1421,'Tlatilco','02860','29033'),
(1271,'San Salvador Xochimanca','02870','20001'),
(48,'Aguilera','02900','28023'),
(57,'Aldana','02910','15056'),
(82,'Ampliación Cosmopolita','02920','07107'),
(735,'Liberación','02930','30115'),
(1005,'Porvenir','02940','21004'),
(348,'Del Gas','02950','31086'),
(1145,'San Francisco Xocotitla','02960','13007'),
(84,'Ampliación Del Gas','02970','32027'),
(154,'Arenal','02980','05025'),
(954,'Patrimonio Familiar','02980','20426'),
(699,'La Raza','02990','16057'),
(1472,'Villa Coyoacán','04000','18013'),
(1289,'Santa Catarina','04010','18014'),
(631,'La Concepción','04020','19009'),
(1204,'San Lucas','04030','02004'),
(947,'Parque San Andrés','04040','24026'),
(345,'Del Carmen','04100','23009'),
(1129,'San Diego Churubusco','04120','20455'),
(1214,'San Mateo','04120','08067'),
(221,'Campestre Churubusco','04200','08045'),
(271,'Churubusco Country Club','04210','16051'),
(1012,'Prado Churubusco','04230','30055'),
(545,'Hermosillo','04240','30114'),
(951,'Paseos de Taxqueña','04250','15106'),
(1136,'San Francisco Culhuacán Barrio de La Magdalena','04260','07005'),
(1137,'San Francisco Culhuacán Barrio de San Francisco','04260','24056'),
(1138,'San Francisco Culhuacán Barrio de San Juan','04260','13018'),
(1139,'San Francisco Culhuacán Barrio de Santa Ana','04260','21109'),
(52,'Ajusco','04300','21157'),
(1085,'Romero de Terreros','04310','21006'),
(930,'Oxtopulco Universidad','04318','24044'),
(306,'Cuadrante de San Francisco','04320','14118'),
(959,'Pedregal de San Francisco','04320','20307'),
(352,'Del Niño Jesús','04330','32024'),
(427,'El Rosedal','04330','04003'),
(822,'Los Reyes','04330','18011'),
(295,'Copilco El Bajo','04340','21024'),
(294,'Copilco El Alto','04360','07017'),
(296,'Copilco Universidad','04360','21129'),
(967,'Pedregal de Santo Domingo','04369','31011'),
(172,'Atlántida','04370','17021'),
(275,'Ciudad Jardín','04370','31033'),
(423,'El Rosario','04380','20211'),
(625,'La Candelaria','04380','20291'),
(560,'Huayamilpas','04390','20369'),
(908,'Nueva Díaz Ordaz','04390','31047'),
(371,'Educación','04400','20269'),
(980,'Petrolera Taxqueña','04410','11046'),
(472,'Ex-Ejido de San Francisco Culhuacán','04420','30077'),
(323,'Culhuacán CTM Sección I','04440','30065'),
(324,'Culhuacán CTM Sección II','04440','20526'),
(329,'Culhuacán CTM Sección V','04440','15038'),
(383,'El Centinela','04450','20481'),
(173,'Avante','04460','30138'),
(1022,'Presidentes Ejidales 1a Sección','04470','21005'),
(1023,'Presidentes Ejidales 2a Sección','04470','13083'),
(322,'Culhuacán CTM CROC','04480','12007'),
(325,'Culhuacán CTM Sección III','04480','09013'),
(330,'Culhuacán CTM Sección VI','04480','14005'),
(334,'Culhuacán CTM Sección X-A','04480','10028'),
(331,'Culhuacán CTM Sección VII','04489','32003'),
(321,'Culhuacán CTM Canal Nacional','04490','16079'),
(328,'Culhuacán CTM Sección Piloto','04490','30014'),
(599,'Jardines del Pedregal de San Ángel','04500','32057'),
(1444,'Universidad Nacional Autónoma de México','04510','07047'),
(686,'La Otra Banda','04519','29032'),
(576,'Insurgentes Cuicuilco','04530','21077'),
(965,'Pedregal de Santa Úrsula','04600','21056'),
(1497,'Xotepingo','04610','15060'),
(1255,'San Pablo Tepetlapa','04620','20036'),
(41,'Adolfo Ruiz Cortínes','04630','30181'),
(415,'El Reloj','04640','16101'),
(1344,'Santa Úrsula Coapa','04650','02003'),
(609,'Joyas del Pedregal','04660','02002'),
(957,'Pedregal de Carrasco','04700','04006'),
(926,'Olímpica','04710','28004'),
(205,'Bosques de Tetlameya','04730','02002'),
(230,'Cantil del Pedregal','04730','18015'),
(382,'El Caracol','04739','02002'),
(61,'Alianza Popular Revolucionaria','04800','09009'),
(806,'Los Cedros','04800','15025'),
(1016,'Prados de Coyoacán','04810','21145'),
(443,'Emiliano Zapata','04815','30196'),
(807,'Los Cipreses','04830','22012'),
(473,'Ex-Ejido de San Pablo Tepetlapa','04840','23010'),
(455,'Espartaco','04870','19017'),
(594,'Jardines de Coyoacán','04890','03003'),
(814,'Los Olivos','04890','13026'),
(408,'El Parque de Coyoacán','04899','25018'),
(326,'Culhuacán CTM Sección IX-A','04909','24017'),
(327,'Culhuacán CTM Sección IX-B','04909','06007'),
(332,'Culhuacán CTM Sección VIII','04909','08037'),
(240,'Carmen Serdán','04910','16001'),
(214,'Cafetales','04918','26031'),
(446,'Emiliano Zapata Fraccionamiento Popular','04919','21143'),
(811,'Los Girasoles','04920','29045'),
(716,'Las Campanas','04929','30010'),
(1290,'Santa Cecilia','04930','25002'),
(222,'Campestre Coyoacán','04938','11039'),
(333,'Culhuacán CTM Sección X','04939','21132'),
(828,'Los Sauces','04940','32056'),
(394,'El Mirador','04950','02002'),
(1481,'Villa Quietud','04960','27001'),
(544,'Haciendas de Coyoacán','04970','22014'),
(474,'Ex-Ejido de Santa Úrsula Coapa','04980','32054'),
(475,'Ex-Hacienda Coapa','04980','24053'),
(1469,'Viejo Ejido de Santa Úrsula Coapa','04980','26066'),
(307,'Cuajimalpa','05000','04001'),
(1505,'Zentlapatl','05010','21169'),
(746,'Loma del Padre','05020','23010'),
(678,'La Manzanita','05030','03004'),
(1256,'San Pedro','05030','19014'),
(1254,'San Pablo Chimalpa','05050','20394'),
(787,'Lomas de Vista Hermosa','05100','10017'),
(292,'Cooperativa Palo Alto','05110','04001'),
(529,'Granjas Palo Alto','05118','16113'),
(223,'Campestre Palo Alto','05119','21200'),
(204,'Bosques de las Lomas','05120','01005'),
(790,'Lomas del Chamizal','05129','25017'),
(1164,'San José de los Cedros','05200','22007'),
(528,'Granjas Navidad','05219','32019'),
(1393,'Tepetongo','05220','20479'),
(386,'El Ébano','05230','31043'),
(403,'El Molino','05240','17004'),
(603,'Jesús del Monte','05260','15114'),
(66,'Amado Nervo','05269','02004'),
(838,'Manzanastitla','05270','22006'),
(39,'Adolfo López Mateos','05280','32046'),
(402,'El Molinito','05310','14065'),
(442,'El Yaqui','05320','14022'),
(88,'Ampliación el Yaqui','05330','05008'),
(111,'Ampliación Memetla','05330','26050'),
(770,'Lomas de Memetla','05330','28019'),
(848,'Memetla','05330','09015'),
(1311,'Santa Fe Cuajimalpa','05348','27011'),
(745,'Locaxco','05360','14111'),
(727,'Las Tinajas','05370','10037'),
(781,'Lomas de San Pedro','05379','05032'),
(435,'El Tianguillo','05400','14007'),
(1,'1° de Mayo','05410','16029'),
(1196,'San Lorenzo Acopilco','05410','07070'),
(291,'Contadero','05500','21120'),
(704,'La Venta','05520','09016'),
(31,'Abdías García Soto','05530','24046'),
(1217,'San Mateo Tlaltenango','05600','10004'),
(1342,'Santa Rosa Xochiac','05610','31038'),
(303,'Cruz Blanca','05700','19043'),
(722,'Las Maromas','05710','28020'),
(1490,'Xalpa','05730','19049'),
(691,'La Pila','05750','03003'),
(721,'Las Lajas','05760','10030'),
(47,'Agua Bendita','05780','22006'),
(150,'Aragón la Villa','07000','23003'),
(1089,'Rosas del Tepeyac','07010','32008'),
(1318,'Santa Isabel Tola','07010','26022'),
(1392,'Tepetates','07010','16065'),
(1395,'Tepeyac Insurgentes','07020','07025'),
(1352,'Santiago Atzacoalco','07040','18003'),
(1475,'Villa Gustavo A. Madero','07050','27017'),
(6,'15 de Agosto','07058','20293'),
(460,'Estanzuela','07060','12064'),
(1435,'Triunfo de La República','07069','08033'),
(364,'Dinamita','07070','14045'),
(641,'La Cruz','07070','20308'),
(843,'Martín Carrera','07070','31106'),
(503,'Gabriel Hernández','07080','02003'),
(93,'Ampliación Gabriel Hernández','07089','14074'),
(211,'C.T.M. Atzacoalco','07090','24011'),
(212,'C.T.M. El Risco','07090','21174'),
(311,'Cuautepec Barrio Alto','07100','18011'),
(1219,'San Miguel','07100','29038'),
(1109,'San Antonio','07109','01010'),
(762,'Lomas de Cuautepec','07110','27002'),
(109,'Ampliación Malacates','07119','12028'),
(836,'Malacates','07119','13063'),
(285,'Compositores Mexicanos','07130','06005'),
(434,'El Tepetatal','07130','22012'),
(72,'Ampliación Arboledas','07140','13067'),
(151,'Arboledas','07140','19035'),
(491,'Forestal','07140','07064'),
(492,'Forestal I','07140','16082'),
(493,'Forestal II','07144','27012'),
(666,'La Lengüeta','07144','29041'),
(944,'Parque Metropolitano','07149','28011'),
(614,'Juventino Rosas','07150','01009'),
(630,'La Casilda','07150','21017'),
(747,'Loma La Palma','07160','17013'),
(519,'Graciano Sánchez','07164','15034'),
(830,'Luis Donaldo Colosio','07164','30054'),
(1017,'Prados de Cuautepec','07164','32047'),
(1408,'Tlacaélel','07164','13062'),
(934,'Palmatitla','07170','24034'),
(81,'Ampliación Cocoyotes','07180','04008'),
(278,'Cocoyotes','07180','04009'),
(510,'General Felipe Berriozabal','07180','17005'),
(24,'6 de Junio','07183','30094'),
(1486,'Vista Hermosa','07187','05024'),
(1418,'Tlalpexco','07188','18013'),
(50,'Ahuehuetes','07189','13084'),
(1448,'Valle de Madero','07190','02005'),
(346,'Del Carmen','07199','31022'),
(312,'Cuautepec de Madero','07200','32026'),
(343,'Del Bosque','07207','30094'),
(540,'Guadalupe Victoria Cuautepec','07209','25014'),
(263,'Chalma de Guadalupe','07210','08025'),
(80,'Ampliación Chalma de Guadalupe','07214','14111'),
(243,'Castillo Chico','07220','03004'),
(244,'Castillo Grande','07220','09015'),
(79,'Ampliación Castillo Grande','07224','07091'),
(1507,'Zona Escolar','07230','18001'),
(1508,'Zona Escolar Oriente','07239','04001'),
(378,'El Arbolillo','07240','16046'),
(194,'Benito Juárez','07250','13061'),
(76,'Ampliación Benito Juárez','07259','31069'),
(1375,'Solidaridad Nacional','07268','17008'),
(1063,'Residencial Acueducto de Guadalupe','07270','03003'),
(36,'Acueducto de Guadalupe','07279','32036'),
(604,'Jorge Negrete','07280','05009'),
(689,'La Pastora','07290','10001'),
(739,'Lindavista Norte','07300','18004'),
(740,'Lindavista Sur','07300','08005'),
(228,'Candelaria Ticomán','07310','25007'),
(698,'La Purísima Ticomán','07320','12010'),
(1066,'Residencial la Escalera','07320','05006'),
(1334,'Santa María Ticomán','07330','22011'),
(665,'La Laguna Ticomán','07340','09010'),
(1167,'San José Ticomán','07340','07061'),
(537,'Guadalupe Ticomán','07350','05013'),
(1191,'San Juan y Guadalupe Ticomán','07350','02001'),
(1269,'San Rafael Ticomán','07359','17011'),
(1266,'San Pedro Zacatenco','07360','04006'),
(1070,'Residencial Zacatenco','07369','22006'),
(234,'Capultitlan','07370','10034'),
(846,'Maximino Ávila Camacho','07380','29039'),
(1409,'Tlacamaca','07380','08053'),
(1091,'Salvador Díaz Mirón','07400','01010'),
(611,'Juan González Romero','07410','25015'),
(1476,'Villa Hermosa','07410','24048'),
(384,'El Coyol','07420','27012'),
(907,'Nueva Atzacoalco','07420','16066'),
(354,'Del Obrero','07430','26009'),
(1459,'Vasco de Quiroga','07440','06007'),
(366,'DM Nacional','07450','20169'),
(487,'Ferrocarrilera','07455','13014'),
(734,'LI Legislatura','07456','14047'),
(527,'Granjas Modernas','07460','14105'),
(290,'Constitución de La República','07469','30091'),
(125,'Ampliación San Juan de Aragón','07470','27004'),
(1263,'San Pedro El Chico','07480','23007'),
(695,'La Pradera','07500','06001'),
(1011,'Pradera II Sección','07509','09008'),
(1133,'San Felipe de Jesús','07510','31055'),
(15,'25 de Julio','07520','09003'),
(220,'Campestre Aragón','07530','12080'),
(646,'La Esmeralda','07540','24031'),
(1033,'Providencia','07550','13070'),
(123,'Ampliación Providencia','07560','05024'),
(1473,'Villa de Aragón','07570','30207'),
(78,'Ampliación Casas Alemán','07580','09011'),
(1029,'Progreso Nacional','07600','32034'),
(1340,'Santa Rosa','07620','20038'),
(1163,'San José de la Escalera','07630','01002'),
(1351,'Santiago Atepetlac','07640','23006'),
(122,'Ampliación Progreso Nacional','07650','20014'),
(535,'Guadalupe Proletaria','07670','07045'),
(96,'Ampliación Guadalupe Proletaria','07680','13057'),
(911,'Nueva Industrial Vallejo','07700','19041'),
(1370,'Siete Maravillas','07707','31099'),
(1430,'Torres Lindavista','07708','26066'),
(741,'Lindavista Vallejo I Sección','07720','28036'),
(272,'Churubusco Tepeyac','07730','08061'),
(888,'Montevideo','07730','10019'),
(1116,'San Bartolo Atepehuacan','07730','25006'),
(986,'Planetario Lindavista','07739','29001'),
(1453,'Valle del Tepeyac','07740','29012'),
(917,'Nueva Vallejo','07750','04002'),
(743,'Lindavista Vallejo III Sección','07754','25002'),
(742,'Lindavista Vallejo II Sección','07755','20461'),
(832,'Magdalena de las Salinas','07760','24003'),
(115,'Ampliación Panamericana','07770','10022'),
(936,'Panamericana','07770','09004'),
(340,'Defensores de La República','07780','12024'),
(546,'Héroe de Nacozari','07780','13059'),
(539,'Guadalupe Victoria','07790','08063'),
(1458,'Vallejo Poniente','07790','19019'),
(569,'Industrial','07800','11013'),
(461,'Estrella','07810','03001'),
(149,'Aragón Inguarán','07820','12061'),
(1433,'Tres Estrellas','07820','04010'),
(513,'Gertrudis Sánchez 1a Sección','07830','28024'),
(515,'Gertrudis Sánchez 3a Sección','07838','23004'),
(514,'Gertrudis Sánchez 2a Sección','07839','06010'),
(26,'7 de Noviembre','07840','13070'),
(536,'Guadalupe Tepeyac','07840','29050'),
(197,'Bondojito','07850','14027'),
(481,'Faja de Oro','07850','30074'),
(89,'Ampliación Emiliano Zapata','07858','12007'),
(110,'Ampliación Mártires de Río Blanco','07859','12027'),
(663,'La Joyita','07860','08043'),
(1377,'Tablas de San Agustín','07860','16085'),
(188,'Belisario Domínguez','07869','15009'),
(534,'Guadalupe Insurgentes','07870','23008'),
(1457,'Vallejo','07870','01011'),
(844,'Mártires de Río Blanco','07880','01005'),
(444,'Emiliano Zapata','07889','31037'),
(317,'Cuchilla La Joya','07890','28020'),
(661,'La Joya','07890','10024'),
(916,'Nueva Tenochtitlán','07890','04007'),
(676,'La Malinche','07899','17027'),
(316,'Cuchilla del Tesoro','07900','18003'),
(1181,'San Juan de Aragón VII Sección','07910','17006'),
(1180,'San Juan de Aragón VI Sección','07918','11009'),
(466,'Ex Ejido San Juan de Aragón Sector 32','07919','08057'),
(406,'El Olivo','07920','32023'),
(1173,'San Juan de Aragón','07920','07006'),
(567,'Indeco','07930','01009'),
(549,'Héroes de Chapultepec','07939','15053'),
(467,'Ex Ejido San Juan de Aragón Sector 33','07940','17027'),
(1174,'San Juan de Aragón','07950','22014'),
(468,'Ex Escuela de Tiro','07960','06006'),
(485,'Fernando Casas Alemán','07960','27004'),
(548,'Héroes de Cerro Prieto','07960','08015'),
(1175,'San Juan de Aragón I Sección','07969','09007'),
(1176,'San Juan de Aragón II Sección','07969','13061'),
(1177,'San Juan de Aragón III Sección','07970','30204'),
(1178,'San Juan de Aragón IV Sección','07979','30148'),
(1179,'San Juan de Aragón V Sección','07979','08025'),
(893,'Narciso Bassols','07980','32022'),
(210,'C.T.M. Aragón','07990','14095'),
(505,'Gabriel Ramos Millán Sección Bramadero','08000','21132'),
(471,'Ex-Ejido de La Magdalena Mixiuhca','08010','21004'),
(94,'Ampliación Gabriel Ramos Millán','08020','09002'),
(506,'Gabriel Ramos Millán Sección Cuchilla','08030','22007'),
(239,'Carlos Zapata Vela','08040','08053'),
(45,'Agrícola Pantitlán','08100','16051'),
(1467,'Viaducto Piedad','08200','16087'),
(914,'Nueva Santa Anita','08210','25014'),
(1257,'San Pedro','08220','14105'),
(1144,'San Francisco Xicaltongo','08230','26044'),
(1354,'Santiago Norte','08240','29047'),
(1284,'Santa Anita','08300','31097'),
(642,'La Cruz','08310','26022'),
(494,'Fraccionamiento Coyuya','08320','11024'),
(526,'Granjas México','08400','22001'),
(313,'Cuchilla Agrícola Oriental','08420','05019'),
(44,'Agrícola Oriental','08500','22003'),
(419,'El Rodeo','08510','19048'),
(619,'La Asunción','08600','10009'),
(1503,'Zapotla','08610','09012'),
(823,'Los Reyes','08620','27010'),
(1220,'San Miguel','08650','31100'),
(615,'Juventino Rosas','08700','26032'),
(1424,'Tlazintla','08710','21217'),
(507,'Gabriel Ramos Millán Sección Tlacotal','08720','04002'),
(504,'Gabriel Ramos Millán','08730','31039'),
(574,'INPI Picos','08760','01009'),
(818,'Los Picos de Iztacalco Sección 1B','08760','23006'),
(819,'Los Picos de Iztacalco Sección 2A','08760','02003'),
(817,'Los Picos de Iztacalco Sección 1A','08770','20207'),
(1356,'Santiago Sur','08800','06010'),
(1056,'Reforma Iztaccíhuatl Norte','08810','19009'),
(869,'Militar Marte','08830','20130'),
(1057,'Reforma Iztaccíhuatl Sur','08840','18019'),
(573,'INFONAVIT Iztacalco','08900','13033'),
(1295,'Santa Cruz','08910','10033'),
(602,'Jardines Tecma','08920','07082'),
(218,'Campamento 2 de Octubre','08930','24028'),
(620,'La Asunción','09000','17031'),
(1148,'San Ignacio','09000','02004'),
(1157,'San José','09000','06005'),
(1205,'San Lucas','09000','13024'),
(1252,'San Pablo','09000','19041'),
(1258,'San Pedro','09000','15016'),
(1287,'Santa Bárbara','09000','19027'),
(1055,'Real del Moral','09010','27006'),
(370,'Dr. Alfonso Ortiz Tirado','09020','15030'),
(950,'Paseos de Churubusco','09030','24032'),
(247,'Central de Abasto','09040','28043'),
(453,'Escuadrón 201','09060','28018'),
(1366,'Sector Popular','09060','02005'),
(523,'Granjas de San Antonio','09070','17029'),
(213,'Cacama','09080','11003'),
(1442,'Unidad Modelo','09089','10032'),
(550,'Héroes de Churubusco','09090','02005'),
(854,'Mexicaltzingo','09099','18020'),
(610,'Juan Escutia','09100','27004'),
(1203,'San Lorenzo Xicotencatl','09130','19013'),
(1338,'Santa Martha Acatitla Norte','09140','13078'),
(450,'Ermita Zaragoza','09180','17024'),
(1443,'Unidad Vicente Guerrero','09200','04009'),
(270,'Chinampac de Juárez','09208','29004'),
(1061,'Renovación','09209','28025'),
(1389,'Tepalcates','09210','05006'),
(1441,'Unidad Ejército Constitucionalista','09220','03004'),
(64,'Álvaro Obregón','09230','23002'),
(373,'Ejército de Oriente','09230','18017'),
(407,'El Paraíso','09230','04011'),
(606,'José María Morelos y Pavón','09230','21027'),
(374,'Ejército de Oriente Zona Peñón','09239','18014'),
(1026,'Progresista','09240','17025'),
(700,'La Regadera','09250','13073'),
(289,'Constitución de 1917','09260','23010'),
(283,'Colonial Iztapalapa','09270','14115'),
(584,'Jacarandas','09280','13020'),
(1305,'Santa Cruz Meyehualco','09290','08062'),
(532,'Guadalupe del Moral','09300','24030'),
(731,'Leyes de Reforma 1a Sección','09310','10016'),
(732,'Leyes de Reforma 2a Sección','09310','19011'),
(733,'Leyes de Reforma 3a Sección','09310','32033'),
(315,'Cuchilla del Moral','09319','01006'),
(1369,'Sideral','09320','21022'),
(54,'Albarrada','09350','17032'),
(465,'Eva Sámano de López Mateos','09359','32030'),
(127,'Ampliación San Miguel','09360','10009'),
(1221,'San Miguel','09360','10035'),
(431,'El Sifón','09400','06003'),
(1193,'San Juanico Nextipac','09400','02002'),
(38,'Aculco','09410','12022'),
(593,'Jardines de Churubusco','09410','23001'),
(831,'Magdalena Atlazolpa','09410','08055'),
(1161,'San José Aculco','09410','23001'),
(820,'Los Picos VI-B','09420','32024'),
(913,'Nueva Rosita','09420','30156'),
(1043,'Purísima Atlazolpa','09429','24014'),
(146,'Apatlaco','09430','19037'),
(439,'El Triunfo','09430','24027'),
(87,'Ampliación El Triunfo','09438','21099'),
(416,'El Retoño','09440','27002'),
(1103,'San Andrés Tetepilco','09440','30133'),
(1499,'Zacahuitzco','09440','06010'),
(179,'Banjidal','09450','14055'),
(613,'Justo Sierra','09460','04007'),
(1372,'Sinatel','09470','20395'),
(132,'Ampliación Sinatel','09479','28006'),
(414,'El Prado','09480','30018'),
(1323,'Santa María Aztahuacán','09500','10012'),
(1325,'Santa María Aztahuacán Ampliación','09500','30062'),
(1337,'Santa Martha Acatitla','09510','01002'),
(387,'El Edén','09520','30116'),
(1275,'San Sebastián Tecoloxtitla','09520','32056'),
(1339,'Santa Martha Acatitla Sur','09530','30209'),
(886,'Monte Alban','09550','10036'),
(942,'Paraje Zacatepec','09560','19020'),
(1324,'Santa María Aztahuacán','09570','10008'),
(372,'Ejército de Agua Prieta','09578','12049'),
(1347,'Santiago Acahualtepec','09600','01007'),
(1348,'Santiago Acahualtepec 1ra. Ampliación','09608','16059'),
(1349,'Santiago Acahualtepec 2a. Ampliación','09609','11011'),
(788,'Lomas de Zaragoza','09620','02002'),
(1232,'San Miguel Teotongo Sección Acorralado','09630','06002'),
(1233,'San Miguel Teotongo Sección Avisadero','09630','23007'),
(1234,'San Miguel Teotongo Sección Capilla','09630','19002'),
(1235,'San Miguel Teotongo Sección Corrales','09630','09014'),
(1236,'San Miguel Teotongo Sección Guadalupe','09630','21204'),
(1237,'San Miguel Teotongo Sección Iztlahuaca','09630','29060'),
(1238,'San Miguel Teotongo Sección Jardines','09630','04003'),
(1239,'San Miguel Teotongo Sección La Cruz','09630','27012'),
(1240,'San Miguel Teotongo Sección Loma Alta','09630','21113'),
(1241,'San Miguel Teotongo Sección Mercedes','09630','15020'),
(1242,'San Miguel Teotongo Sección Palmitas','09630','31049'),
(1243,'San Miguel Teotongo Sección Puente','09630','30066'),
(1244,'San Miguel Teotongo Sección Ranchito','09630','28028'),
(1245,'San Miguel Teotongo Sección Rancho Bajo','09630','22004'),
(1246,'San Miguel Teotongo Sección Torres','09630','18006'),
(224,'Campestre Potrero','09637','12077'),
(90,'Ampliación Emiliano Zapata','09638','23003'),
(766,'Lomas de la Estancia','09640','15114'),
(1491,'Xalpa','09640','21196'),
(1253,'San Pablo','09648','04003'),
(273,'Citlalli','09660','22012'),
(935,'Palmitas','09670','26043'),
(1387,'Tenorios','09680','05037'),
(180,'Barranca de Guadalupe','09689','30050'),
(583,'Iztlahuacán','09690','15016'),
(876,'Miravalles','09696','21184'),
(859,'Miguel de La Madrid Hurtado','09698','02002'),
(208,'Buenavista','09700','03004'),
(237,'Carlos Hank Gonzalez','09700','09014'),
(363,'Desarrollo Urbano Quetzalcoatl','09700','01004'),
(1306,'Santa Cruz Meyehualco','09700','17002'),
(341,'Degollado','09704','26050'),
(342,'Degollado - Mexicatlalli','09705','03002'),
(1162,'San José Buenavista','09706','16064'),
(878,'Mixcoatl','09708','22015'),
(782,'Lomas de Santa Cruz','09709','17033'),
(804,'Los Ángeles Apanoaya','09710','28020'),
(497,'Francisco Villa','09720','28015'),
(645,'La Era','09720','09014'),
(1059,'Reforma Política','09730','18014'),
(1021,'Presidentes de México','09740','01001'),
(575,'Insurgentes','09750','31047'),
(694,'La Polvorilla','09750','30021'),
(724,'Las Peñas','09750','28023'),
(288,'Consejo Agrarista Mexicano','09760','06002'),
(437,'El Triángulo','09769','08057'),
(1039,'Puente Blanco','09770','12025'),
(144,'Año de Juárez','09780','07076'),
(780,'Lomas de San Lorenzo','09780','17005'),
(1200,'San Lorenzo Tezonco','09790','03002'),
(320,'Culhuacán','09800','08029'),
(395,'El Mirador','09800','07011'),
(462,'Estrella Culhuacán','09800','06002'),
(499,'Fuego Nuevo','09800','06009'),
(1113,'San Antonio Culhuacán','09800','17006'),
(1276,'San Simón Culhuacán','09800','14081'),
(1436,'Tula','09800','03004'),
(1447,'Valle de Luces','09800','15007'),
(524,'Granjas Esmeralda','09810','27010'),
(808,'Los Cipreses','09810','28001'),
(871,'Minerva','09810','16100'),
(1028,'Progreso del Sur','09810','31027'),
(1452,'Valle del Sur','09819','25009'),
(430,'El Santuario','09820','26070'),
(463,'Estrella del Sur','09820','05035'),
(1073,'Ricardo Flores Magón','09820','14091'),
(1317,'Santa Isabel Industrial','09820','31068'),
(124,'Ampliación Ricardo Flores Magón','09828','14034'),
(86,'Ampliación El Santuario','09829','14085'),
(393,'El Manto','09830','12023'),
(404,'El Molino','09830','14015'),
(793,'Lomas El Manto','09830','18019'),
(802,'Los Ángeles','09830','20177'),
(940,'Paraje San Juan','09830','29059'),
(1227,'San Miguel 8va. Ampliación','09837','27011'),
(985,'Plan de Iguala','09838','20292'),
(116,'Ampliación Paraje San Juan','09839','09014'),
(1183,'San Juan Joya','09839','15035'),
(827,'Los Reyes Culhuacán','09840','08009'),
(108,'Ampliación Los Reyes','09849','12002'),
(1190,'San Juan Xalpa','09850','06003'),
(1250,'San Nicolás Tolentino','09850','21138'),
(1326,'Santa María del Monte','09850','24031'),
(138,'Ampliación Veracruzana','09856','06003'),
(459,'Estado de Veracruz','09856','06008'),
(941,'Paraje San Juan Cerro','09858','29006'),
(195,'Benito Juárez','09859','22009'),
(75,'Ampliación Bellavista','09860','24016'),
(192,'Bellavista','09860','32030'),
(242,'Casa Blanca','09860','23006'),
(262,'Cerro de La Estrella','09860','25011'),
(420,'El Rodeo','09860','16043'),
(946,'Parque Nacional Cerro  de la Estrella','09860','08053'),
(1182,'San Juan Estrella','09868','29042'),
(5,'12 de Diciembre','09870','01001'),
(1104,'San Andrés Tomatlán','09870','29005'),
(1335,'Santa María Tomatlán','09870','20552'),
(441,'El Vergel','09880','01008'),
(525,'Granjas Estrella','09880','30014'),
(794,'Lomas Estrella','09890','28023'),
(238,'Carlos Jonguitud Barrios','09897','19001'),
(530,'Guadalupe','09900','05036'),
(1110,'San Antonio','09900','27006'),
(1194,'San Lorenzo','09900','24049'),
(647,'La Esperanza','09910','03002'),
(605,'José López Portillo','09920','03003'),
(424,'El Rosario','09930','21069'),
(595,'Jardines de San Lorenzo Tezonco','09940','22017'),
(62,'Allapetlalli','09960','05019'),
(246,'Celoalliotli','09960','16029'),
(405,'El Molino Tezonco','09960','21055'),
(692,'La Planta','09960','06005'),
(1445,'USCOVI','09960','06007'),
(227,'Cananea','09969','21075'),
(1449,'Valle de San Lorenzo','09970','12021'),
(797,'Lomas Quebradas','10000','01006'),
(677,'La Malinche','10010','01008'),
(1115,'San Bartolo Ameyalco','10010','28005'),
(309,'Cuauhtémoc','10020','04005'),
(392,'El Maestro','10130','27008'),
(1154,'San Jerónimo Lídice','10200','05020'),
(1123,'San Bernabé Ocotepec','10300','02003'),
(432,'El Tanque','10320','16014'),
(717,'Las Cruces','10330','29037'),
(816,'Los Padres','10340','28011'),
(779,'Lomas de San Bernabé','10350','16083'),
(561,'Huayatla','10360','22004'),
(121,'Ampliación Potrerillo','10368','14011'),
(105,'Ampliación Lomas de San Bernabé','10369','22003'),
(1405,'Tierra Unida','10369','14001'),
(932,'Palmas','10370','08049'),
(168,'Atacaxco','10378','26032'),
(1487,'Vista Hermosa','10379','27015'),
(184,'Barros Sierra','10380','21019'),
(1153,'San Jerónimo Aculco','10400','26046'),
(183,'Barrio San Francisco','10500','22015'),
(181,'Barranca Seca','10580','25011'),
(421,'El Rosal','10600','05012'),
(436,'El Toro','10610','20006'),
(1007,'Potrerillo','10620','28034'),
(628,'La Carbonera','10640','20432'),
(1036,'Pueblo Nuevo Alto','10640','18008'),
(1037,'Pueblo Nuevo Bajo','10640','03001'),
(389,'El Ermitaño','10660','19016'),
(551,'Héroes de Padierna','10700','30163'),
(1343,'Santa Teresa','10710','20190'),
(643,'La Cruz','10800','08023'),
(1135,'San Francisco','10810','16093'),
(653,'La Guadalupe','10820','06005'),
(632,'La Concepción','10830','13001'),
(715,'Las Calles','10840','10024'),
(987,'Plazuela del Pedregal','10840','29018'),
(1251,'San Nicolás Totolapan','10900','14044'),
(672,'La Magdalena','10910','32053'),
(720,'Las Huertas','10920','18019'),
(633,'La Concepción','12000','27014'),
(671,'La Luz','12000','24028'),
(803,'Los Ángeles','12000','05011'),
(1215,'San Mateo','12000','15086'),
(1296,'Santa Cruz','12000','31086'),
(1336,'Santa Martha','12000','24040'),
(1478,'Villa Milpa Alta Centro','12000','25008'),
(1092,'San Agustin','12070','11028'),
(1096,'San Agustin Ohtenco','12080','01007'),
(305,'Cruztitla','12100','26068'),
(1383,'Tecaxtitla','12100','05035'),
(1386,'Tenantitla','12100','32018'),
(1492,'Xaltipac','12100','23007'),
(1495,'Xochitepec','12100','11038'),
(445,'Emiliano Zapata','12110','22013'),
(639,'La Conchita','12110','17014'),
(905,'Nochtla','12200','14030'),
(924,'Ocotitla','12200','29045'),
(937,'Panchimalco','12200','17008'),
(1437,'Tula','12200','10002'),
(1121,'San Bartolomé Xicomulco','12250','21024'),
(1270,'San Salvador Cuauhtenco','12300','14091'),
(248,'Centro','12400','15054'),
(1169,'San Juan','12400','23004'),
(1222,'San Miguel','12400','21188'),
(264,'Chalmita','12410','04002'),
(1201,'San Lorenzo Tlacoyucan','12500','27003'),
(1155,'San Jerónimo Miacatlán','12600','17016'),
(1140,'San Francisco Tecoxpa','12700','02003'),
(1186,'San Juan Tepenahuac','12800','02001'),
(669,'La Lupita Teticpac','12910','24012'),
(1210,'San Marcos','12920','11041'),
(1223,'San Miguel','12930','20560'),
(1158,'San José','12940','29012'),
(670,'La Lupita Xolco','12950','05027'),
(1106,'San Ángel','01000','07042'),
(801,'Los Alpes','01010','22006'),
(533,'Guadalupe Inn','01020','24050'),
(176,'Axotla','01030','30199'),
(490,'Florida','01030','01003'),
(219,'Campestre','01040','05025'),
(1410,'Tlacopac','01049','14051'),
(476,'Ex-Hacienda de Guadalupe Chimalistac','01050','14060'),
(63,'Altavista','01060','17002'),
(1107,'San Ángel Inn','01060','24029'),
(268,'Chimalistac','01070','05019'),
(1030,'Progreso Tizapan','01080','04001'),
(449,'Ermita Tizapan','01089','27010'),
(685,'La Otra Banda','01090','29005'),
(800,'Loreto','01090','32035'),
(1407,'Tizapan','01090','22008'),
(996,'Pólvora','01100','02003'),
(638,'La Conchita','01109','32048'),
(85,'Ampliación El Capulín','01110','15003'),
(186,'Belém de las Flores','01110','32039'),
(380,'El Capulín','01110','11042'),
(737,'Liberales de 1857','01110','30030'),
(35,'Acueducto','01120','29039'),
(299,'Cove','01120','24056'),
(555,'Hidalgo','01120','06003'),
(712,'Las Américas','01120','08013'),
(70,'Ampliación Acueducto','01125','16062'),
(884,'Molino de Santo Domingo','01130','18008'),
(938,'Paraíso','01130','01004'),
(1054,'Real del Monte','01130','30155'),
(1051,'Reacomodo Pino Suárez','01139','07023'),
(191,'Bellavista','01140','04001'),
(607,'José Maria Pino Suárez','01140','14056'),
(301,'Cristo Rey','01150','04002'),
(1425,'Tolteca','01150','04009'),
(11,'1a Victoria','01160','01005'),
(198,'Bosque','01160','22001'),
(580,'Isidro Fabela','01160','11034'),
(841,'Maria G. de García Ruiz','01160','27011'),
(32,'Abraham M. González','01170','03001'),
(27,'8 de Agosto','01180','30211'),
(241,'Carola','01180','26016'),
(1261,'San Pedro de los Pinos','01180','04007'),
(165,'Arturo Martínez','01200','05014'),
(1308,'Santa Fe','01210','02002'),
(783,'Lomas de Santa Fe','01219','28024'),
(196,'Bonanza','01220','07003'),
(319,'Cuevitas','01220','18012'),
(385,'El Cuernito','01220','13045'),
(649,'La Estrella','01220','17003'),
(845,'Mártires de Tacubaya','01220','08008'),
(1504,'Zenón Delgado','01220','18008'),
(225,'Campo de Tiro los Gamitos','01230','23003'),
(409,'El Piru 2a Ampliación','01230','27006'),
(410,'El Piru Santa Fe','01230','12044'),
(810,'Los Gamitos','01230','12006'),
(1420,'Tlapechico','01230','21173'),
(659,'La Huerta','01239','24027'),
(1035,'Pueblo Nuevo','01240','11015'),
(377,'El Árbol','01250','07102'),
(705,'Ladera','01250','08049'),
(772,'Lomas de Nuevo México','01250','13049'),
(839,'Margarita Maza de Juárez','01250','27008'),
(1384,'Tecolalco','01250','25007'),
(100,'Ampliación La Cebada','01259','08064'),
(681,'La Mexicana 2a Ampliación','01259','31039'),
(102,'Ampliación La Mexicana','01260','14025'),
(217,'Calzada Jalalpa','01260','08005'),
(680,'La Mexicana','01260','27003'),
(688,'La Palmita','01260','14038'),
(736,'Liberación Proletaria','01260','17023'),
(10,'1a Sección Cañada','01269','28006'),
(18,'2a Sección Cañada','01269','22010'),
(433,'El Tejocote','01270','22018'),
(516,'Golondrinas','01270','05017'),
(517,'Golondrinas 1a Sección','01270','32030'),
(518,'Golondrinas 2a Sección','01270','07107'),
(697,'La Presa','01270','13036'),
(752,'Lomas de Capula','01270','23004'),
(1482,'Villa Solidaridad','01275','31031'),
(411,'El Pirul','01276','20125'),
(362,'Desarrollo Urbano','01278','29039'),
(750,'Lomas de Becerra','01279','13048'),
(166,'Arvide','01280','08027'),
(412,'El Pocito','01280','30024'),
(496,'Francisco Villa','01280','03001'),
(660,'La Joya','01280','15101'),
(418,'El Rodeo','01285','02001'),
(1050,'Reacomodo El Cuernito','01289','16024'),
(982,'Piloto Adolfo López Mateos','01290','22015'),
(1020,'Presidentes','01290','12077'),
(98,'Ampliación Jalalpa','01296','25014'),
(587,'Jalalpa Tepito','01296','26034'),
(588,'Jalalpa Tepito 2a Ampliación','01296','30171'),
(119,'Ampliación Piloto Adolfo López Mateos','01298','09014'),
(9,'1a Ampliación Presidentes','01299','17008'),
(16,'2a Ampliación Presidentes','01299','05034'),
(1146,'San Gabriel','01310','22018'),
(236,'Carlos A. Madrazo','01320','10025'),
(949,'Paseo de las Lomas','01330','11036'),
(185,'Bejero del Pueblo Santa Fe','01340','30122'),
(1309,'Santa Fe','01376','22003'),
(1310,'Santa Fe Centro Ciudad','01376','30210'),
(1312,'Santa Fe La Loma','01376','06008'),
(1313,'Santa Fe Peña Blanca','01376','17010'),
(586,'Jalalpa El Grande','01377','28036'),
(1314,'Santa Fe Tlayapaca','01389','23009'),
(928,'Olivar del Conde 1a Sección','01400','31035'),
(1019,'Preconcreto','01400','25018'),
(508,'Galeana','01407','12013'),
(929,'Olivar del Conde 2a Sección','01408','11041'),
(182,'Barrio Norte','01410','30204'),
(931,'Palmas','01410','06010'),
(870,'Minas Cristo Rey','01419','24021'),
(1090,'Sacramento','01420','03001'),
(1331,'Santa María Nonoalco','01420','07093'),
(279,'Colina del Sur','01430','06003'),
(558,'Hogar y Redención','01450','16054'),
(59,'Alfonso XIII','01460','23007'),
(58,'Alfalfar','01470','19042'),
(883,'Molino de Rosas','01470','31040'),
(775,'Lomas de Plateros','01480','23008'),
(629,'La Cascada','01490','20481'),
(860,'Miguel Gaona Armenta','01500','02005'),
(1319,'Santa Lucía','01500','32019'),
(1321,'Santa Lucía Chantepec','01509','05027'),
(509,'Garcimarrero','01510','05013'),
(618,'La Araña','01510','12020'),
(805,'Los Cedros','01510','12067'),
(91,'Ampliación Estado de Hidalgo','01520','11021'),
(107,'Ampliación Los Pirules','01520','11022'),
(413,'El Politoco','01520','32023'),
(458,'Estado de Hidalgo','01520','22018'),
(983,'Piru Santa Lucía','01520','01005'),
(297,'Corpus Christy','01530','31043'),
(1396,'Tepopotla','01538','09002'),
(37,'Acuilotla','01539','02003'),
(293,'Cooperativa Unión Olivos','01539','18018'),
(178,'Balcones de Cehuayo','01540','17012'),
(245,'Cehuaya','01540','26004'),
(744,'Llano Redondo','01540','31076'),
(1042,'Punta de Cehuaya','01540','06008'),
(1480,'Villa Progresista','01548','31025'),
(369,'Dos Ríos del Pueblo Santa Lucía','01549','05025'),
(133,'Ampliación Tepeaca','01550','14123'),
(1081,'Rinconada Las Cuevitas','01550','31100'),
(1391,'Tepeaca','01550','17003'),
(174,'Ave Real','01560','06008'),
(231,'Canutillo','01560','14058'),
(232,'Canutillo 2a Sección','01560','04011'),
(233,'Canutillo 3a Sección','01560','30210'),
(562,'Hueytlale','01566','19017'),
(1052,'Reacomodo Valentín Gómez Farías','01569','16042'),
(1381,'Tarango','01588','08046'),
(417,'El Rincón','01590','21076'),
(851,'Merced Gómez','01600','07033'),
(280,'Colinas de Tarango','01610','29026'),
(1025,'Profesor J. Arturo López Martínez','01610','08048'),
(153,'Arcos Centenario','01618','22016'),
(477,'Ex-Hacienda de Tarango','01618','09016'),
(679,'La Martinica','01619','05017'),
(1079,'Rinconada de Tarango','01619','03005'),
(785,'Lomas de Tarango','01620','25012'),
(776,'Lomas de Puerta Grande','01630','02003'),
(812,'Los Juristas','01630','15029'),
(1041,'Puerta Grande','01630','22012'),
(554,'Herón Proal','01640','16090'),
(997,'Ponciano Arriaga','01645','08006'),
(19,'2o Reacomodo Tlacuitlapa','01650','25008'),
(135,'Ampliación Tlacuitlapa','01650','04010'),
(428,'El Ruedo','01650','23002'),
(682,'La Milagrosa','01650','05023'),
(933,'Palmas Axotitla','01650','31093'),
(1322,'Santa Lucía Chantepec','01650','13070'),
(1413,'Tlacuitlapa','01650','32041'),
(17,'2a Del Moral del Pueblo Tetelpan','01700','11036'),
(664,'La Joyita del Pueblo Tetelpan','01700','20479'),
(923,'Ocotillos del Pueblo Tetelpan','01700','13074'),
(1095,'San Agustín del Pueblo Tetelpan','01700','19022'),
(1382,'Tecalcapa del Pueblo Tetelpan','01700','02001'),
(1397,'Tetelpan','01700','17017'),
(388,'El Encino del Pueblo Tetelpan','01708','06010'),
(401,'El Mirador del Pueblo Tetelpan','01708','25005'),
(71,'Ampliación Alpes','01710','24026'),
(708,'Las Águilas','01710','28015'),
(764,'Lomas de Guadalupe','01720','26029'),
(56,'Alcantarilla','01729','23009'),
(767,'Lomas de las Águilas','01730','20074'),
(1040,'Puente Colorado','01730','08051'),
(690,'La Peñita del Pueblo Tetelpan','01740','21176'),
(1125,'San Clemente Norte','01740','29019'),
(1126,'San Clemente Sur','01740','26038'),
(709,'Las Águilas 1a Sección','01750','13071'),
(710,'Las Águilas 2o Parque','01750','25004'),
(711,'Las Águilas 3er Parque','01750','29011'),
(104,'Ampliación Las Águilas','01759','28034'),
(170,'Atlamaya','01760','18019'),
(488,'Flor de María','01760','18018'),
(658,'La Herradura del Pueblo Tetelpan','01760','05030'),
(617,'La Angostura','01770','25017'),
(1165,'San José del Olivar','01770','20477'),
(927,'Olivar de los Padres','01780','26068'),
(1406,'Tizampampano del Pueblo Tetelpan','01780','07063'),
(861,'Miguel Hidalgo','01789','29017'),
(768,'Lomas de los Ángeles del Pueblo Tetelpan','01790','10011'),
(778,'Lomas de San Ángel Inn','01790','05001'),
(1114,'San Bartolo Ameyalco','01800','31064'),
(1048,'Rancho San Francisco Pueblo San Bartolo Ameyalco','01807','15096'),
(1484,'Villa Verdún','01810','06002'),
(375,'Ejido San Mateo','01820','01003'),
(749,'Lomas Axomiatla','01820','15111'),
(1341,'Santa Rosa Xochiac','01830','01001'),
(1429,'Torres de Potrero','01840','32042'),
(1046,'Rancho del Carmen del Pueblo San Bartolo Ameyalco','01849','19003'),
(1074,'Rincón de la Bolsa','01849','26031'),
(753,'Lomas de Chamontoya','01857','20115'),
(1412,'Tlacoyaque','01859','22004'),
(765,'Lomas de La Era','01860','32054'),
(789,'Lomas del Capulín','01863','25004'),
(769,'Lomas de los Cedros','01870','18006'),
(598,'Jardines del Pedregal','01900','20459'),
(1152,'San Jerónimo Aculco','01904','25002'),
(621,'La Asunción','13000','18001'),
(1291,'Santa Cecilia','13010','03004'),
(1159,'San José','13020','26039'),
(1170,'San Juan','13030','20515'),
(1216,'San Mateo','13040','28014'),
(657,'La Habana','13050','17021'),
(654,'La Guadalupe','13060','20025'),
(1279,'Santa Ana','13060','32014'),
(673,'La Magdalena','13070','24054'),
(1224,'San Miguel','13070','06005'),
(824,'Los Reyes','13080','13057'),
(1044,'Quiahuatla','13090','32033'),
(1273,'San Sebastián','13093','22015'),
(1149,'San Isidro','13094','20332'),
(1099,'San Andrés','13099','12068'),
(655,'La Guadalupe','13100','18003'),
(129,'Ampliación Santa Catarina','13120','28031'),
(1346,'Santiago','13120','24003'),
(634,'La Concepción','13150','04004'),
(1225,'San Miguel','13180','30018'),
(862,'Miguel Hidalgo','13200','02002'),
(815,'Los Olivos','13210','27006'),
(106,'Ampliación Los Olivos','13219','26011'),
(714,'Las Arboledas','13219','13070'),
(683,'La Nopalera','13220','29010'),
(521,'Granjas Cabrera','13230','32054'),
(703,'La Turba','13250','19040'),
(351,'Del Mar','13270','04010'),
(644,'La Draga','13273','02003'),
(1470,'Villa Centroamericana','13278','06010'),
(43,'Agrícola Metropolitana','13280','11013'),
(1280,'Santa Ana Centro','13300','15007'),
(1281,'Santa Ana Norte','13300','29015'),
(1282,'Santa Ana Poniente','13300','29020'),
(1353,'Santiago Centro','13300','03001'),
(1355,'Santiago Norte','13300','05033'),
(1502,'Zapotitla','13310','16097'),
(139,'Ampliación Zapotitla','13315','24010'),
(648,'La Estación','13319','08033'),
(640,'La Conchita Zapotitlán','13360','21140'),
(1283,'Santa Ana Sur','13360','23005'),
(1357,'Santiago Sur','13360','16110'),
(1143,'San Francisco Tlaltenco','13400','05031'),
(798,'López Portillo','13410','24005'),
(99,'Ampliación José López Portillo','13419','11045'),
(1367,'Selene','13420','02003'),
(130,'Ampliación Selene','13430','30057'),
(1500,'Zacatenco','13440','06009'),
(538,'Guadalupe Tlaltenco','13450','11030'),
(925,'Ojo de Agua','13450','26025'),
(438,'El Triángulo','13460','09016'),
(702,'La Soledad','13508','10020'),
(1093,'San Agustín','13508','20437'),
(635,'La Concepción','13509','32047'),
(668,'La Lupita','13510','12010'),
(498,'Francisco Villa','13520','10038'),
(585,'Jaime Torres Bodet','13530','09008'),
(622,'La Asunción','13530','25016'),
(425,'El Rosario','13540','15065'),
(1402,'Tierra Blanca','13540','16008'),
(101,'Ampliación La Conchita','13545','19044'),
(972,'Peña Alta','13549','11015'),
(597,'Jardines del Llano','13550','06010'),
(1010,'Potrero del Llano','13550','14097'),
(1120,'San Bartolomé','13600','01001'),
(825,'Los Reyes','13610','30042'),
(1297,'Santa Cruz','13625','14022'),
(1094,'San Agustín','13630','27002'),
(1226,'San Miguel','13640','09012'),
(1249,'San Nicolás Tetelco','13700','01010'),
(1390,'Tepantitlamilco','13700','28025'),
(1416,'Tlalpan','14000','17024'),
(1417,'Tlalpan Centro','14000','21203'),
(943,'Parque del Pedregal','14010','25013'),
(1479,'Villa Olímpica','14020','18008'),
(581,'Isidro Fabela','14030','20179'),
(97,'Ampliación Isidro Fabela','14039','18002'),
(229,'Cantera Puente de Piedra','14040','06007'),
(1038,'Pueblo Quieto','14040','25016'),
(286,'Comuneros de Santa Úrsula','14049','24040'),
(1426,'Toriello Guerra','14050','30103'),
(973,'Peña Pobre','14060','29051'),
(1087,'Rómulo Sánchez Mireles','14070','20367'),
(1134,'San Fernando','14070','13030'),
(1260,'San Pedro Apóstol','14070','21114'),
(190,'Belisario Domínguez Sección XVI','14080','31075'),
(353,'Del Niño Jesús','14080','14105'),
(662,'La Joya','14090','32056'),
(960,'Pedregal de San Nicolás 1A Sección','14100','18011'),
(961,'Pedregal de San Nicolás 2A Sección','14100','31043'),
(962,'Pedregal de San Nicolás 3A Sección','14100','05013'),
(963,'Pedregal de San Nicolás 4A Sección','14100','24034'),
(964,'Pedregal de San Nicolás 5A Sección','14100','12019'),
(266,'Chichicaspatl','14108','22017'),
(92,'Ampliación Fuentes del Pedregal','14110','14118'),
(1075,'Rincón del Pedregal','14120','31106'),
(502,'Fuentes del Pedregal','14140','28011'),
(792,'Lomas del Pedregal Framboyanes','14150','20557'),
(1001,'Popular Santa Teresa','14160','15005'),
(552,'Héroes de Padierna','14200','02002'),
(596,'Jardines del Ajusco','14200','20288'),
(281,'Colinas del Ajusco','14208','23006'),
(1428,'Torres de Padierna','14209','10025'),
(601,'Jardines en la Montaña','14210','05038'),
(945,'Parque Nacional Bosque del Pedregal','14219','27008'),
(1374,'Six Flags (Reino Aventura)','14219','10033'),
(314,'Cuchilla de Padierna','14220','22007'),
(791,'Lomas del Pedregal','14220','22007'),
(335,'Cultura Maya','14230','32036'),
(809,'Los Encinos','14239','29013'),
(773,'Lomas de Padierna','14240','11044'),
(796,'Lomas Hidalgo','14240','22011'),
(304,'Cruz del Farol','14248','18005'),
(863,'Miguel Hidalgo','14250','19050'),
(866,'Miguel Hidalgo 2A Sección','14250','23005'),
(867,'Miguel Hidalgo 3A Sección','14250','22002'),
(868,'Miguel Hidalgo 4A Sección','14250','26057'),
(381,'El Capulín','14260','16070'),
(865,'Miguel Hidalgo 1A Sección','14260','21139'),
(1501,'Zacayucan Peña Pobre','14266','15015'),
(339,'De Caramagüey','14267','21032'),
(667,'La Lonja','14268','15120'),
(650,'La Fama','14269','32011'),
(1024,'Primavera','14270','02002'),
(939,'Paraje 38','14275','09001'),
(912,'Nueva Oriental Coapa','14300','03002'),
(1062,'Residencial Acoxpa','14300','26018'),
(1068,'Residencial Miramontes','14300','31038'),
(469,'Ex Hacienda Coapa','14308','07013'),
(189,'Belisario Domínguez','14310','14081'),
(489,'Floresta Coyoacán','14310','29024'),
(1462,'Vergel Coapa','14320','01005'),
(1078,'Rinconada Coapa 2A Sección','14325','26057'),
(1388,'Tenorios','14326','13002'),
(522,'Granjas Coapa','14330','30153'),
(1077,'Rinconada Coapa 1A Sección','14330','31026'),
(1463,'Vergel de Coyoacán','14340','04005'),
(1464,'Vergel del Sur','14340','28016'),
(1013,'Prado Coapa 1A Sección','14350','08046'),
(1014,'Prado Coapa 2A Sección','14357','24033'),
(1015,'Prado Coapa 3A Sección','14357','04010'),
(834,'Magisterial','14360','14014'),
(835,'Magisterial Coapa','14360','31062'),
(1064,'Residencial Chimali','14370','22015'),
(1198,'San Lorenzo Huipulco','14370','15112'),
(1477,'Villa Lázaro Cárdenas','14370','11033'),
(152,'Arboledas del Sur','14376','23007'),
(543,'Hacienda San Juan','14377','31058'),
(29,'A.M.S.A','14380','01005'),
(1118,'San Bartolo El Chico','14380','15024'),
(1047,'Rancho los Colorines','14386','05032'),
(470,'Ex Hacienda San Juan de Dios','14387','19017'),
(531,'Guadalupe','14388','07012'),
(159,'Arenal de Guadalupe','14389','32020'),
(894,'Narciso Mendoza','14390','19022'),
(1069,'Residencial Villa Coapa','14390','09012'),
(1082,'Rinconada Las Hadas','14390','22011'),
(1471,'Villa Coapa','14390','03001'),
(1105,'San Andrés Totoltepec','14400','04004'),
(365,'Divisadero','14406','01008'),
(919,'Nuevo Renacimiento de Axalco','14408','09015'),
(1385,'Tecorral','14409','08029'),
(500,'Fuentes Brotantes','14410','10016'),
(336,'Cumbres de Tepetongo','14420','19026'),
(853,'Mesa de los Hornos','14420','27008'),
(1345,'Santa Úrsula Xitla','14420','18017'),
(1399,'Texcaltenco','14426','20502'),
(1422,'Tlaxcaltenco la Mesa','14426','02004'),
(1188,'San Juan Tepeximilpa','14427','13004'),
(1394,'Tepeximilpa la Paz','14427','30179'),
(1360,'Santísima Trinidad','14429','19009'),
(440,'El Truenito','14430','09010'),
(1414,'Tlalcoligia','14430','19048'),
(966,'Pedregal de Santa Úrsula Xitla','14438','25017'),
(958,'Pedregal de las Águilas','14439','12006'),
(829,'Los Volcanes','14440','14077'),
(398,'El Mirador 1A Sección','14449','32009'),
(399,'El Mirador 2A Sección','14449','04004'),
(400,'El Mirador 3A Sección','14449','18006'),
(1419,'Tlalpuente','14460','04005'),
(984,'Plan de Ayala','14470','03001'),
(687,'La Palma','14476','11035'),
(1489,'Viveros Coatectlán','14479','26009'),
(675,'La Magdalena Petlacalco','14480','05017'),
(1248,'San Miguel Xicalco','14490','25001'),
(1247,'San Miguel Topilejo','14500','12005'),
(1454,'Valle Escondido','14600','02005'),
(282,'Colinas del Bosque','14608','01003'),
(728,'Las Tórtolas','14609','20261'),
(161,'Arenal Tepepan','14610','24050'),
(277,'Club de Golf México','14620','29056'),
(1124,'San Buenaventura','14629','04009'),
(267,'Chimalcoyoc','14630','04003'),
(1483,'Villa Tlalpan','14630','24027'),
(376,'Ejidos de San Pedro Mártir','14640','08015'),
(501,'Fuentes de Tepepan','14643','22011'),
(1451,'Valle de Tepepan','14646','03005'),
(616,'Juventud Unida','14647','28033'),
(891,'Movimiento Organizado de Tlalpan','14647','06010'),
(1080,'Rinconada El Mirador','14647','05036'),
(1264,'San Pedro Mártir','14650','16014'),
(553,'Heróico Colegio Militar','14653','17031'),
(1415,'Tlalmille','14657','01010'),
(872,'Mirador del Valle','14658','02005'),
(840,'María Esther Zuno de Echeverría','14659','09005'),
(1228,'San Miguel Ajusco','14700','15003'),
(1364,'Santo Tomas Ajusco','14710','31099'),
(193,'Belvedere Ajusco','14720','13023'),
(763,'Lomas de Cuilotepec','14730','06007'),
(1488,'Vistas del Pedregal','14737','10033'),
(206,'Bosques del Pedregal','14738','12032'),
(12,'2 de Octubre','14739','28037'),
(774,'Lomas de Padierna Sur','14740','13072'),
(873,'Mirador I','14748','06009'),
(874,'Mirador II','14748','08052'),
(269,'Chimilli','14749','31055'),
(547,'Héroes de 1910','14760','01006'),
(948,'Parres El Guarda','14900','32015'),
(636,'La Concepción Tlacoapa','16000','17022'),
(1111,'San Antonio','16000','14120'),
(1171,'San Juan','16000','32019'),
(203,'Bosque Residencial del Sur','16010','13023'),
(725,'Las Peritas','16010','31028'),
(952,'Paseos del Sur','16010','32035'),
(1119,'San Bartolo El Chico','16010','22018'),
(1187,'San Juan Tepepan','16020','21112'),
(1333,'Santa María Tepepan','16020','31105'),
(134,'Ampliación Tepepan','16029','20334'),
(103,'Ampliación La Noria','16030','19043'),
(563,'Huichapan','16030','02001'),
(684,'La Noria','16030','30150'),
(1008,'Potrero de San Bernardino','16030','32009'),
(8,'18','16034','19014'),
(1076,'Rinconada Coapa','16035','22016'),
(1199,'San Lorenzo La Cebada','16035','20045'),
(849,'Mercado de Flores Plantas y Hortalizas','16036','20359'),
(126,'Ampliación San Marcos Norte','16038','28001'),
(623,'La Asunción','16040','26021'),
(1195,'San Lorenzo','16040','05025'),
(600,'Jardines del Sur','16050','30187'),
(1211,'San Marcos','16050','07102'),
(1404,'Tierra Nueva','16050','31033'),
(956,'Pblo. Stgo.Tepalcatlalpan, U. H. Rinconada del Sur','16059','26038'),
(396,'El Mirador','16060','10012'),
(187,'Belén','16070','20087'),
(426,'El Rosario','16070','01006'),
(656,'La Guadalupita','16070','27009'),
(1294,'Santa Crucita','16070','04006'),
(701,'La Santísima','16080','32007'),
(1127,'San Cristóbal','16080','10016'),
(1128,'San Diego','16080','19037'),
(1131,'San Esteban','16080','11025'),
(1259,'San Pedro','16090','07027'),
(1378,'Tablas de San Lorenzo','16090','08031'),
(1493,'Xaltocan','16090','32049'),
(1307,'Santa Cruz Xochitepec','16100','08049'),
(1358,'Santiago Tepalcatlalpan','16200','12017'),
(637,'La Concha','16210','05035'),
(1207,'San Lucas Xochimanca','16300','27007'),
(627,'La Cañada','16310','15113'),
(1206,'San Lucas Oriente','16320','16083'),
(1400,'Texmic','16340','15015'),
(1197,'San Lorenzo Atemoaya','16400','11026'),
(786,'Lomas de Tonalco','16410','21098'),
(1151,'San Jerónimo','16420','28013'),
(391,'El Jazmín','16428','26016'),
(1049,'Rancho Tejomulco','16429','29059'),
(1494,'Xochipilli','16430','05031'),
(145,'Año de Juárez','16440','02002'),
(990,'Pocitos','16443','24029'),
(1330,'Santa María Nativitas','16450','27005'),
(771,'Lomas de Nativitas','16457','04007'),
(114,'Ampliación Nativitas','16459','11010'),
(1298,'Santa Cruz Acalpixca','16500','17024'),
(147,'Apatlaco','16513','23008'),
(356,'Del Puente','16513','21012'),
(215,'Calpulco','16514','01009'),
(651,'La Gallera','16514','14089'),
(1398,'Tetitla','16514','05011'),
(693,'La Planta','16520','20115'),
(718,'Las Cruces','16530','08001'),
(719,'Las Flores','16530','22005'),
(49,'Ahualapa','16533','09007'),
(1450,'Valle de Santa María','16550','05004'),
(1147,'San Gregorio Atlapulco','16600','25012'),
(1100,'San Andrés','16604','30099'),
(826,'Los Reyes','16605','16057'),
(20,'3 de Mayo','16606','21056'),
(1112,'San Antonio','16607','29013'),
(626,'La Candelaria','16609','16031'),
(1208,'San Luis Tlaxialtemalco','16610','16062'),
(903,'Niños Héroes','16614','15048'),
(624,'La Asunción','16615','32019'),
(1292,'Santa Cecilia','16616','23001'),
(1274,'San Sebastián','16617','14099'),
(1160,'San José','16620','20507'),
(652,'La Guadalupana','16629','24050'),
(1172,'San Juan','16629','07069'),
(1185,'San Juan Moyotepec','16630','22005'),
(1184,'San Juan Minas','16640','20283'),
(1045,'Quirino Mendoza','16710','09003'),
(347,'Del Carmen','16720','19049'),
(1150,'San Isidro','16739','20155'),
(541,'Guadalupita','16740','09002'),
(713,'Las Animas','16749','31085'),
(216,'Calyequita','16750','24004'),
(1132,'San Felipe','16770','04002'),
(397,'El Mirador','16776','20299'),
(1359,'Santiaguito','16776','02002'),
(259,'Cerrillos Primera Sección','16780','04001'),
(260,'Cerrillos Segunda Sección','16780','31035'),
(261,'Cerrillos Tercera Sección','16780','29042'),
(302,'Cristo Rey','16780','10025'),
(429,'El Sacrificio','16780','11035'),
(898,'Nativitas','16797','18009'),
(723,'Las Mesitas','16799','31040'),
(1218,'San Mateo Xalpa','16800','19033'),
(1088,'Rosario Tlali','16810','20011'),
(1101,'San Andrés Ahuayucan','16810','30164'),
(1316,'Santa Inés','16810','18006'),
(379,'El Calvario','16813','19003'),
(1302,'Santa Cruz Chavarrieta','16840','06008'),
(265,'Chapultepec','16850','28025'),
(1303,'Santa Cruz de Guadalupe','16860','03005'),
(1293,'Santa Cecilia Tepetlapa','16880','14028'),
(1142,'San Francisco Tlalnepantla','16900','15054'),
(981,'Piedad Narvarte','03000','04003'),
(169,'Atenor Salas','03010','25015'),
(896,'Narvarte Poniente','03020','02003'),
(895,'Narvarte Oriente','03023','21175'),
(358,'Del Valle Centro','03100','01004'),
(578,'Insurgentes San Borja','03100','13058'),
(359,'Del Valle Norte','03103','14016'),
(360,'Del Valle Sur','03104','25018'),
(1411,'Tlacoquemécatl','03200','17032'),
(34,'Actipan','03230','25006'),
(33,'Acacias','03240','31081'),
(1004,'Portales Sur','03300','09006'),
(1002,'Portales Norte','03303','09013'),
(1300,'Santa Cruz Atoyac','03310','13068'),
(1065,'Residencial Emperadores','03320','07009'),
(1496,'Xoco','03330','03001'),
(512,'General Pedro María Anaya','03340','08038'),
(53,'Álamos','03400','17016'),
(1006,'Postal','03410','07118'),
(858,'Miguel Alemán','03420','19003'),
(608,'Josefa Ortiz de Domínguez','03430','13084'),
(902,'Niños Héroes','03440','30121'),
(897,'Nativitas','03500','32051'),
(882,'Moderna','03510','11026'),
(582,'Iztaccihuatl','03520','25010'),
(1474,'Villa de Cortes','03530','20300'),
(344,'Del Carmen','03540','16058'),
(1498,'Zacahuitzco','03550','02001'),
(55,'Albert','03560','19030'),
(1003,'Portales Oriente','03570','10009'),
(875,'Miravalle','03580','24033'),
(448,'Ermita','03590','01001'),
(1466,'Vértiz Narvarte','03600','21079'),
(68,'Américas Unidas','03610','26011'),
(977,'Periodista','03620','01002'),
(568,'Independencia','03630','22005'),
(349,'Del Lago','03640','11004'),
(730,'Letrán Valle','03650','18011'),
(1277,'San Simón Ticumac','03660','02002'),
(1332,'Santa María Nonoalco','03700','08029'),
(274,'Ciudad de los Deportes','03710','14115'),
(904,'Nochebuena','03720','27008'),
(1168,'San Juan','03730','17001'),
(480,'Extremadura Insurgentes','03740','22006'),
(1262,'San Pedro de los Pinos','03800','03002'),
(892,'Nápoles','03810','02003'),
(28,'8 de Agosto','03820','06001'),
(113,'Ampliación Nápoles','03840','04005'),
(1166,'San José Insurgentes','03900','19025'),
(877,'Mixcoac','03910','29040'),
(577,'Insurgentes Mixcoac','03920','03005'),
(852,'Merced Gómez','03930','08031'),
(300,'Crédito Constructor','03940','21148'),
(249,'Centro (Área 1)','06000','11040'),
(250,'Centro (Área 2)','06010','22018'),
(251,'Centro (Área 3)','06020','02003'),
(1376,'Tabacalera','06030','29019'),
(252,'Centro (Área 4)','06040','32058'),
(253,'Centro (Área 5)','06050','23005'),
(254,'Centro (Área 6)','06060','25015'),
(255,'Centro (Área 7)','06070','23003'),
(256,'Centro (Área 8)','06080','27015'),
(257,'Centro (Área 9)','06090','03003'),
(556,'Hipódromo','06100','10017'),
(287,'Condesa','06140','26002'),
(557,'Hipódromo Condesa','06170','20522'),
(889,'Morelos','06200','12059'),
(976,'Peralvillo','06220','02002'),
(1455,'Valle Gómez','06240','19047'),
(479,'Ex-Hipódromo de Peralvillo','06250','01007'),
(847,'Maza','06270','17017'),
(484,'Felipe Pescador','06280','18009'),
(542,'Guerrero','06300','08039'),
(207,'Buenavista','06350','32044'),
(1328,'Santa María la Ribera','06400','07109'),
(1327,'Santa María Insurgentes','06430','09003'),
(171,'Atlampa','06450','04008'),
(1268,'San Rafael','06470','10019'),
(308,'Cuauhtémoc','06500','13052'),
(612,'Juárez','06600','14065'),
(1083,'Roma Norte','06700','16006'),
(367,'Doctores','06720','30088'),
(1084,'Roma Sur','06760','20318'),
(209,'Buenos Aires','06780','21098'),
(920,'Obrera','06800','10027'),
(1432,'Tránsito','06820','23001'),
(456,'Esperanza','06840','13066'),
(167,'Asturias','06850','17001'),
(1485,'Vista Alegre','06860','25017'),
(955,'Paulino Navarro','06870','14045'),
(60,'Algarin','06880','13006'),
(73,'Ampliación Asturias','06890','29033'),
(906,'Nonoalco Tlatelolco','06900','19043'),
(1278,'San Simón Tolnáhuac','06920','01011'),
(754,'Lomas de Chapultepec I Sección','11000','14047'),
(755,'Lomas de Chapultepec II Sección','11000','04011'),
(756,'Lomas de Chapultepec III Sección','11000','27005'),
(757,'Lomas de Chapultepec IV Sección','11000','19026'),
(758,'Lomas de Chapultepec V Sección','11000','27007'),
(759,'Lomas de Chapultepec VI Sección','11000','23010'),
(760,'Lomas de Chapultepec VII Sección','11000','19015'),
(761,'Lomas de Chapultepec VIII Sección','11000','14024'),
(885,'Molino del Rey','11040','16009'),
(200,'Bosque de Chapultepec II Sección','11100','11002'),
(201,'Bosque de Chapultepec III Sección','11100','18015'),
(784,'Lomas de Sotelo','11200','13027'),
(795,'Lomas Hermosa','11200','08010'),
(1202,'San Lorenzo Tlaltenango','11210','19042'),
(978,'Periodista','11220','21008'),
(163,'Argentina Poniente','11230','32040'),
(566,'Ignacio Manuel Altamirano','11240','32017'),
(3,'10 de Abril','11250','11033'),
(856,'México Nuevo','11260','27010'),
(1156,'San Joaquín','11260','05011'),
(162,'Argentina Antigua','11270','19038'),
(1427,'Torre Blanca','11280','24011'),
(136,'Ampliación Torre Blanca','11289','23007'),
(564,'Huíchapan','11290','10010'),
(1130,'San Diego Ocoyoacac','11290','16039'),
(1465,'Verónica Anzures','11300','09010'),
(842,'Mariano Escobedo','11310','32019'),
(140,'Anáhuac I Sección','11320','12042'),
(141,'Anáhuac II Sección','11320','03003'),
(1439,'Un Hogar Para Nosotros','11330','16104'),
(1362,'Santo Tomas','11340','07073'),
(989,'Plutarco Elías Calles','11350','22013'),
(46,'Agricultura','11360','12015'),
(1423,'Tlaxpana','11370','22017'),
(999,'Popotla','11400','11008'),
(729,'Legaria','11410','08018'),
(1379,'Tacuba','11410','17003'),
(900,'Nextitla','11420','16006'),
(970,'Pensil Norte','11430','26030'),
(1460,'Ventura Pérez de Alva','11430','08026'),
(1058,'Reforma Pensil','11440','14081'),
(1192,'San Juanico','11440','28015'),
(51,'Ahuehuetes Anáhuac','11450','01010'),
(881,'Modelo Pensil','11450','22014'),
(975,'Peralitos','11450','15037'),
(368,'Dos Lagos','11460','05013'),
(706,'Lago Norte','11460','32001'),
(707,'Lago Sur','11460','01007'),
(813,'Los Manzanos','11460','01002'),
(22,'5 de Mayo','11470','03002'),
(361,'Deportivo Pensil','11470','28041'),
(495,'Francisco I Madero','11480','10028'),
(998,'Popo','11480','18004'),
(120,'Ampliación Popo','11489','04005'),
(310,'Cuauhtémoc Pensil','11490','11038'),
(971,'Pensil Sur','11490','05034'),
(579,'Irrigación','11500','29041'),
(991,'Polanco I Sección','11510','06004'),
(520,'Granada','11520','07037'),
(95,'Ampliación Granada','11529','21022'),
(992,'Polanco II Sección','11530','29010'),
(993,'Polanco III Sección','11540','26049'),
(994,'Polanco IV Sección','11550','14004'),
(995,'Polanco V Sección','11560','30197'),
(199,'Bosque de Chapultepec I Sección','11580','31077'),
(143,'Anzures','11590','09006'),
(1067,'Residencial Militar','11600','21027'),
(837,'Manuel Avila Camacho','11610','13024'),
(226,'Campo Militar 1','11619','13019'),
(1060,'Reforma Social','11650','02001'),
(202,'Bosque de las Lomas','11700','31060'),
(451,'Escandón I Sección','11800','16091'),
(452,'Escandón II Sección','11800','04002'),
(7,'16 de Septiembre','11810','11024'),
(67,'América','11820','24011'),
(338,'Daniel Garza','11830','27016'),
(83,'Ampliación Daniel Garza','11840','26064'),
(1230,'San Miguel Chapultepec I Sección','11850','31029'),
(1231,'San Miguel Chapultepec II Sección','11850','25017'),
(922,'Observatorio','11860','10033'),
(1380,'Tacubaya','11870','06007'),
(751,'Lomas de Bezares','11910','07099'),
(1053,'Real de las Lomas','11920','19031'),
(777,'Lomas de Reforma','11930','27009'),
(748,'Lomas Altas','11950','17017'),
(511,'General Ignacio Zaragoza','15000','16028'),
(1446,'Valentín Gómez Farias','15010','32014'),
(1034,'Puebla','15020','04002'),
(1506,'Zona Centro','15100','28041'),
(590,'Janitzio','15200','16066'),
(1456,'Valle Gómez','15210','04003'),
(901,'Nicolás Bravo','15220','28002'),
(1000,'Popular Rastro','15220','10035'),
(447,'Emilio Carranza','15230','29050'),
(857,'Michoacana','15240','06005'),
(112,'Ampliación Michoacana','15250','20219'),
(69,'Ampliación 20 de Noviembre','15260','17025'),
(890,'Morelos','15270','17033'),
(968,'Penitenciaria','15280','01009'),
(4,'10 de Mayo','15290','10016'),
(13,'20 de Noviembre','15300','28022'),
(23,'5o Tramo 20 de Noviembre','15309','10005'),
(483,'Felipe Ángeles','15310','07068'),
(177,'Azteca','15320','22003'),
(1434,'Tres Mosqueteros','15330','28040'),
(137,'Ampliación Venustiano Carranza','15339','20175'),
(1461,'Venustiano Carranza','15340','13032'),
(117,'Ampliación Penitenciaria','15350','24018'),
(1027,'Progresista','15370','20045'),
(454,'Escuela de Tiro','15380','05032'),
(25,'7 de Julio','15390','09015'),
(1086,'Romero Rubio','15400','24042'),
(1371,'Simón Bolívar','15410','32044'),
(131,'Ampliación Simón Bolívar','15420','04003'),
(148,'Aquiles Serdán','15430','18009'),
(2,'1° de Mayo','15440','21200'),
(337,'Damián Carmona','15450','14048'),
(1071,'Revolución','15460','28010'),
(864,'Miguel Hidalgo','15470','13045'),
(879,'Moctezuma 1a Sección','15500','01003'),
(969,'Pensador Mexicano','15510','13003'),
(974,'Peñón de los Baños','15520','06008'),
(880,'Moctezuma 2a Sección','15530','32020'),
(1301,'Santa Cruz Aviación','15540','25016'),
(155,'Arenal 1a Sección','15600','25010'),
(318,'Cuchilla Pantitlán','15610','09003'),
(855,'México (Lic. Benito Juárez)','15620','32026'),
(235,'Caracol','15630','31021'),
(158,'Arenal 4a Sección','15640','18015'),
(160,'Arenal Puerto Aéreo','15640','13067'),
(77,'Ampliación Caracol','15650','22013'),
(157,'Arenal 3a Sección','15660','06009'),
(40,'Adolfo López Mateos','15670','08047'),
(156,'Arenal 2a Sección','15680','30149'),
(482,'Federal','15700','05021'),
(570,'Industrial Puerto Aéreo','15710','10008'),
(21,'4 Árboles','15730','23002'),
(175,'Aviación Civil','15740','22011'),
(74,'Ampliación Aviación Civil','15750','16101'),
(589,'Jamaica','15800','24004'),
(850,'Merced Balbuena','15810','24027'),
(799,'Lorenzo Boturini','15820','08011'),
(164,'Artes Gráficas','15830','25013'),
(1368,'Sevilla','15840','22014'),
(833,'Magdalena Mixiuhca','15850','17018'),
(674,'La Magdalena Mixiuhca','15860','21085'),
(30,'Aarón Sáenz','15870','05038'),
(592,'Jardín Balbuena','15900','17017'),
(355,'Del Parque','15960','12030'),
(42,'Aeronáutica Militar','15970','32046'),
(14,'24 de Abril','15980','30172'),
(65,'Álvaro Obregón','15990','15048');

/*
*******************
*   DIRECCIONES   *
*******************
*/
INSERT INTO direcciones (calle, num_ext, num_int, id_colonia) VALUES
('Calle Niño Héroes', '12', '511', 566),
('Callejón San Marcos', '479', NULL, 1127),
('Calle 20 de Noviembre', '599', NULL, 1341),
('Privada Morelos', '806', NULL, 832),
('Calle Francisco Villa', '847', NULL, 382),
('Callejón de la Luna', '291', NULL, 1425),
('Privada Naranjos', '944', NULL, 431),
('Privada Allende', '907', NULL, 1421),
('Privada San Marcos', '868', NULL, 1026),
('Callejón Galeana', '319', '803', 767),
('Callejón del Tepozteco', '300', NULL, 412),
('Callejón del Beso', '600', '28', 373),
('Callejón Francisco Villa', '514', NULL, 1100),
('Privada Francisco I. Madero', '842', '320', 1189),
('Privada Allende', '148', NULL, 1264),
('Callejón Constitución', '525', NULL, 889),
('Privada del Encino', '227', NULL, 386),
('Callejón de las Estrellas', '258', '386', 1143),
('Privada Santa Rosa', '968', '275', 1202),
('Calle Reforma Agraria', '78', '34', 546),
('Callejón del Encino', '890', '372', 853),
('Callejón Constitución', '893', '138', 460),
('Calle Revolución', '541', '674', 1487),
('Privada Cedro', '191', NULL, 554),
('Callejón de la Luz', '246', '695', 1472),
('Calle Francisco I. Madero', '917', NULL, 650),
('Privada Palma', '20', '12', 436),
('Avenida Benito Juárez', '386', NULL, 653),
('Privada Francisco I. Madero', '979', '577', 206),
('Privada Allende', '662', '48', 1249),
('Privada Allende', '959', '421', 403),
('Privada Santa Rosa', '595', '895', 1187),
('Callejón Hidalgo', '467', '910', 473),
('Privada del Bosque', '182', '686', 483),
('Privada San Juan', '516', '697', 984),
('Callejón del Sol', '766', '992', 769),
('Calle Miguel Hidalgo', '541', '364', 1048),
('Callejón del Tepozteco', '503', '919', 553),
('Privada del Río', '511', NULL, 452),
('Calle Benito Juárez', '139', '855', 987),
('Calle Francisco I. Madero', '117', NULL, 893),
('Callejón del Laurel', '239', NULL, 801),
('Calle Independencia', '823', '226', 814),
('Callejón Hidalgo', '800', NULL, 33),
('Callejón Santa Rosa', '206', '672', 751),
('Privada de la Amistad', '4', '279', 146),
('Callejón de la Amargura', '218', NULL, 1363),
('Callejón Francisco Villa', '84', '874', 1280),
('Avenida Universidad', '702', '437', 918),
('Privada Naranjos', '220', '921', 661),
('Callejón del Beso', '233', NULL, 868),
('Calle Revolución', '466', NULL, 1505),
('Callejón de los Milagros', '572', NULL, 748),
('Calle 5 de Mayo', '223', '67', 548),
('Calle Hidalgo', '788', NULL, 463),
('Callejón Santa Rosa', '915', NULL, 1421),
('Avenida Las Torres', '689', '681', 99),
('Callejón del Encino', '689', '588', 14),
('Calle 16 de Septiembre', '709', '148', 365),
('Calle Insurgentes', '42', NULL, 78),
('Callejón del Tepozteco', '256', '630', 1089),
('Callejón del Encino', '334', NULL, 1098),
('Callejón de las Flores', '136', NULL, 672),
('Privada del Río', '134', NULL, 756),
('Callejón del Estudiante', '394', NULL, 502),
('Privada Naranjos', '686', NULL, 749),
('Callejón Independencia', '247', NULL, 472),
('Privada Los Pinos', '57', NULL, 859),
('Privada San Juan', '393', '382', 1014),
('Calle Vicente Guerrero', '694', '346', 1376),
('Callejón República', '724', NULL, 1146),
('Callejón de los Suspiros', '1', '62', 929),
('Callejón de los Suspiros', '234', '765', 719),
('Calle Francisco I. Madero', '493', '747', 348),
('Privada Ignacio Zaragoza', '702', NULL, 618),
('Privada San Juan', '884', '650', 31),
('Callejón República', '677', '12', 1476),
('Calle Benito Juárez', '401', NULL, 674),
('Calle Francisco Villa', '706', '336', 252),
('Callejón del Encanto', '548', '117', 428),
('Callejón del Arenal', '405', NULL, 861),
('Callejón de la Amargura', '370', '109', 1467),
('Calle Francisco Villa', '656', NULL, 1268),
('Calle Independencia', '600', '531', 1318),
('Callejón República', '486', NULL, 97),
('Calle Miguel Hidalgo', '301', NULL, 173),
('Callejón Francisco Villa', '229', NULL, 951),
('Callejón Cedro', '44', '798', 1301),
('Callejón Santa Lucía', '859', NULL, 245),
('Callejón del Trabajo', '221', NULL, 996),
('Callejón Galeana', '571', NULL, 1123),
('Callejón del Beso', '396', NULL, 1183),
('Calle Emiliano Zapata', '603', NULL, 1373),
('Privada Morelos', '649', NULL, 630),
('Callejón República', '40', '874', 209),
('Calle 16 de Septiembre', '457', '63', 967),
('Callejón de las Estrellas', '773', '439', 1224),
('Calle 16 de Septiembre', '743', '557', 429),
('Privada Los Pinos', '341', NULL, 1194),
('Privada San Marcos', '914', NULL, 621),
('Privada Cedro', '218', NULL, 893),
('Avenida Universidad', '907', '48', 1053),
('Avenida Juárez', '526', '943', 711),
('Callejón del Encino', '621', '216', 1319),
('Privada del Laurel', '695', '61', 741),
('Callejón de la Amargura', '869', '143', 1384),
('Privada del Laurel', '354', NULL, 978),
('Privada San Juan', '360', NULL, 561),
('Callejón Guerrero', '831', NULL, 1392),
('Privada del Lago', '795', '432', 474),
('Privada Constitución', '117', '198', 938),
('Privada Cedro', '139', '102', 89),
('Calle Niño Héroes', '251', NULL, 764),
('Callejón de la Amargura', '117', NULL, 451),
('Privada Francisco Villa', '912', '996', 412),
('Calle Revolución', '11', '317', 98),
('Callejón Francisco Villa', '54', '522', 754),
('Avenida del Trabajo', '370', NULL, 411),
('Privada San Juan', '462', NULL, 1208),
('Callejón del Trabajo', '922', NULL, 524),
('Calle Revolución', '963', '887', 618),
('Callejón de la Paz', '797', NULL, 211),
('Callejón Guerrero', '444', NULL, 1077),
('Calle Constitución', '849', '656', 1055),
('Callejón de los Espejos', '352', NULL, 1409),
('Callejón Cedro', '397', NULL, 1149),
('Callejón del Beso', '61', '318', 1189),
('Callejón del Encanto', '367', '157', 407),
('Calle Emiliano Zapata', '460', '186', 518),
('Callejón de los Milagros', '294', '570', 443),
('Calle Ciudad Azteca', '67', NULL, 554),
('Privada Naranjos', '300', NULL, 866),
('Avenida del Maestro', '120', NULL, 349),
('Calle 20 de Noviembre', '950', '883', 910),
('Calle 2 de Abril', '559', '155', 1391),
('Avenida Madero', '362', '779', 917),
('Avenida del Trabajo', '874', NULL, 1190),
('Calle 5 de Mayo', '773', '285', 511),
('Callejón Independencia', '929', '400', 725),
('Privada Allende', '480', '55', 504),
('Callejón de los Espejos', '278', '782', 440),
('Callejón del Río', '175', NULL, 1410),
('Calle Independencia', '845', '208', 705),
('Privada de la Amistad', '941', '165', 1362),
('Callejón de la Paz', '915', NULL, 688),
('Callejón del Arte', '905', '786', 804),
('Privada Palma', '672', NULL, 1263),
('Calle Niño Héroes', '293', NULL, 463),
('Calle Lázaro Cárdenas', '106', NULL, 1370),
('Privada Naranjos', '418', '675', 837),
('Callejón de la Luz', '383', '481', 519),
('Callejón del Trabajo', '612', '623', 1276),
('Privada Cedro', '804', '719', 339),
('Callejón de la Luz', '927', NULL, 412),
('Privada Francisco I. Madero', '773', NULL, 243),
('Calle Zaragoza', '645', '926', 1236),
('Callejón Santa Rosa', '368', '797', 416),
('Calle Insurgentes', '764', '741', 425),
('Callejón Hidalgo', '531', '418', 187),
('Privada Ignacio Zaragoza', '737', '352', 985),
('Callejón del Laurel', '820', NULL, 1018),
('Calle Emiliano Zapata', '154', '678', 1076),
('Calle Lázaro Cárdenas', '574', '371', 1124),
('Avenida Reforma', '706', '674', 821),
('Callejón Santa Rosa', '6', NULL, 491),
('Calle 16 de Septiembre', '980', '267', 718),
('Callejón Cedro', '11', NULL, 1387),
('Avenida Reforma', '298', '147', 179),
('Calle Morelos', '259', '480', 390),
('Privada del Bosque', '355', '249', 588),
('Calle Emiliano Zapata', '123', NULL, 1467),
('Calle Independencia', '513', '168', 1073),
('Calle 20 de Noviembre', '280', NULL, 59),
('Calle Constitución', '294', NULL, 186),
('Privada Emiliano Zapata', '694', NULL, 1282),
('Privada Francisco I. Madero', '995', NULL, 581),
('Privada Constitución', '584', '316', 1199),
('Avenida Universidad', '142', NULL, 1372),
('Callejón Reforma Social', '417', NULL, 332),
('Callejón del Tepozteco', '843', NULL, 151),
('Callejón del Beso', '188', NULL, 995),
('Callejón del Laurel', '466', '704', 1393),
('Privada Francisco I. Madero', '782', '751', 706),
('Callejón Santa Lucía', '335', NULL, 1026),
('Privada Allende', '557', '792', 954),
('Avenida Universidad', '110', NULL, 1336),
('Privada San Juan', '817', NULL, 1473),
('Camino Real', '291', '516', 771),
('Callejón Naranjos', '664', NULL, 514),
('Callejón de los Milagros', '699', NULL, 644),
('Privada Francisco I. Madero', '146', NULL, 1338),
('Privada Francisco I. Madero', '613', NULL, 857),
('Callejón Guerrero', '593', NULL, 25),
('Privada Palma', '797', '76', 1043),
('Callejón de los Espejos', '859', '365', 466),
('Avenida del Maestro', '155', NULL, 950),
('Avenida Tecnológico', '400', NULL, 1015),
('Callejón Santa Rosa', '863', NULL, 49),
('Calle 20 de Noviembre', '482', NULL, 49),
('Privada del Lago', '533', NULL, 303),
('Calle Lázaro Cárdenas', '607', '679', 14),
('Callejón de la Paz', '369', NULL, 1146),
('Avenida Madero', '253', '975', 180),
('Callejón de la Luz', '434', NULL, 938),
('Privada Allende', '633', NULL, 242),
('Calle Zaragoza', '557', '561', 322),
('Callejón Constitución', '597', '674', 1088),
('Callejón de las Estrellas', '871', '564', 708),
('Callejón Santa Rosa', '295', NULL, 590),
('Avenida Tecnológico', '137', '824', 1102),
('Callejón de la Luna', '723', NULL, 147),
('Privada del Lago', '815', '823', 145),
('Calle 2 de Abril', '944', NULL, 473),
('Callejón Iturbide', '716', NULL, 1175),
('Privada San Juan', '208', '297', 1050),
('Privada Ignacio Allende', '958', '206', 298),
('Callejón Independencia', '802', NULL, 205),
('Privada de la Amistad', '552', NULL, 1171),
('Calle Morelos', '522', '637', 57),
('Callejón Las Rosas', '557', NULL, 637),
('Callejón de la Amistad', '245', '13', 442),
('Calle Revolución', '148', NULL, 215),
('Callejón del Arenal', '468', '932', 958),
('Calle Independencia', '376', '514', 636),
('Calle Pino Suárez', '119', '254', 731),
('Callejón Constitución', '147', NULL, 360),
('Privada del Laurel', '659', NULL, 1304),
('Privada Francisco I. Madero', '998', NULL, 324),
('Avenida del Trabajo', '949', NULL, 1190),
('Privada Emiliano Zapata', '123', '186', 1277),
('Callejón República', '128', NULL, 1403),
('Callejón San Marcos', '275', NULL, 451),
('Calle 5 de Mayo', '435', '692', 201),
('Calle Miguel Hidalgo', '643', NULL, 656),
('Privada del Bosque', '511', '213', 874),
('Callejón del Sol', '642', NULL, 1483),
('Callejón de la Amargura', '837', '904', 339),
('Privada del Río', '914', NULL, 860),
('Privada Morelos', '839', NULL, 711),
('Callejón del Río', '954', NULL, 1439),
('Privada Palma', '268', '500', 639),
('Privada del Encino', '172', '979', 1384),
('Callejón del Tepozteco', '264', '522', 1116),
('Callejón del Beso', '444', '740', 1005),
('Avenida Juárez', '551', '336', 691),
('Privada Palma', '158', '347', 1502),
('Calle Ciudad Azteca', '622', NULL, 400),
('Callejón Santa Rosa', '46', NULL, 919),
('Calle Francisco I. Madero', '313', NULL, 30),
('Callejón de la Amargura', '901', '217', 1343),
('Privada Emiliano Zapata', '355', NULL, 777),
('Callejón del Silencio', '549', '964', 820),
('Avenida Madero', '907', NULL, 1188),
('Calle Ciudad Azteca', '126', NULL, 467),
('Callejón de la Amargura', '854', NULL, 1248),
('Callejón Cedro', '210', NULL, 542),
('Callejón Hidalgo', '877', '404', 311),
('Privada del Bosque', '313', NULL, 787),
('Avenida Juárez', '413', NULL, 3),
('Boulevard Miguel Alemán', '367', '712', 226),
('Calle Vicente Guerrero', '137', NULL, 1381),
('Calle Reforma Agraria', '949', NULL, 538),
('Callejón del Estudiante', '442', NULL, 633),
('Callejón del Arenal', '721', NULL, 1464),
('Calle 16 de Septiembre', '128', NULL, 961),
('Privada Jacarandas', '154', NULL, 116),
('Boulevard Miguel Alemán', '689', NULL, 1062),
('Avenida Tecnológico', '764', NULL, 1243),
('Callejón de la Amistad', '72', '428', 1259),
('Callejón Francisco Villa', '226', '262', 324),
('Callejón Matamoros', '311', NULL, 1020),
('Boulevard Miguel Alemán', '618', NULL, 239),
('Callejón Santa Lucía', '514', '397', 42),
('Callejón Francisco Villa', '781', '863', 704),
('Callejón de la Paz', '369', NULL, 393),
('Callejón República', '328', '388', 208),
('Privada Morelos', '828', NULL, 1005),
('Privada Los Pinos', '387', NULL, 1057),
('Callejón Constitución', '700', '587', 1487),
('Avenida del Maestro', '975', NULL, 1021),
('Calle Emiliano Zapata', '47', '771', 706),
('Calle 5 de Mayo', '153', '533', 439),
('Avenida Las Torres', '371', '718', 1183),
('Callejón Reforma', '518', NULL, 13),
('Calle 20 de Noviembre', '710', '959', 1090),
('Callejón del Encanto', '458', NULL, 1061),
('Calle Niño Héroes', '186', NULL, 940),
('Privada Francisco I. Madero', '802', '895', 402),
('Calle Independencia', '870', '838', 357),
('Privada Jacarandas', '542', NULL, 1466),
('Calle Pino Suárez', '448', NULL, 1242),
('Boulevard Benito Juárez', '44', '727', 767),
('Callejón Francisco Villa', '283', '664', 1242),
('Callejón del Trueno', '191', NULL, 1290),
('Callejón Las Rosas', '555', NULL, 208),
('Callejón San Marcos', '402', NULL, 101),
('Avenida Madero', '378', '985', 613),
('Callejón del Arte', '27', '412', 727),
('Privada Constitución', '291', '210', 431),
('Callejón de los Suspiros', '256', NULL, 831),
('Callejón Palma', '664', '726', 893),
('Calle Zaragoza', '265', NULL, 525),
('Calle Vicente Guerrero', '712', '236', 24),
('Avenida del Maestro', '88', NULL, 492),
('Callejón del Tepozteco', '141', '15', 1137),
('Callejón del Beso', '477', NULL, 1200),
('Calle Vicente Guerrero', '450', NULL, 554),
('Privada Constitución', '699', NULL, 104),
('Callejón Matamoros', '438', NULL, 939),
('Callejón de la Luz', '871', '878', 1055),
('Calle Revolución', '731', '248', 1364),
('Privada Palma', '446', '884', 374),
('Callejón Santa Lucía', '950', '801', 645),
('Calle Revolución', '885', '487', 643),
('Avenida Universidad', '216', NULL, 1325),
('Privada del Bosque', '164', '806', 1056),
('Calle del Comercio', '723', '994', 827),
('Callejón del Estudiante', '37', NULL, 299),
('Privada Palma', '366', NULL, 362),
('Avenida Reforma', '360', '606', 1211),
('Callejón de la Luna', '850', NULL, 1079),
('Calle Zaragoza', '488', '102', 1249),
('Avenida Benito Juárez', '99', '9', 603),
('Callejón de las Flores', '232', '319', 709),
('Calle Francisco I. Madero', '658', NULL, 1008),
('Privada San Marcos', '249', NULL, 883),
('Callejón Palma', '532', NULL, 314),
('Callejón Naranjos', '7', NULL, 858),
('Avenida del Maestro', '544', '880', 136),
('Boulevard Miguel Alemán', '687', '51', 573),
('Calle Benito Juárez', '811', '147', 1069),
('Callejón Reforma Agraria', '117', NULL, 61),
('Calle Pino Suárez', '781', '468', 227),
('Privada de la Amistad', '898', NULL, 378),
('Callejón Hidalgo', '185', NULL, 507),
('Callejón Santa Lucía', '249', NULL, 221),
('Calle Emiliano Zapata', '40', NULL, 515),
('Callejón de los Milagros', '940', NULL, 33),
('Calle Insurgentes', '218', '67', 1460),
('Avenida Benito Juárez', '460', NULL, 931),
('Calle Vicente Guerrero', '949', NULL, 1110),
('Calle Emiliano Zapata', '419', '903', 43),
('Callejón de los Suspiros', '281', '744', 1032),
('Calle Constitución', '956', NULL, 1420),
('Callejón Hidalgo', '943', NULL, 57),
('Avenida Universidad', '77', '712', 105),
('Callejón del Encino', '228', '233', 1102),
('Callejón Cedro', '438', '568', 1270),
('Callejón Jacarandas', '388', '684', 1146),
('Calle Miguel Hidalgo', '85', '57', 1361),
('Callejón República', '87', NULL, 1337),
('Calle Francisco I. Madero', '668', '313', 704),
('Avenida Juárez', '320', NULL, 420),
('Callejón Las Rosas', '969', NULL, 880),
('Callejón Iturbide', '782', NULL, 49),
('Callejón Jacarandas', '612', '105', 617),
('Calle Lázaro Cárdenas', '435', NULL, 1429),
('Privada Constitución', '90', NULL, 406),
('Avenida Universidad', '476', '298', 1014),
('Callejón de la Luna', '887', '373', 300),
('Avenida del Trabajo', '579', '511', 120),
('Callejón del Silencio', '392', '350', 207),
('Privada Palma', '526', '852', 163),
('Callejón del Encino', '324', NULL, 1110),
('Privada del Río', '522', NULL, 960),
('Privada Palma', '411', '730', 12),
('Callejón Iturbide', '243', '767', 248),
('Calle 2 de Abril', '51', '5', 549),
('Callejón de la Amistad', '933', NULL, 489),
('Privada San Juan', '303', NULL, 977),
('Callejón Guerrero', '331', '586', 776),
('Calle Benito Juárez', '10', '354', 752),
('Privada de la Amistad', '192', '107', 89),
('Callejón Galeana', '108', NULL, 1148),
('Callejón Francisco Villa', '995', NULL, 1335),
('Privada Francisco Villa', '858', NULL, 101),
('Callejón Reforma', '434', NULL, 965),
('Callejón Naranjos', '819', '808', 713),
('Avenida Las Torres', '608', '44', 1163),
('Calle Ciudad Azteca', '936', '195', 357),
('Callejón del Beso', '767', NULL, 187),
('Calle Vicente Guerrero', '920', NULL, 1114),
('Calle Morelos', '502', NULL, 911),
('Callejón de las Estrellas', '140', NULL, 357),
('Callejón Santa Lucía', '374', NULL, 489),
('Calle 16 de Septiembre', '728', NULL, 762),
('Callejón Jacarandas', '381', '576', 1121),
('Calle 5 de Mayo', '451', '341', 1064),
('Privada Francisco Villa', '871', '842', 1212),
('Avenida Central', '822', '432', 1237),
('Calle Constitución', '16', NULL, 1274),
('Avenida Universidad', '719', '756', 260),
('Calle Benito Juárez', '167', '330', 321),
('Calle Insurgentes', '868', '53', 1135),
('Privada Los Pinos', '294', '564', 469),
('Calle Vicente Guerrero', '780', '131', 615),
('Calle Miguel Hidalgo', '896', NULL, 802),
('Callejón Constitución', '781', NULL, 495),
('Callejón Iturbide', '145', NULL, 556),
('Callejón San Marcos', '941', NULL, 395),
('Callejón del Tepozteco', '694', NULL, 386),
('Privada Santa Rosa', '158', NULL, 1476),
('Privada Emiliano Zapata', '767', '557', 865),
('Calle 5 de Mayo', '30', NULL, 1098),
('Callejón Francisco Villa', '856', NULL, 755),
('Privada Los Pinos', '164', '96', 996),
('Avenida Benito Juárez', '195', NULL, 702),
('Calle Emiliano Zapata', '55', '578', 66),
('Avenida Madero', '242', '914', 1369),
('Callejón Las Rosas', '163', NULL, 1401),
('Privada del Laurel', '971', '921', 929),
('Callejón de los Espejos', '685', '406', 656),
('Avenida Tecnológico', '26', NULL, 658),
('Calle Zaragoza', '836', '349', 1108),
('Calle Independencia', '74', NULL, 705),
('Privada Ignacio Zaragoza', '239', NULL, 1230),
('Calle 5 de Mayo', '364', '709', 1360),
('Callejón Matamoros', '108', '276', 678),
('Privada Morelos', '640', NULL, 983),
('Callejón Matamoros', '796', '555', 374),
('Callejón del Arenal', '808', '950', 1352),
('Calle Emiliano Zapata', '696', '39', 839),
('Privada del Lago', '737', NULL, 811),
('Calle del Comercio', '144', NULL, 468),
('Callejón de los Suspiros', '22', NULL, 1328),
('Privada del Lago', '420', '769', 1483),
('Callejón San Marcos', '353', NULL, 31),
('Privada San Juan', '219', '991', 1223),
('Callejón de la Paz', '288', NULL, 1374),
('Callejón del Arte', '953', NULL, 450),
('Privada del Bosque', '136', NULL, 987),
('Callejón Santa Rosa', '954', '727', 766),
('Avenida del Maestro', '293', NULL, 347),
('Calle Niño Héroes', '201', NULL, 863),
('Callejón del Tepozteco', '412', NULL, 579),
('Calle Insurgentes', '291', NULL, 621),
('Avenida 4 Esquinas', '284', '289', 438),
('Callejón del Trabajo', '19', '584', 882),
('Privada Santa Rosa', '590', '681', 195),
('Calle Hidalgo', '16', NULL, 842),
('Calle Niño Héroes', '188', '267', 687),
('Avenida Benito Juárez', '583', '967', 511),
('Callejón del Trabajo', '356', NULL, 1435),
('Privada San Marcos', '408', NULL, 221),
('Callejón de las Flores', '965', NULL, 225),
('Privada del Río', '417', '867', 937),
('Calle Zaragoza', '308', NULL, 733),
('Calle Revolución', '133', NULL, 1169),
('Callejón de los Suspiros', '80', NULL, 493),
('Privada del Lago', '242', '43', 3),
('Calle del Comercio', '472', '796', 842),
('Calle Benito Juárez', '252', '430', 408),
('Callejón Santa Lucía', '320', NULL, 228),
('Avenida Universidad', '710', NULL, 40),
('Calle Hidalgo', '503', '479', 1364),
('Privada Emiliano Zapata', '949', '840', 57),
('Boulevard Benito Juárez', '494', NULL, 781),
('Callejón Hidalgo', '372', NULL, 927),
('Privada San Marcos', '427', NULL, 1149),
('Callejón de los Espejos', '722', '538', 932),
('Calle Francisco Villa', '532', '113', 1162),
('Privada del Encino', '691', '196', 1184),
('Camino Real', '903', NULL, 1023),
('Calle Reforma Agraria', '756', NULL, 785),
('Callejón del Río', '994', '468', 470),
('Boulevard Benito Juárez', '418', '133', 388),
('Calle Constitución', '967', NULL, 912),
('Privada Ignacio Allende', '744', NULL, 1184),
('Camino Real', '582', NULL, 1218),
('Boulevard Miguel Alemán', '69', '290', 940),
('Privada San Marcos', '576', '36', 1018),
('Privada Emiliano Zapata', '673', '580', 30),
('Callejón de los Espejos', '584', NULL, 1269),
('Callejón República', '471', NULL, 754),
('Callejón Palma', '951', '449', 100),
('Callejón Santa Lucía', '197', NULL, 789),
('Callejón de la Paz', '413', '747', 843),
('Avenida Las Torres', '595', '342', 873),
('Privada Naranjos', '317', NULL, 678),
('Callejón del Encanto', '813', '122', 1157),
('Callejón del Arte', '853', '486', 791),
('Callejón Palma', '266', NULL, 1151),
('Callejón Reforma Agraria', '77', NULL, 373),
('Calle Zaragoza', '276', '878', 356),
('Privada Allende', '458', NULL, 323),
('Avenida Juárez', '523', NULL, 515),
('Callejón del Sol', '375', NULL, 480),
('Calle Vicente Guerrero', '894', '282', 949),
('Callejón de la Amistad', '86', NULL, 679),
('Boulevard Benito Juárez', '48', '475', 1106),
('Privada del Río', '34', '954', 977),
('Privada del Encino', '832', '660', 821),
('Callejón Jacarandas', '151', NULL, 287),
('Avenida Reforma', '380', NULL, 1239),
('Calle Hidalgo', '734', '770', 97),
('Callejón Galeana', '205', NULL, 1335),
('Calle Revolución', '940', '99', 534),
('Avenida Juárez', '87', NULL, 415),
('Callejón de las Flores', '943', '179', 1362),
('Calle Miguel Hidalgo', '861', '672', 192);

/*
*******************
*   PROPIEDADES   *
*******************
*/
INSERT INTO propiedades (id_desarrollo, id_direccion, tipo, estado, area, precio, fecha_registro) VALUES
(8, 124, 'Ancla Comercial', 'Rentada', 292.94, 8283759.93, '2022-10-23'),
(21, 55, 'Departamento', 'Disponible', 182.82, 4662730.97, '2024-07-28'),
(11, 373, 'Vivienda Ejecutiva', 'Vendida', 206.64, 6845519.26, '2025-01-21'),
(6, 248, 'Local', 'En construccion', 220.68, NULL, NULL),
(61, 387, 'Vivienda Ejecutiva', 'Vendida', 86.41, 5088705.70, '2023-01-14'),
(61, 419, 'Vivienda Ejecutiva', 'Rentada', 191.78, 9096993.77, '2024-10-17'),
(88, 379, 'Nave Industrial', 'Vendida', 48.92, 3917039.83, '2023-12-16'),
(94, 232, 'Departamento', 'Rentada', 239.82, 8484351.51, '2023-09-29'),
(66, 497, 'Oficina', 'Disponible', 276.04, 4870343.31, '2023-04-22'),
(99, 68, 'Oficina', 'En construccion', 102.72, NULL, NULL),
(70, 231, 'Departamento', 'Rentada', 205.46, 3593924.73, '2024-02-08'),
(45, 228, 'Ancla Comercial', 'Vendida', 170.13, 5106367.63, '2024-12-30'),
(98, 216, 'Vivienda Ejecutiva', 'Disponible', 294.66, 2294153.09, '2021-05-22'),
(27, 64, 'Nave Industrial', 'Rentada', 206.79, 3803146.35, '2022-07-04'),
(81, 285, 'Vivienda Ejecutiva', 'Rentada', 294.03, 2920288.22, '2024-01-09'),
(50, 354, 'Ancla Comercial', 'Rentada', 247.56, 2786863.29, '2024-11-28'),
(19, 492, 'Centro Comercial', 'Rentada', 136.72, 9610113.24, '2020-02-16'),
(93, 300, 'Departamento', 'Rentada', 111.91, 2863951.08, '2023-11-21'),
(4, 197, 'Oficina', 'Vendida', 103.68, 7894421.60, '2023-09-14'),
(6, 381, 'Ancla Comercial', 'Rentada', 142.94, 6360426.30, '2025-04-02'),
(10, 247, 'Casa', 'Disponible', 124.52, 4581365.27, '2022-04-14'),
(30, 355, 'Oficina', 'Disponible', 276.43, 6076252.18, '2023-12-05'),
(64, 494, 'Ancla Comercial', 'Disponible', 63.9, 909403.1, '2023-08-08'),
(43, 221, 'Ancla Comercial', 'Rentada', 266.14, 5242341.02, '2021-08-28'),
(75, 200, 'Local', 'En construccion', 260.08, NULL, NULL),
(47, 461, 'Hotel Corporativo', 'Disponible', 295.22, 7751455.62, '2019-11-19'),
(46, 397, 'Casa', 'En construccion', 288.59, NULL, NULL),
(55, 319, 'Ancla Comercial', 'Vendida', 264.95, 6260652.67, '2022-10-23'),
(43, 110, 'Centro Comercial', 'Rentada', 50.45, 2210516.33, '2023-01-17'),
(45, 489, 'Ancla Comercial', 'Disponible', 79.62, 6654781.44, '2024-11-27'),
(84, 256, 'Departamento', 'En construccion', 196.29, NULL, NULL),
(27, 104, 'Nave Industrial', 'Disponible', 259.14, 821892.43, '2025-02-12'),
(50, 211, 'Local', 'Disponible', 167.18, 2420834.86, '2024-10-11'),
(52, 98, 'Local', 'Disponible', 273.54, 3321112.5, '2022-06-13'),
(52, 92, 'Centro Comercial', 'Rentada', 64.75, 3378651.46, '2025-02-25'),
(82, 310, 'Oficina', 'Disponible', 221.16, 6180686.82, '2021-02-08'),
(3, 396, 'Departamento', 'Rentada', 99.22, 3317430.45, '2022-02-26'),
(5, 66, 'Parque Industrial', 'Disponible', 82.87, 2148137.86, '2020-11-14'),
(50, 368, 'Local', 'Vendida', 139.46, 4961340.06, '2025-01-16'),
(68, 390, 'Oficina', 'Vendida', 248.91, 8762621.44, '2022-12-06'),
(95, 105, 'Oficina', 'Vendida', 136.65, 9562208.21, '2022-03-05'),
(44, 153, 'Local', 'En construccion', 223.2, NULL, NULL),
(85, 309, 'Casa', 'Disponible', 173.5, 2130837.22, '2020-10-02'),
(7, 259, 'Centro de distribucion', 'Vendida', 295.58, 9117532.56, '2023-01-30'),
(2, 177, 'Local', 'En construccion', 125.32, NULL, NULL),
(48, 209, 'Nave Industrial', 'En construccion', 211.1, NULL, NULL),
(45, 16, 'Centro Comercial', 'Disponible', 130.12, 7433233.66, '2025-02-08'),
(2, 157, 'Ancla Comercial', 'En construccion', 132.68, NULL, NULL),
(19, 420, 'Local', 'Rentada', 288.05, 4890777.44, '2021-03-19'),
(56, 204, 'Nave Industrial', 'Vendida', 159.66, 1498385.25, '2024-07-13'),
(50, 101, 'Local', 'Vendida', 110.4, 8437843.16, '2024-01-26'),
(13, 346, 'Centro Comercial', 'En construccion', 179.04, NULL, NULL),
(25, 26, 'Nave Industrial', 'Disponible', 175.18, 6150190.08, '2024-03-13'),
(65, 472, 'Ancla Comercial', 'Disponible', 131.55, 7952320.83, '2024-04-10'),
(57, 363, 'Parque Industrial', 'En construccion', 183.32, NULL, NULL),
(41, 371, 'Centro Comercial', 'Vendida', 178.45, 7157863.77, '2024-04-20'),
(81, 159, 'Vivienda Ejecutiva', 'Vendida', 169.76, 5921776.67, '2021-11-10'),
(7, 91, 'Centro de distribucion', 'En construccion', 77.77, NULL, NULL),
(31, 75, 'Oficina', 'Vendida', 280.11,4360678.67, '2024-07-23'),
(33, 254, 'Casa', 'Disponible', 201.67, 3098124.18, '2023-05-21'),
(6, 343, 'Local', 'En construccion', 110.38, NULL, NULL),
(79, 186, 'Casa', 'Disponible', 90.18, 3937393.24, '2025-02-27'),
(12, 332, 'Hotel Corporativo', 'En construccion', 199.67, NULL, NULL),
(22, 94, 'Oficina', 'Vendida', 204.16, 7965669.54, '2025-04-30'),
(26, 453, 'Oficina', 'Rentada', 183.22, 7672391.25, '2020-06-18'),
(18, 30, 'Hotel Corporativo', 'En construccion', 203.63, NULL, NULL),
(30, 380, 'Oficina', 'Vendida', 155.39, 1275523.60, '2024-04-19'),
(2, 111, 'Centro Comercial', 'Rentada', 149.21, 2541892.87, '2022-10-25'),
(24, 357, 'Departamento', 'Rentada', 290.75, 9727685.92, '2024-12-10'),
(12, 470, 'Hotel Corporativo', 'Disponible', 139.04, 6624147.3, '2025-01-14'),
(55, 27, 'Local', 'Rentada', 62.08, 1215712.97, '2021-10-14'),
(67, 122, 'Departamento', 'Vendida', 162.16, 1052404.60, '2023-06-26'),
(86, 272, 'Ancla Comercial', 'Disponible', 288.55, 2241166.94, '2023-04-09'),
(45, 239, 'Local', 'Rentada', 236.24,  9921894.78, '2023-07-05'),
(91, 440, 'Ancla Comercial', 'Rentada', 204.82, 4516274.03, '2025-01-23'),
(40, 50, 'Local', 'Disponible', 196.86, 1579106.65, '2024-03-19'),
(24, 93, 'Departamento', 'Rentada', 248.34, 1786968.46, '2024-06-09'),
(58, 353, 'Local', 'Disponible', 52.69, 1030121.59, '2022-05-07'),
(5, 49, 'Parque Industrial', 'Vendida', 130.58, 1727402.60, '2022-02-26'),
(24, 372, 'Departamento', 'Disponible', 285.39, 5934431.03, '2023-11-05'),
(47, 475, 'Hotel Corporativo', 'Vendida', 58.82, 7457369.15, '2020-01-19'),
(13, 299, 'Local', 'Disponible', 176.96, 2750452.68, '2021-01-19'),
(61, 321, 'Vivienda Ejecutiva', 'Rentada', 196.01, 4435561.98, '2021-01-08'),
(65, 223, 'Centro Comercial', 'En construccion', 258.47, NULL, NULL),
(21, 298, 'Departamento', 'Disponible', 107.88, 1308829.82, '2022-03-24'),
(84, 187, 'Departamento', 'Vendida', 139.32, 1972867.08, '2024-07-25'),
(62, 103, 'Parque Industrial', 'En construccion', 270.13, NULL, NULL),
(100, 84, 'Departamento', 'Disponible', 152.11, 5508097.38, '2023-04-29'),
(15, 108, 'Almacen', 'Disponible', 180.56, 1811320.06, '2025-01-09'),
(21, 69, 'Departamento', 'Disponible', 186.04, 3454211.03, '2024-01-07'),
(66, 252, 'Oficina', 'Rentada', 135.23, 6414309.48, '2025-02-08'),
(21, 410, 'Departamento', 'En construccion', 219.86, NULL, NULL),
(90, 138, 'Nave Industrial', 'Disponible', 257.89, 4360779.53, '2024-09-02'),
(100, 90, 'Departamento', 'En construccion', 231.19, NULL, NULL),
(3, 76, 'Departamento', 'Disponible', 254.05, 5682260.38, '2022-04-03'),
(46, 448, 'Casa', 'Vendida', 110.71, 7274971.66, '2023-04-12'),
(66, 294, 'Oficina', 'Rentada', 63.57, 5744690.30, '2024-01-30'),
(25, 4, 'Nave Industrial', 'Vendida', 242.9, 8338049.97, '2023-07-14'),
(80, 365, 'Departamento', 'Vendida', 167.93, 1622590.46, '2024-07-03'),
(60, 106, 'Centro de distribucion', 'Rentada', 285.24, 2879220.47, '2023-02-05'),
(38, 29, 'Centro Comercial', 'Rentada', 245.3, 510535.21, '2024-09-05'),
(12, 19, 'Hotel Corporativo', 'Vendida', 197.71, 717496.53, '2024-05-15'),
(68, 137, 'Oficina', 'Rentada', 110.08, 8624196.87, '2022-12-03'),
(83, 6, 'Casa', 'Vendida', 168.13, 8954872.65, '2021-01-16'),
(6, 277, 'Centro Comercial', 'Vendida', 244.55, 5356235.52, '2022-01-04'),
(70, 189, 'Departamento', 'Rentada', 234.59, 7229600.09, '2024-01-23'),
(87, 85, 'Almacen', 'En construccion', 161.6, NULL, NULL),
(64, 121, 'Centro Comercial', 'En construccion', 270.22, NULL, NULL),
(24, 44, 'Departamento', 'Vendida', 144.68, 9720086.37, '2024-03-18'),
(41, 42, 'Ancla Comercial', 'Vendida', 120.36, 9429084.23, '2023-09-07'),
(13, 401, 'Ancla Comercial', 'Vendida', 243.53, 3878896.26, '2023-02-15'),
(33, 230, 'Casa', 'Disponible', 59.05, 6395004.67, '2024-05-21'),
(68, 308, 'Oficina', 'Rentada', 152.36, 7470384.17, '2022-07-15'),
(76, 3, 'Casa', 'En construccion', 126.53, NULL, NULL),
(40, 130, 'Centro Comercial', 'Rentada', 83.73, 7768763.56, '2022-06-03'),
(15, 409, 'Almacen', 'Disponible', 217.97, 4753113.03, '2024-04-17'),
(59, 136, 'Centro Comercial', 'Rentada', 46.99, 608831.91, '2023-04-17'),
(87, 457, 'Almacen', 'Disponible', 284.51, 6810421.49, '2022-03-26'),
(95, 172, 'Oficina', 'Vendida', 199.85, 2505013.99, '2021-07-06'),
(80, 386, 'Departamento', 'Vendida', 273.82, 5707820.54, '2024-11-26'),
(19, 168, 'Ancla Comercial', 'Disponible', 165.38, 5897709.97, '2020-06-11'),
(76, 484, 'Casa', 'En construccion', 182.21, NULL, NULL),
(30, 366, 'Oficina', 'En construccion', 283.78, NULL, NULL),
(92, 126, 'Hotel Corporativo', 'Vendida', 205.76, 6431527.00, '2022-07-16'),
(11, 417, 'Vivienda Ejecutiva', 'Disponible', 189.73, 3808610.23, '2023-04-01'),
(44, 95, 'Ancla Comercial', 'Vendida', 286.75, 9510007.38, '2024-12-23'),
(96, 96, 'Nave Industrial', 'En construccion', 174.31, NULL, NULL),
(75, 471, 'Local', 'Disponible', 145.68, 3966184.17, '2023-08-21'),
(85, 58, 'Casa', 'Disponible', 219.27, 4508734.03, '2020-03-22'),
(94, 388, 'Departamento', 'Disponible', 142.28, 3690244.81, '2024-05-10'),
(36, 158, 'Centro Comercial', 'Vendida', 273.18, 1781011.91, '2020-03-03'),
(100, 367, 'Departamento', 'Rentada', 143.71, 7859965.69, '2023-02-16'),
(24, 318, 'Departamento', 'Vendida', 221.62, 8462947.80, '2024-08-12'),
(30, 446, 'Oficina', 'Rentada', 115.52, 1267249.04, '2022-10-04'),
(15, 469, 'Almacen', 'Vendida', 158.67, 3106455.51, '2024-10-09'),
(85, 348, 'Casa', 'Disponible', 250.25, 1610470.55, '2020-03-23'),
(10, 119, 'Casa', 'Disponible', 177.62, 7745110.32, '2023-10-03'),
(98, 128, 'Vivienda Ejecutiva', 'Rentada', 130.49, 8626517.73, '2025-02-01'),
(55, 257, 'Ancla Comercial', 'En construccion', 100.53, NULL, NULL),
(41, 266, 'Ancla Comercial', 'Rentada', 278.0, 619906.20, '2024-10-07'),
(51, 79, 'Almacen', 'En construccion', 280.13, NULL, NULL),
(74, 24, 'Departamento', 'Vendida', 258.63, 8031596.55, '2024-09-28'),
(45, 416, 'Ancla Comercial', 'Disponible', 129.16, 1486132.22, '2024-04-29'),
(14, 281, 'Casa', 'En construccion', 272.32, NULL, NULL),
(72, 304, 'Nave Industrial', 'Vendida', 296.32, 5482262.33, '2020-10-07'),
(80, 485, 'Departamento', 'Disponible', 160.15, 5656866.26, '2024-08-07'),
(23, 65, 'Oficina', 'Vendida', 45.35, 9669061.25, '2022-09-02'),
(66, 358, 'Oficina', 'Rentada', 281.3, 1864184.41, '2024-08-10'),
(26, 202, 'Oficina', 'Disponible', 173.43, 861895.61, '2021-03-12'),
(31, 190, 'Oficina', 'Disponible', 258.8, 5886206.29, '2023-08-27'),
(65, 60, 'Local', 'Rentada', 112.29, 3482714.25, '2023-12-30'),
(83, 201, 'Casa', 'Disponible', 113.78, 6523978.5, '2020-11-12'),
(92, 226, 'Hotel Corporativo', 'Vendida', 69.76, 2644118.84, '2022-02-09'),
(39, 218, 'Centro de distribucion', 'En construccion', 181.12, NULL, NULL),
(29, 376, 'Departamento', 'En construccion', 131.77, NULL, NULL),
(19, 139, 'Centro Comercial', 'En construccion', 256.17, NULL, NULL),
(5, 41, 'Parque Industrial', 'Rentada', 217.45, 7954220.35, '2020-04-12'),
(64, 37, 'Centro Comercial', 'Rentada', 189.03, 7164170.97, '2022-10-29'),
(85, 185, 'Casa', 'Vendida', 162.02, 7846701.93, '2020-07-29'),
(10, 149, 'Casa', 'Disponible', 242.26, 5425354.59, '2021-11-30'),
(31, 479, 'Oficina', 'En construccion', 216.29, NULL, NULL),
(34, 352, 'Parque Industrial', 'Rentada', 289.5, 5354222.19, '2023-11-20'),
(12, 324, 'Hotel Corporativo', 'Vendida', 296.52, 8216920.53, '2024-12-20'),
(20, 163, 'Casa', 'Rentada', 190.16, 9930004.14, '2021-11-22'),
(53, 431, 'Ancla Comercial', 'Disponible', 175.97, 3721628.67, '2022-01-23'),
(43, 32, 'Local', 'Vendida', 218.5, 7372033.40, '2020-06-08'),
(91, 141, 'Centro Comercial', 'Disponible', 288.91, 2494825.48, '2023-09-19'),
(92, 113, 'Hotel Corporativo', 'En construccion', 206.62, NULL, NULL),
(82, 203, 'Oficina', 'Vendida', 227.38, 1571624.94, '2022-07-07'),
(78, 173, 'Vivienda Ejecutiva', 'Disponible', 251.43, 3415971.83, '2019-06-22'),
(12, 15, 'Hotel Corporativo', 'Rentada', 112.64, 9987487.47, '2024-07-11'),
(10, 1, 'Casa', 'Vendida', 129.38, 9186443.93, '2024-02-01'),
(67, 170, 'Departamento', 'Vendida', 133.57, 8126038.48, '2023-04-02'),
(25, 359, 'Nave Industrial', 'En construccion', 93.64, NULL, NULL),
(51, 356, 'Almacen', 'Rentada', 267.12, 5697826.56, '2023-05-07'),
(19, 374, 'Local', 'En construccion', 267.37, NULL, NULL),
(35, 117, 'Parque Industrial', 'En construccion', 115.4, NULL, NULL),
(49, 344, 'Casa', 'Vendida', 216.45, 4044774.74, '2024-09-02'),
(93, 316, 'Departamento', 'Disponible', 174.15, 3972551.85, '2025-03-30'),
(14, 261, 'Casa', 'En construccion', 144.52, NULL, NULL),
(61, 45, 'Vivienda Ejecutiva', 'En construccion', 78.87, NULL, NULL),
(86, 262, 'Centro Comercial', 'Disponible', 177.5, 4805365.96, '2023-12-16'),
(44, 286, 'Ancla Comercial', 'Disponible', 249.94, 2437611.72, '2024-09-24'),
(46, 114, 'Casa', 'En construccion', 169.84, NULL, NULL),
(17, 160, 'Parque Industrial', 'Disponible', 120.99, 4471358.52, '2024-05-26'),
(85, 152, 'Casa', 'Vendida', 226.26, 1459722.27, '2020-12-19'),
(90, 460, 'Nave Industrial', 'En construccion', 132.81, NULL, NULL),
(9, 292, 'Nave Industrial', 'Rentada', 61.8, 9752047.48, '2023-07-07'),
(19, 21, 'Centro Comercial', 'En construccion', 280.09, NULL, NULL),
(91, 156, 'Local', 'Disponible', 100.48, 1913117.36, '2022-12-15'),
(23, 315, 'Oficina', 'En construccion', 209.4, NULL, NULL),
(99, 335, 'Oficina', 'Rentada', 194.22, 2166006.03, '2024-07-21'),
(7, 182, 'Centro de distribucion', 'Disponible', 196.6, 2057936.75, '2023-07-24'),
(37, 398, 'Oficina', 'Rentada', 86.65, 6258185.58, '2021-05-10'),
(98, 243, 'Vivienda Ejecutiva', 'Vendida', 56.49, 1411810.34, '2021-07-31'),
(24, 305, 'Departamento', 'Vendida', 206.12, 3097236.32, '2024-07-04'),
(69, 312, 'Casa', 'Vendida', 267.56, 2727601.07, '2023-01-02'),
(69, 178, 'Casa', 'Vendida', 84.65, 9271890.45, '2024-04-25'),
(24, 14, 'Departamento', 'Rentada', 128.84, 741785.53, '2025-01-26'),
(40, 251, 'Local', 'Disponible', 105.47, 1372015.4, '2023-01-02'),
(81, 7, 'Vivienda Ejecutiva', 'Vendida', 52.79, 4605125.38, '2021-07-04'),
(29, 89, 'Departamento', 'En construccion', 226.31, NULL, NULL),
(53, 215, 'Local', 'Rentada', 265.89, 8157287.02, '2023-07-25'),
(7, 412, 'Centro de distribucion', 'Disponible', 214.73, 4214012.81, '2024-11-24'),
(30, 11, 'Oficina', 'Vendida', 298.74, 4136975.22, '2023-03-21'),
(62, 340, 'Parque Industrial', 'Vendida', 166.74, 4474507.95, '2024-08-26'),
(53, 245, 'Ancla Comercial', 'Rentada', 210.2, 5289649.09, '2022-08-16'),
(27, 87, 'Nave Industrial', 'Vendida', 93.33, 2017064.68, '2025-01-23'),
(95, 227, 'Oficina', 'Disponible', 293.18, 7895270.1, '2022-01-18'),
(87, 465, 'Almacen', 'Disponible', 169.88, 5162748.47, '2023-11-09'),
(16, 112, 'Centro Comercial', 'En construccion', 206.5, NULL, NULL),
(77, 384, 'Vivienda Ejecutiva', 'Disponible', 219.6, 5526827.24, '2021-12-24'),
(50, 338, 'Local', 'Rentada', 120.23, 1666166.56, '2022-09-28'),
(76, 377, 'Casa', 'En construccion', 69.17, NULL, NULL),
(96, 81, 'Nave Industrial', 'Vendida', 199.86, 3764038.60, '2024-01-20'),
(94, 399, 'Departamento', 'En construccion', 236.03, NULL, NULL),
(32, 480, 'Ancla Comercial', 'En construccion', 263.88, NULL, NULL),
(68, 191, 'Oficina', 'Disponible', 151.55, 2874672.16, '2024-12-03'),
(52, 415, 'Ancla Comercial', 'Rentada', 77.9, 6021435.27, '2025-03-05'),
(31, 433, 'Oficina', 'Rentada', 159.29, 4921547.51, '2024-05-14'),
(89, 464, 'Oficina', 'Vendida', 259.9, 6812898.55, '2023-05-09'),
(18, 438, 'Hotel Corporativo', 'Vendida', 295.85, 8979019.14, '2025-01-21'),
(71, 212, 'Hotel Corporativo', 'Vendida', 251.54, 2630880.02, '2023-03-28'),
(73, 330, 'Hotel Corporativo', 'Disponible', 286.72, 2558647.42, '2024-10-13'),
(5, 395, 'Parque Industrial', 'En construccion', 141.54, NULL, NULL),
(41, 421, 'Ancla Comercial', 'Vendida', 89.53, 1950449.25, '2024-03-03'),
(10, 424, 'Casa', 'Rentada', 283.32, 3283224.39, '2024-03-16'),
(13, 123, 'Ancla Comercial', 'Rentada', 100.25, 4125385.25, '2021-10-05'),
(62, 483, 'Parque Industrial', 'Disponible', 90.78, 5198920.15, '2022-10-26'),
(3, 303, 'Departamento', 'En construccion', 104.72, NULL, NULL),
(46, 235, 'Casa', 'En construccion', 297.51, NULL, NULL),
(7, 323, 'Centro de distribucion', 'En construccion', 247.4, NULL, NULL),
(31, 258, 'Oficina', 'Vendida', 133.2, 7823594.39, '2024-06-10'),
(82, 414, 'Oficina', 'En construccion', 149.0, NULL, NULL),
(18, 43, 'Hotel Corporativo', 'Vendida', 109.26, 1190177.48, '2022-02-16'),
(14, 171, 'Casa', 'En construccion', 180.67, NULL, NULL),
(60, 458, 'Centro de distribucion', 'Rentada', 51.56, 2594105.05, '2021-11-06'),
(42, 46, 'Hotel Corporativo', 'En construccion', 134.95, NULL, NULL),
(1, 393, 'Nave Industrial', 'Vendida', 181.32, 6119534.32, '2023-04-02'),
(35, 169, 'Parque Industrial', 'Vendida', 284.63, 9210029.33, '2021-07-07'),
(37, 33, 'Oficina', 'En construccion', 84.52, NULL, NULL),
(1, 48, 'Nave Industrial', 'Rentada', 200.56, 7180310.47, '2021-05-09'),
(69, 74, 'Casa', 'En construccion', 90.34, NULL, NULL),
(93, 77, 'Departamento', 'Rentada', 288.3, 6853771.64, '2024-04-17'),
(71, 328, 'Hotel Corporativo', 'Rentada', 144.81, 9640446.47, '2020-07-26'),
(6, 82, 'Local', 'Disponible', 125.78, 7737754.65, '2020-05-31'),
(94, 193, 'Departamento', 'Disponible', 221.53, 6646288.1, '2024-02-26'),
(99, 236, 'Oficina', 'Rentada', 153.49, 7974801.12, '2024-06-30'),
(59, 118, 'Ancla Comercial', 'Vendida', 166.04, 2871745.16, '2023-02-16'),
(7, 450, 'Centro de distribucion', 'En construccion', 98.03, NULL, NULL),
(43, 295, 'Ancla Comercial', 'Disponible', 266.99, 5669042.65, '2022-03-10'),
(78, 154, 'Vivienda Ejecutiva', 'Rentada', 80.45, 4358197.12, '2019-08-30'),
(37, 188, 'Oficina', 'Disponible', 192.48, 6879641.6, '2024-01-18'),
(74, 430, 'Departamento', 'Vendida', 171.09, 3064472.00, '2023-04-14'),
(62, 296, 'Parque Industrial', 'En construccion', 109.57, NULL, NULL),
(18, 306, 'Hotel Corporativo', 'En construccion', 198.7, NULL, NULL),
(66, 52, 'Oficina', 'Rentada', 119.99, 910969.21, '2023-12-06'),
(87, 166, 'Almacen', 'Rentada', 78.93, 4876652.50, '2024-02-07'),
(99, 67, 'Oficina', 'Vendida', 65.63, 6953427.75, '2024-06-11'),
(97, 402, 'Centro Comercial', 'Rentada', 292.5, 1642679.95, '2024-05-28'),
(28, 267, 'Centro Comercial', 'En construccion', 226.14, NULL, NULL),
(56, 40, 'Nave Industrial', 'En construccion', 148.51, NULL, NULL),
(22, 499, 'Oficina', 'En construccion', 241.42, NULL, NULL),
(82, 205, 'Oficina', 'Disponible', 228.69, 3482874.1, '2025-01-03'),
(100, 445, 'Departamento', 'Rentada', 157.32, 5272667.56, '2024-05-26'),
(12, 378, 'Hotel Corporativo', 'Rentada', 282.98, 7406026.15, '2024-03-29'),
(83, 293, 'Casa', 'Disponible', 193.98, 6395757.93, '2021-02-19'),
(27, 400, 'Nave Industrial', 'Disponible', 235.02, 7590159.22, '2020-03-18'),
(45, 115, 'Local', 'Disponible', 157.13, 6949552.13, '2024-04-24'),
(17, 392, 'Parque Industrial', 'En construccion', 257.79, NULL, NULL),
(14, 244, 'Casa', 'Vendida', 92.83, 3922296.99, '2020-08-16'),
(28, 456, 'Centro Comercial', 'Vendida', 47.05, 5981518.97, '2020-11-25'),
(68, 455, 'Oficina', 'Rentada', 65.32, 8539634.84, '2023-08-13'),
(98, 59, 'Vivienda Ejecutiva', 'En construccion', 292.47, NULL, NULL),
(85, 127, 'Casa', 'Vendida', 49.11, 5597990.61, '2020-01-22'),
(84, 375, 'Departamento', 'Disponible', 125.19, 7582332.4, '2021-08-27'),
(38, 80, 'Local', 'Disponible', 111.79, 3238864.35, '2024-06-26'),
(30, 389, 'Oficina', 'Rentada', 45.06, 7545119.01, '2024-10-30'),
(8, 307, 'Local', 'Vendida', 140.69, 5154685.85, '2022-10-27'),
(95, 195, 'Oficina', 'Rentada', 138.35, 1138039.76, '2021-06-13'),
(50, 283, 'Centro Comercial', 'En construccion', 248.36, NULL, NULL),
(21, 490, 'Departamento', 'Disponible', 158.93, 4578931.93, '2024-09-19'),
(5, 263, 'Parque Industrial', 'Vendida', 57.47, 1347074.85, '2023-06-20'),
(59, 467, 'Ancla Comercial', 'En construccion', 172.33, NULL, NULL),
(38, 447, 'Local', 'Rentada', 281.8, 7249287.36, '2024-01-06'),
(19, 443, 'Ancla Comercial', 'Disponible', 72.53, 1138676.18, '2022-06-11'),
(36, 454, 'Local', 'Vendida', 117.6, 8819651.67, '2022-06-18'),
(53, 403, 'Local', 'Vendida', 86.48, 8623506.83, '2022-05-26'),
(73, 31, 'Hotel Corporativo', 'En construccion', 226.87, NULL, NULL),
(86, 56, 'Centro Comercial', 'Disponible', 189.35, 4412383.63, '2025-01-04'),
(65, 132, 'Centro Comercial', 'Disponible', 227.35, 5943840.07, '2024-01-23'),
(52, 405, 'Centro Comercial', 'Vendida', 246.76, 5973036.60, '2025-01-31'),
(14, 9, 'Casa', 'Rentada', 74.35, 9429699.88, '2021-07-17'),
(23, 406, 'Oficina', 'En construccion', 134.4, NULL, NULL),
(19, 225, 'Centro Comercial', 'Rentada', 55.29, 1240890.88, '2020-08-08'),
(73, 145, 'Hotel Corporativo', 'Disponible', 163.95, 4807976.46, '2024-09-10'),
(48, 444, 'Nave Industrial', 'Rentada', 119.49, 5527824.19, '2022-08-29'),
(15, 210, 'Almacen', 'Disponible', 193.28, 4358271.25, '2024-12-30'),
(24, 237, 'Departamento', 'Disponible', 115.96, 1024997.54, '2025-02-13'),
(80, 22, 'Departamento', 'Vendida', 259.69, 7079113.19, '2024-06-05'),
(43, 102, 'Local', 'Disponible', 207.88, 6522757.58, '2021-12-16'),
(29, 36, 'Departamento', 'En construccion', 67.88, NULL, NULL),
(7, 54, 'Centro de distribucion', 'Rentada', 105.07, 9157541.77, '2021-07-27'),
(91, 10, 'Centro Comercial', 'En construccion', 86.66, NULL, NULL),
(58, 140, 'Ancla Comercial', 'Vendida', 177.65, 4759354.39, '2022-10-12'),
(73, 477, 'Hotel Corporativo', 'Vendida', 232.23, 4117688.14, '2025-03-10'),
(91, 275, 'Centro Comercial', 'Disponible', 45.88, 958059.82, '2020-06-02'),
(62, 20, 'Parque Industrial', 'Rentada', 48.4, 3112723.30, '2022-01-21'),
(54, 134, 'Almacen', 'Rentada', 265.26, 9966721.67, '2023-02-10'),
(30, 473, 'Oficina', 'Rentada', 49.52, 7387499.85, '2023-09-05'),
(91, 302, 'Centro Comercial', 'Vendida', 169.69, 3527638.64, '2021-02-18'),
(95, 151, 'Oficina', 'Vendida', 202.82, 2462377.65, '2022-02-11'),
(28, 198, 'Centro Comercial', 'Disponible', 84.62, 2213549.57, '2023-12-05'),
(43, 382, 'Local', 'Disponible', 214.85, 7140724.12, '2020-07-21'),
(27, 222, 'Nave Industrial', 'Vendida', 190.0, 9280967.90, '2023-12-18'),
(14, 491, 'Casa', 'En construccion', 58.38, NULL, NULL),
(81, 276, 'Vivienda Ejecutiva', 'En construccion', 154.76, NULL, NULL),
(26, 253, 'Oficina', 'Vendida', 125.93, 7695513.19, '2020-03-28'),
(98, 229, 'Vivienda Ejecutiva', 'En construccion', 140.32, NULL, NULL),
(52, 47, 'Centro Comercial', 'En construccion', 52.81, NULL, NULL),
(67, 320, 'Departamento', 'En construccion', 239.25, NULL, NULL),
(83, 206, 'Casa', 'Disponible', 221.02, 5143532.16, '2020-10-09'),
(46, 369, 'Casa', 'Disponible', 275.74, 5662740.99, '2020-11-22'),
(97, 347, 'Centro Comercial', 'Disponible', 264.75, 3114682.33, '2024-08-20'),
(43, 482, 'Centro Comercial', 'Vendida', 158.24, 6092683.00, '2021-06-29'),
(10, 5, 'Casa', 'Rentada', 237.58, 4780239.27, '2022-06-29'),
(39, 107, 'Centro de distribucion', 'En construccion', 66.06, NULL, NULL),
(96, 301, 'Nave Industrial', 'Vendida', 282.62, 7153680.02, '2024-02-12'),
(46, 147, 'Casa', 'Vendida', 184.51, 9283788.35, '2023-07-21'),
(94, 428, 'Departamento', 'Disponible', 169.95, 1074067.57, '2023-06-07'),
(91, 364, 'Centro Comercial', 'Rentada', 265.84, 5042516.15, '2023-10-22'),
(83, 495, 'Casa', 'Disponible', 75.77, 1190424.19, '2020-08-04'),
(20, 184, 'Casa', 'Vendida', 102.96, 1666720.48, '2025-02-12'),
(43, 317, 'Ancla Comercial', 'Vendida', 134.95, 5200233.30, '2023-09-02'),
(31, 339, 'Oficina', 'Disponible', 226.07, 2900562.57, '2023-08-28'),
(34, 297, 'Parque Industrial', 'Disponible', 127.94, 6456161.6, '2020-07-22'),
(22, 224, 'Oficina', 'Rentada', 226.13, 5707348.60, '2024-08-04'),
(54, 270, 'Almacen', 'En construccion', 73.03, NULL, NULL),
(33, 391, 'Casa', 'Disponible', 177.38, 4130881.94, '2023-08-07'),
(46, 181, 'Casa', 'Rentada', 117.92, 1144977.85, '2024-09-09'),
(52, 148, 'Local', 'En construccion', 163.96, NULL, NULL),
(58, 337, 'Centro Comercial', 'Disponible', 263.2, 2234449.39, '2021-01-29'),
(85, 38, 'Casa', 'Rentada', 187.26, 6052657.64, '2019-04-06'),
(24, 220, 'Departamento', 'Rentada', 262.22, 5296318.98, '2024-12-31'),
(6, 394, 'Ancla Comercial', 'Disponible', 241.37, 5547177.99, '2024-11-19'),
(6, 463, 'Ancla Comercial', 'Rentada', 258.18, 6520691.02, '2024-01-02'),
(30, 287, 'Oficina', 'Disponible', 101.08, 1236464.63, '2023-09-03'),
(32, 439, 'Ancla Comercial', 'Disponible', 78.03, 2431706.29, '2021-03-27'),
(41, 345, 'Ancla Comercial', 'En construccion', 231.53, NULL, NULL),
(80, 408, 'Departamento', 'Vendida', 45.59, 8274573.33, '2024-07-14'),
(27, 70, 'Nave Industrial', 'En construccion', 97.34, NULL, NULL),
(97, 83, 'Ancla Comercial', 'Rentada', 220.84, 9431509.63, '2024-02-28'),
(95, 17, 'Oficina', 'En construccion', 119.32, NULL, NULL),
(9, 34, 'Nave Industrial', 'Vendida', 259.62, 5286213.76, '2023-05-11'),
(50, 331, 'Ancla Comercial', 'Vendida', 156.78, 8275779.79, '2020-05-02'),
(22, 88, 'Oficina', 'Disponible', 287.04, 1725298.38, '2024-08-30'),
(42, 57, 'Hotel Corporativo', 'Rentada', 211.44, 6754805.27, '2020-09-08'),
(74, 2, 'Departamento', 'Disponible', 73.62, 3693972.62, '2021-12-29'),
(30, 155, 'Oficina', 'Rentada', 266.47, 4968775.64, '2024-07-02'),
(75, 78, 'Centro Comercial', 'En construccion', 218.16, NULL, NULL),
(89, 274, 'Oficina', 'Disponible', 138.64, 6259791.9, '2024-05-15'),
(98, 100, 'Vivienda Ejecutiva', 'Rentada', 194.23, 3337545.40, '2020-07-01'),
(97, 51, 'Ancla Comercial', 'Vendida', 262.87, 5154586.44, '2024-04-30'),
(98, 234, 'Vivienda Ejecutiva', 'Disponible', 47.41, 1470855.44, '2021-03-14'),
(74, 361, 'Departamento', 'Rentada', 76.84, 7336680.36, '2021-08-29'),
(29, 466, 'Departamento', 'Rentada', 171.49, 8915232.51, '2020-06-04'),
(96, 63, 'Nave Industrial', 'Vendida', 182.57, 8330050.32, '2025-01-03'),
(35, 385, 'Parque Industrial', 'En construccion', 122.18, NULL, NULL),
(85, 39, 'Casa', 'Disponible', 242.49, 6097325.43, '2019-04-16'),
(44, 481, 'Local', 'En construccion', 232.31, NULL, NULL),
(10, 144, 'Casa', 'Rentada', 220.14, 539373.68, '2023-05-23'),
(44, 143, 'Centro Comercial', 'Vendida', 52.92, 9617152.33, '2024-04-06'),
(33, 174, 'Casa', 'Rentada', 210.23, 4726202.42, '2022-02-02'),
(89, 167, 'Oficina', 'Vendida', 105.1, 7201895.83, '2024-07-13'),
(45, 284, 'Centro Comercial', 'Vendida', 242.2, 9616695.11, '2024-07-02'),
(90, 179, 'Nave Industrial', 'Rentada', 253.97, 1456479.06, '2024-09-04'),
(8, 161, 'Ancla Comercial', 'Rentada', 261.1, 3471165.50, '2022-09-20'),
(89, 370, 'Oficina', 'Disponible', 244.28, 3653224.92, '2024-06-18'),
(19, 62, 'Local', 'En construccion', 290.75, NULL, NULL),
(31, 404, 'Oficina', 'Vendida', 273.02, 3560566.04, '2024-11-13'),
(56, 474, 'Nave Industrial', 'En construccion', 58.34, NULL, NULL),
(38, 336, 'Centro Comercial', 'Vendida', 139.76, 1739967.18, '2024-09-30'),
(6, 146, 'Ancla Comercial', 'En construccion', 196.41, NULL, NULL),
(14, 362, 'Casa', 'Vendida', 207.08, 5256988.81, '2021-12-30'),
(80, 71, 'Departamento', 'Disponible', 291.31, 4054089.18, '2024-08-23'),
(17, 326, 'Parque Industrial', 'En construccion', 236.01, NULL, NULL),
(14, 429, 'Casa', 'En construccion', 266.36, NULL, NULL),
(74, 442, 'Departamento', 'En construccion', 179.4, NULL, NULL),
(59, 8, 'Centro Comercial', 'Disponible', 212.82, 1467928.75, '2023-01-07'),
(50, 288, 'Local', 'Rentada', 92.44, 3453638.60, '2020-06-11'),
(18, 280, 'Hotel Corporativo', 'Disponible', 119.81, 7195263.08, '2025-01-15'),
(11, 196, 'Vivienda Ejecutiva', 'Rentada', 194.41, 7845257.58, '2023-06-22'),
(43, 268, 'Centro Comercial', 'Vendida', 287.75, 1209294.64, '2020-08-25'),
(46, 25, 'Casa', 'Rentada', 48.7, 9208369.75, '2022-07-26'),
(84, 142, 'Departamento', 'Vendida', 78.61, 7884249.34, '2024-03-19'),
(3, 278, 'Departamento', 'Rentada', 258.88, 8125728.73, '2022-05-18'),
(47, 217, 'Hotel Corporativo', 'Vendida', 83.29, 9834900.87, '2019-01-19'),
(87, 207, 'Almacen', 'Rentada', 186.14, 7733036.69, '2022-05-30'),
(2, 242, 'Centro Comercial', 'Disponible', 201.36, 3944723.01, '2022-01-05'),
(35, 425, 'Parque Industrial', 'En construccion', 163.41, NULL, NULL),
(47, 176, 'Hotel Corporativo', 'Vendida', 148.74, 3059737.00, '2019-01-10'),
(100, 478, 'Departamento', 'En construccion', 57.23, NULL, NULL),
(19, 194, 'Centro Comercial', 'Vendida', 170.46, 2804530.57, '2024-09-28'),
(66, 290, 'Oficina', 'Vendida', 170.1, 9635466.14, '2025-01-14'),
(85, 462, 'Casa', 'Disponible', 142.66, 4947818.07, '2021-05-25'),
(7, 165, 'Centro de distribucion', 'Vendida', 62.47, 7758537.15, '2023-07-28'),
(33, 150, 'Casa', 'En construccion', 91.41, NULL, NULL),
(13, 341, 'Centro Comercial', 'En construccion', 148.2, NULL, NULL),
(2, 233, 'Ancla Comercial', 'Disponible', 82.34, 4748722.66, '2020-12-19'),
(34, 61, 'Parque Industrial', 'Rentada', 201.49, 8717638.20, '2020-05-13'),
(27, 350, 'Nave Industrial', 'Disponible', 49.34, 984816.3, '2024-06-19'),
(34, 432, 'Parque Industrial', 'Disponible', 136.75, 5534762.61, '2022-04-20'),
(25, 129, 'Nave Industrial', 'En construccion', 205.84, NULL, NULL),
(26, 180, 'Oficina', 'Vendida', 188.31, 7009666.86, '2020-09-17'),
(13, 411, 'Local', 'Vendida', 113.56, 6644291.65, '2022-05-07'),
(50, 73, 'Ancla Comercial', 'Rentada', 127.4, 9393483.38, '2020-04-18'),
(56, 486, 'Nave Industrial', 'Vendida', 206.85, 727905.52, '2024-04-18'),
(41, 476, 'Local', 'En construccion', 275.77, NULL, NULL),
(66, 125, 'Oficina', 'Vendida', 147.46, 5469336.65, '2023-01-22'),
(24, 35, 'Departamento', 'Vendida', 126.91, 6956180.22, '2024-04-05'),
(27, 327, 'Nave Industrial', 'Disponible', 204.48, 6209751.98, '2021-02-07'),
(1, 183, 'Nave Industrial', 'Vendida', 163.93, 3479842.86, '2023-03-21'),
(64, 325, 'Ancla Comercial', 'Rentada', 143.57, 5560081.60, '2023-07-07'),
(5, 360, 'Parque Industrial', 'Rentada', 47.47, 6105576.43, '2020-04-16'),
(62, 214, 'Parque Industrial', 'Disponible', 125.44, 2067064.14, '2021-07-26'),
(25, 314, 'Nave Industrial', 'Vendida', 197.08, 9303966.56, '2024-11-18'),
(74, 23, 'Departamento', 'Vendida', 100.91, 3020579.70, '2021-12-17'),
(68, 164, 'Oficina', 'Disponible', 276.22, 1331378.19, '2022-04-08'),
(13, 213, 'Local', 'Rentada', 245.73, 548511.90, '2024-06-30'),
(83, 238, 'Casa', 'Disponible', 244.49, 4475109.22, '2021-02-03'),
(14, 422, 'Casa', 'Rentada', 76.38, 8920189.88, '2023-08-23'),
(30, 12, 'Oficina', 'Vendida', 226.42, 7715322.96, '2024-03-02'),
(96, 434, 'Nave Industrial', 'Rentada', 262.02, 6669629.87, '2023-10-22'),
(47, 279, 'Hotel Corporativo', 'Rentada', 148.18, 7331815.94, '2020-01-09'),
(61, 427, 'Vivienda Ejecutiva', 'Vendida', 214.2, 9979872.95, '2023-03-31'),
(55, 135, 'Ancla Comercial', 'En construccion', 47.36, NULL, NULL),
(62, 342, 'Parque Industrial', 'Rentada', 68.48, 8106988.35, '2021-05-10'),
(32, 313, 'Centro Comercial', 'Disponible', 224.96, 3584857.39, '2023-11-11'),
(14, 451, 'Casa', 'Rentada', 205.63, 8933883.78, '2022-01-12'),
(25, 53, 'Nave Industrial', 'En construccion', 254.09, NULL, NULL),
(38, 426, 'Local', 'En construccion', 80.51, NULL, NULL),
(66, 383, 'Oficina', 'Disponible', 75.13, 4822046.22, '2022-07-03'),
(53, 219, 'Centro Comercial', 'Vendida', 164.26, 7701452.01, '2023-08-02'),
(70, 449, 'Departamento', 'Rentada', 215.4, 1973548.28, '2023-11-09'),
(58, 493, 'Local', 'Disponible', 94.7, 4242417.94, '2022-10-03'),
(46, 436, 'Casa', 'En construccion', 200.72, NULL, NULL),
(21, 246, 'Departamento', 'En construccion', 76.73, NULL, NULL),
(46, 175, 'Casa', 'Rentada', 292.52, 2635276.53, '2021-04-03'),
(84, 291, 'Departamento', 'Rentada', 246.57, 7558085.40, '2022-05-09'),
(100, 322, 'Departamento', 'Rentada', 74.71, 6466707.00, '2023-03-20'),
(70, 441, 'Departamento', 'Disponible', 121.7, 1017432.53, '2023-12-22'),
(81, 255, 'Vivienda Ejecutiva', 'Rentada', 60.73, 9615890.81, '2021-12-15'),
(49, 487, 'Casa', 'En construccion', 73.57, NULL, NULL),
(6, 269, 'Centro Comercial', 'Vendida', 178.71, 1673796.10, '2021-09-15'),
(93, 407, 'Departamento', 'En construccion', 223.46, NULL, NULL),
(3, 459, 'Departamento', 'Rentada', 201.61, 7024544.40, '2020-07-14'),
(38, 329, 'Ancla Comercial', 'En construccion', 86.81, NULL, NULL),
(87, 240, 'Almacen', 'Rentada', 217.11, 9035205.15, '2022-12-04'),
(49, 496, 'Casa', 'Disponible', 191.97, 7013650.09, '2024-03-13'),
(83, 333, 'Casa', 'Vendida', 174.66, 909644.73, '2021-03-03'),
(30, 18, 'Oficina', 'Rentada', 259.91, 9366748.66, '2024-10-27'),
(62, 349, 'Parque Industrial', 'Rentada', 136.47, 6906722.07, '2023-08-18'),
(14, 265, 'Casa', 'Vendida', 279.65, 7001262.21, '2020-10-21'),
(14, 192, 'Casa', 'Vendida', 243.52, 3054173.19, '2020-06-11'),
(40, 249, 'Local', 'En construccion', 140.0, NULL, NULL),
(90, 28, 'Nave Industrial', 'En construccion', 127.11, NULL, NULL),
(95, 435, 'Oficina', 'Rentada', 114.98, 9365712.03, '2024-07-11'),
(98, 199, 'Vivienda Ejecutiva', 'Disponible', 117.32, 6527959.4, '2022-05-16'),
(96, 13, 'Nave Industrial', 'Disponible', 131.32, 5153277.93, '2024-11-30'),
(22, 72, 'Oficina', 'Rentada', 147.75, 9571280.55, '2024-05-19'),
(95, 498, 'Oficina', 'En construccion', 287.53, NULL, NULL),
(80, 116, 'Departamento', 'Rentada', 219.89, 1154171.05, '2024-06-16'),
(63, 282, 'Oficina', 'En construccion', 196.27, NULL, NULL),
(24, 273, 'Departamento', 'En construccion', 113.39, NULL, NULL),
(20, 452, 'Casa', 'En construccion', 188.16, NULL, NULL),
(73, 334, 'Hotel Corporativo', 'Rentada', 85.22, 6201072.30, '2025-01-28'),
(17, 120, 'Parque Industrial', 'Rentada', 139.38, 3044372.65, '2025-02-12'),
(60, 311, 'Centro de distribucion', 'En construccion', 159.1, NULL, NULL),
(81, 423, 'Vivienda Ejecutiva', 'Rentada', 143.04, 3683178.42, '2023-09-29'),
(20, 351, 'Casa', 'Rentada', 238.46, 3011095.60, '2024-03-11'),
(46, 500, 'Casa', 'Rentada', 106.78, 5990134.59, '2022-10-12'),
(87, 289, 'Almacen', 'Vendida', 159.24, 9484573.29, '2020-11-18'),
(6, 468, 'Local', 'Vendida', 293.66, 9818148.21, '2020-03-24'),
(31, 208, 'Oficina', 'Disponible', 193.11, 4418153.81, '2023-11-10'),
(10, 86, 'Casa', 'Disponible', 212.01, 3164306.27, '2024-04-23'),
(75, 437, 'Local', 'En construccion', 258.62, NULL, NULL),
(71, 162, 'Hotel Corporativo', 'Vendida', 237.8, 8840120.73, '2023-02-23'),
(61, 99, 'Vivienda Ejecutiva', 'Vendida', 49.87, 4412038.37, '2023-12-16'),
(30, 109, 'Oficina', 'Disponible', 277.86, 3000229.87, '2022-11-21'),
(32, 131, 'Centro Comercial', 'Disponible', 120.53, 4740205.15, '2020-10-06'),
(71, 413, 'Hotel Corporativo', 'Vendida', 122.5, 1917634.17, '2022-05-15'),
(71, 133, 'Hotel Corporativo', 'Rentada', 287.92, 5049012.34, '2021-03-05'),
(1, 488, 'Nave Industrial', 'Disponible', 182.04, 2674284.09, '2022-11-28'),
(1, 250, 'Nave Industrial', 'Vendida', 279.05, 3737194.93, '2021-06-06'),
(7, 264, 'Centro de distribucion', 'Disponible', 201.59, 6245884.4, '2020-01-01'),
(96, 241, 'Nave Industrial', 'Disponible', 206.52, 5308075.53, '2025-04-18'),
(94, 271, 'Departamento', 'En construccion', 72.54, NULL, NULL),
(48, 418, 'Nave Industrial', 'Rentada', 51.01, 3732417.71, '2022-09-12'),
(50, 97, 'Local', 'En construccion', 76.49, NULL, NULL),
(54, 260, 'Almacen', 'En construccion', 64.3, NULL, NULL);

/*
*******************
*    CONTRATOS    *
*******************
*/
INSERT INTO contratos (id_propiedad, id_agente, id_cliente, tipo, fecha_contrato, precio_final, forma_pago, condiciones_contractuales) VALUES
(1, 13, 93, 'Renta', '2023-01-22', 8283759.93, 'Pago unico', 'El arrendatario no podrá subarrendar sin consentimiento por escrito.'),
(3, 84, 48, 'Venta', '2025-04-24', 6845519.26, 'Pagos periodicos', 'Contrato vigente por 12 meses con opción a renovación.'),
(5, 59, 89, 'Venta', '2024-01-17', 5088705.7, 'Pago unico', 'Penalización del 5% por cancelación anticipada.'),
(6, 31, 49, 'Renta', '2024-12-07', 9096993.77, 'Pagos periodicos', 'El inmueble será entregado en las condiciones acordadas en la inspección.'),
(7, 40, 32, 'Venta', '2024-10-07', 3917039.83, 'Pago unico', 'Penalización del 5% por cancelación anticipada.'),
(8, 2, 24, 'Renta', '2024-03-03', 8484351.51, 'Pagos periodicos', 'El comprador se compromete a pagar el total en un plazo no mayor a 30 días.'),
(11, 2, 34, 'Renta', '2025-02-10', 3593924.73, 'Pagos periodicos', 'Incluye mantenimiento por el primer año.'),
(12, 60, 88, 'Venta', '2025-02-24', 5106367.63, 'Pago unico', 'El inmueble será entregado en las condiciones acordadas en la inspección.'),
(14, 53, 61, 'Renta', '2024-12-10', 3803146.35, 'Pago unico', 'Penalización del 5% por cancelación anticipada.'),
(15, 88, 9, 'Renta', '2025-01-04', 2920288.22, 'Pagos periodicos', 'La propiedad se entrega con servicios básicos activos.'),
(16, 69, 53, 'Renta', '2025-01-19', 2786863.29, 'Pagos periodicos', 'Penalización del 5% por cancelación anticipada.'),
(17, 70, 13, 'Renta', '2024-06-06', 9610113.24, 'Pagos periodicos', 'Incluye mantenimiento por el primer año.'),
(18, 91, 82, 'Renta', '2024-11-20', 2863951.08, 'Pagos periodicos', 'La propiedad se entrega con servicios básicos activos.'),
(19, 90, 31, 'Venta', '2024-08-31', 7894421.6, 'Pago unico', 'La propiedad se entrega con servicios básicos activos.'),
(20, 55, 53, 'Renta', '2025-05-15', 6360426.3, 'Pago unico', 'Penalización del 5% por cancelación anticipada.'),
(24, 77, 82, 'Renta', '2024-04-30', 5242341.02, 'Pagos periodicos', 'El comprador se compromete a pagar el total en un plazo no mayor a 30 días.'),
(28, 24, 5, 'Venta', '2023-09-03', 6260652.67, 'Pagos periodicos', 'Contrato vigente por 12 meses con opción a renovación.'),
(29, 9, 28, 'Renta', '2024-11-18', 2210516.33, 'Pagos periodicos', 'El inmueble será entregado en las condiciones acordadas en la inspección.'),
(35, 95, 48, 'Renta', '2025-04-17', 3378651.46, 'Pagos periodicos', 'El arrendatario no podrá subarrendar sin consentimiento por escrito.'),
(37, 59, 5, 'Renta', '2025-05-20', 3317430.45, 'Pagos periodicos', 'El inmueble será entregado en las condiciones acordadas en la inspección.'),
(39, 21, 55, 'Venta', '2025-05-06', 4961340.06, 'Pagos periodicos', 'El inmueble será entregado en las condiciones acordadas en la inspección.'),
(40, 25, 2, 'Venta', '2023-04-21', 8762621.44, 'Pagos periodicos', 'El comprador se compromete a pagar el total en un plazo no mayor a 30 días.'),
(41, 87, 44, 'Venta', '2023-09-23', 9562208.21, 'Pago unico', 'El arrendatario no podrá subarrendar sin consentimiento por escrito.'),
(44, 51, 39, 'Venta', '2024-01-18', 9117532.56, 'Pago unico', 'Penalización del 5% por cancelación anticipada.'),
(49, 41, 43, 'Renta', '2024-03-11', 4890777.44, 'Pagos periodicos', 'El inmueble será entregado en las condiciones acordadas en la inspección.'),
(50, 51, 33, 'Venta', '2025-04-19', 1498385.25, 'Pago unico', 'El pago inicial corresponde al 20% del valor total.'),
(51, 84, 38, 'Venta', '2025-05-15', 8437843.16, 'Pagos periodicos', 'Incluye mantenimiento por el primer año.'),
(56, 94, 14, 'Venta', '2025-04-27', 7157863.77, 'Pagos periodicos', 'Incluye mantenimiento por el primer año.'),
(57, 20, 2, 'Venta', '2024-10-10', 5921776.67, 'Pago unico', 'El inmueble será entregado en las condiciones acordadas en la inspección.'),
(59, 55, 47, 'Venta', '2025-01-19', 4360678.67, 'Pagos periodicos', 'La propiedad se entrega con servicios básicos activos.'),
(64, 46, 40, 'Venta', '2025-05-07', 7965669.54, 'Pago unico', 'Contrato vigente por 12 meses con opción a renovación.'),
(65, 39, 82, 'Renta', '2024-08-22', 7672391.25, 'Pagos periodicos', 'Incluye mantenimiento por el primer año.'),
(67, 69, 52, 'Venta', '2025-03-14', 1275523.6, 'Pagos periodicos', 'El pago inicial corresponde al 20% del valor total.'),
(68, 88, 19, 'Renta', '2023-08-26', 2541892.87, 'Pagos periodicos', 'El comprador se compromete a pagar el total en un plazo no mayor a 30 días.'),
(69, 50, 46, 'Renta', '2025-01-11', 9727685.92, 'Pagos periodicos', 'Contrato vigente por 12 meses con opción a renovación.'),
(71, 49, 66, 'Renta', '2024-07-23', 1215712.97, 'Pagos periodicos', 'El inmueble será entregado en las condiciones acordadas en la inspección.'),
(72, 44, 54, 'Venta', '2025-04-19', 1052404.6, 'Pagos periodicos', 'El arrendatario no podrá subarrendar sin consentimiento por escrito.'),
(74, 32, 47, 'Renta', '2025-04-09', 9921894.78, 'Pagos periodicos', 'El arrendatario no podrá subarrendar sin consentimiento por escrito.'),
(75, 10, 73, 'Renta', '2025-02-05', 4516274.03, 'Pago unico', 'Contrato vigente por 12 meses con opción a renovación.'),
(77, 22, 75, 'Renta', '2025-01-29', 1786968.46, 'Pago unico', 'Contrato vigente por 12 meses con opción a renovación.'),
(79, 75, 30, 'Venta', '2024-06-21', 1727402.6, 'Pagos periodicos', 'El comprador se compromete a pagar el total en un plazo no mayor a 30 días.'),
(81, 65, 73, 'Venta', '2022-03-30', 7457369.15, 'Pagos periodicos', 'Contrato vigente por 12 meses con opción a renovación.'),
(83, 67, 31, 'Renta', '2022-01-16', 4435561.98, 'Pagos periodicos', 'Contrato vigente por 12 meses con opción a renovación.'),
(86, 41, 46, 'Venta', '2024-12-27', 1972867.08, 'Pagos periodicos', 'Penalización del 5% por cancelación anticipada.'),
(91, 76, 9, 'Renta', '2025-04-11', 6414309.48, 'Pagos periodicos', 'Contrato vigente por 12 meses con opción a renovación.'),
(96, 57, 80, 'Venta', '2024-05-14', 7274971.66, 'Pago unico', 'Incluye mantenimiento por el primer año.'),
(97, 40, 96, 'Renta', '2025-03-16', 5744690.3, 'Pago unico', 'El arrendatario no podrá subarrendar sin consentimiento por escrito.'),
(98, 23, 29, 'Venta', '2023-09-20', 8338049.97, 'Pago unico', 'La propiedad se entrega con servicios básicos activos.'),
(99, 87, 75, 'Venta', '2025-02-23', 1622590.46, 'Pagos periodicos', 'Penalización del 5% por cancelación anticipada.'),
(100, 89, 56, 'Renta', '2025-02-13', 2879220.47, 'Pagos periodicos', 'El pago inicial corresponde al 20% del valor total.'),
(101, 24, 55, 'Renta', '2025-05-01', 510535.21, 'Pago unico', 'La propiedad se entrega con servicios básicos activos.'),
(102, 65, 90, 'Venta', '2025-03-14', 717496.53, 'Pago unico', 'Contrato vigente por 12 meses con opción a renovación.'),
(103, 24, 61, 'Renta', '2024-08-24', 8624196.87, 'Pago unico', 'El arrendatario no podrá subarrendar sin consentimiento por escrito.'),
(104, 24, 12, 'Venta', '2024-07-23', 8954872.65, 'Pago unico', 'Incluye mantenimiento por el primer año.'),
(105, 78, 2, 'Venta', '2025-03-23', 5356235.52, 'Pago unico', 'La propiedad se entrega con servicios básicos activos.'),
(106, 80, 51, 'Renta', '2025-02-10', 7229600.09, 'Pago unico', 'El pago inicial corresponde al 20% del valor total.'),
(109, 56, 1, 'Venta', '2025-05-07', 9720086.37, 'Pagos periodicos', 'Contrato vigente por 12 meses con opción a renovación.'),
(110, 62, 99, 'Venta', '2024-02-02', 9429084.23, 'Pagos periodicos', 'Contrato vigente por 12 meses con opción a renovación.'),
(111, 38, 63, 'Venta', '2024-10-16', 3878896.26, 'Pago unico', 'La propiedad se entrega con servicios básicos activos.'),
(113, 100, 74, 'Renta', '2024-05-05', 7470384.17, 'Pagos periodicos', 'El inmueble será entregado en las condiciones acordadas en la inspección.'),
(115, 14, 83, 'Renta', '2023-03-11', 7768763.56, 'Pago unico', 'Contrato vigente por 12 meses con opción a renovación.'),
(117, 63, 41, 'Renta', '2025-01-27', 608831.91, 'Pago unico', 'La propiedad se entrega con servicios básicos activos.'),
(119, 30, 33, 'Venta', '2024-06-18', 2505013.99, 'Pagos periodicos', 'Incluye mantenimiento por el primer año.'),
(120, 65, 85, 'Venta', '2024-12-13', 5707820.54, 'Pago unico', 'La propiedad se entrega con servicios básicos activos.'),
(124, 40, 32, 'Venta', '2024-12-06', 6431527.0, 'Pagos periodicos', 'El comprador se compromete a pagar el total en un plazo no mayor a 30 días.'),
(126, 13, 4, 'Venta', '2025-02-02', 9510007.38, 'Pago unico', 'La propiedad se entrega con servicios básicos activos.'),
(131, 92, 24, 'Venta', '2022-11-21', 1781011.91, 'Pago unico', 'Penalización del 5% por cancelación anticipada.'),
(132, 66, 95, 'Renta', '2024-07-18', 7859965.69, 'Pago unico', 'Contrato vigente por 12 meses con opción a renovación.'),
(133, 41, 56, 'Venta', '2025-01-14', 8462947.8, 'Pago unico', 'La propiedad se entrega con servicios básicos activos.'),
(134, 96, 62, 'Renta', '2023-06-13', 1267249.04, 'Pagos periodicos', 'El arrendatario no podrá subarrendar sin consentimiento por escrito.'),
(135, 95, 12, 'Venta', '2025-01-28', 3106455.51, 'Pagos periodicos', 'La propiedad se entrega con servicios básicos activos.'),
(138, 12, 16, 'Renta', '2025-04-30', 8626517.73, 'Pagos periodicos', 'El arrendatario no podrá subarrendar sin consentimiento por escrito.'),
(140, 44, 64, 'Renta', '2025-01-13', 619906.2, 'Pago unico', 'El arrendatario no podrá subarrendar sin consentimiento por escrito.'),
(142, 12, 84, 'Venta', '2025-04-28', 8031596.55, 'Pagos periodicos', 'Incluye mantenimiento por el primer año.'),
(145, 82, 37, 'Venta', '2023-02-11', 5482262.33, 'Pago unico', 'Contrato vigente por 12 meses con opción a renovación.'),
(147, 29, 2, 'Venta', '2023-09-16', 9669061.25, 'Pagos periodicos', 'La propiedad se entrega con servicios básicos activos.'),
(148, 38, 62, 'Renta', '2025-04-26', 1864184.41, 'Pagos periodicos', 'Penalización del 5% por cancelación anticipada.'),
(151, 11, 38, 'Renta', '2024-02-28', 3482714.25, 'Pagos periodicos', 'El inmueble será entregado en las condiciones acordadas en la inspección.'),
(153, 78, 27, 'Venta', '2023-04-01', 2644118.84, 'Pagos periodicos', 'El pago inicial corresponde al 20% del valor total.'),
(157, 20, 4, 'Renta', '2021-02-04', 7954220.35, 'Pago unico', 'Incluye mantenimiento por el primer año.'),
(158, 15, 9, 'Renta', '2023-04-25', 7164170.97, 'Pago unico', 'El pago inicial corresponde al 20% del valor total.'),
(159, 55, 88, 'Venta', '2025-03-22', 7846701.93, 'Pago unico', 'El comprador se compromete a pagar el total en un plazo no mayor a 30 días.'),
(162, 45, 61, 'Renta', '2024-08-15', 5354222.19, 'Pago unico', 'Contrato vigente por 12 meses con opción a renovación.'),
(163, 37, 89, 'Venta', '2025-03-15', 8216920.53, 'Pago unico', 'El pago inicial corresponde al 20% del valor total.'),
(164, 57, 59, 'Renta', '2022-06-27', 9930004.14, 'Pagos periodicos', 'El arrendatario no podrá subarrendar sin consentimiento por escrito.'),
(166, 22, 5, 'Venta', '2024-08-03', 7372033.4, 'Pago unico', 'El pago inicial corresponde al 20% del valor total.'),
(169, 13, 55, 'Venta', '2024-07-25', 1571624.94, 'Pago unico', 'Penalización del 5% por cancelación anticipada.'),
(171, 35, 14, 'Renta', '2025-01-27', 9987487.47, 'Pagos periodicos', 'Contrato vigente por 12 meses con opción a renovación.'),
(172, 16, 6, 'Venta', '2025-01-15', 9186443.93, 'Pagos periodicos', 'Incluye mantenimiento por el primer año.'),
(173, 15, 76, 'Venta', '2024-01-23', 8126038.48, 'Pagos periodicos', 'El comprador se compromete a pagar el total en un plazo no mayor a 30 días.'),
(175, 38, 71, 'Renta', '2024-02-10', 5697826.56, 'Pagos periodicos', 'Contrato vigente por 12 meses con opción a renovación.'),
(178, 48, 35, 'Venta', '2025-01-31', 4044774.74, 'Pagos periodicos', 'El comprador se compromete a pagar el total en un plazo no mayor a 30 días.'),
(186, 5, 15, 'Venta', '2025-01-09', 1459722.27, 'Pagos periodicos', 'Contrato vigente por 12 meses con opción a renovación.'),
(188, 32, 1, 'Renta', '2025-02-22', 9752047.48, 'Pago unico', 'Penalización del 5% por cancelación anticipada.'),
(192, 19, 48, 'Renta', '2024-10-04', 2166006.03, 'Pago unico', 'El inmueble será entregado en las condiciones acordadas en la inspección.'),
(194, 26, 49, 'Renta', '2023-02-12', 6258185.58, 'Pagos periodicos', 'El arrendatario no podrá subarrendar sin consentimiento por escrito.'),
(195, 29, 61, 'Venta', '2024-07-22', 1411810.34, 'Pago unico', 'El arrendatario no podrá subarrendar sin consentimiento por escrito.'),
(196, 12, 74, 'Venta', '2024-08-29', 3097236.32, 'Pago unico', 'La propiedad se entrega con servicios básicos activos.'),
(197, 25, 3, 'Venta', '2024-07-30', 2727601.07, 'Pagos periodicos', 'Contrato vigente por 12 meses con opción a renovación.'),
(198, 37, 67, 'Venta', '2025-02-13', 9271890.45, 'Pagos periodicos', 'La propiedad se entrega con servicios básicos activos.'),
(199, 89, 56, 'Renta', '2025-02-24', 741785.53, 'Pago unico', 'La propiedad se entrega con servicios básicos activos.'),
(201, 64, 3, 'Venta', '2024-11-08', 4605125.38, 'Pago unico', 'El arrendatario no podrá subarrendar sin consentimiento por escrito.'),
(203, 15, 87, 'Renta', '2024-05-24', 8157287.02, 'Pago unico', 'Penalización del 5% por cancelación anticipada.'),
(205, 39, 18, 'Venta', '2024-12-14', 4136975.22, 'Pago unico', 'El comprador se compromete a pagar el total en un plazo no mayor a 30 días.'),
(206, 91, 24, 'Venta', '2025-03-07', 4474507.95, 'Pagos periodicos', 'El arrendatario no podrá subarrendar sin consentimiento por escrito.'),
(207, 29, 98, 'Renta', '2023-07-04', 5289649.09, 'Pagos periodicos', 'El comprador se compromete a pagar el total en un plazo no mayor a 30 días.'),
(208, 50, 82, 'Venta', '2025-02-02', 2017064.68, 'Pago unico', 'El pago inicial corresponde al 20% del valor total.'),
(213, 35, 7, 'Renta', '2024-07-04', 1666166.56, 'Pagos periodicos', 'El arrendatario no podrá subarrendar sin consentimiento por escrito.'),
(215, 53, 1, 'Venta', '2024-12-08', 3764038.6, 'Pagos periodicos', 'Penalización del 5% por cancelación anticipada.'),
(219, 56, 38, 'Renta', '2025-04-01', 6021435.27, 'Pagos periodicos', 'Penalización del 5% por cancelación anticipada.'),
(220, 78, 97, 'Renta', '2024-10-23', 4921547.51, 'Pagos periodicos', 'El comprador se compromete a pagar el total en un plazo no mayor a 30 días.'),
(221, 82, 75, 'Venta', '2024-08-31', 6812898.55, 'Pago unico', 'El inmueble será entregado en las condiciones acordadas en la inspección.'),
(222, 16, 39, 'Venta', '2025-02-05', 8979019.14, 'Pago unico', 'El inmueble será entregado en las condiciones acordadas en la inspección.'),
(223, 79, 66, 'Venta', '2025-03-19', 2630880.02, 'Pagos periodicos', 'El comprador se compromete a pagar el total en un plazo no mayor a 30 días.'),
(226, 60, 66, 'Venta', '2025-02-03', 1950449.25, 'Pagos periodicos', 'El comprador se compromete a pagar el total en un plazo no mayor a 30 días.'),
(227, 27, 12, 'Renta', '2024-10-19', 3283224.39, 'Pago unico', 'Incluye mantenimiento por el primer año.'),
(228, 91, 15, 'Renta', '2024-02-18', 4125385.25, 'Pagos periodicos', 'El comprador se compromete a pagar el total en un plazo no mayor a 30 días.'),
(233, 61, 63, 'Venta', '2025-01-27', 7823594.39, 'Pagos periodicos', 'Penalización del 5% por cancelación anticipada.'),
(235, 53, 43, 'Venta', '2024-12-03', 1190177.48, 'Pagos periodicos', 'El arrendatario no podrá subarrendar sin consentimiento por escrito.'),
(237, 94, 88, 'Renta', '2025-03-24', 2594105.05, 'Pago unico', 'Penalización del 5% por cancelación anticipada.'),
(239, 85, 33, 'Venta', '2024-03-16', 6119534.32, 'Pago unico', 'El pago inicial corresponde al 20% del valor total.'),
(240, 7, 38, 'Venta', '2024-12-15', 9210029.33, 'Pago unico', 'El inmueble será entregado en las condiciones acordadas en la inspección.'),
(242, 18, 62, 'Renta', '2024-02-10', 7180310.47, 'Pago unico', 'El pago inicial corresponde al 20% del valor total.'),
(244, 4, 76, 'Renta', '2024-07-17', 6853771.64, 'Pago unico', 'Incluye mantenimiento por el primer año.'),
(245, 2, 74, 'Renta', '2025-02-23', 9640446.47, 'Pagos periodicos', 'Incluye mantenimiento por el primer año.'),
(248, 59, 25, 'Renta', '2024-09-10', 7974801.12, 'Pago unico', 'El arrendatario no podrá subarrendar sin consentimiento por escrito.'),
(249, 50, 61, 'Venta', '2024-08-26', 2871745.16, 'Pagos periodicos', 'El inmueble será entregado en las condiciones acordadas en la inspección.'),
(252, 90, 91, 'Renta', '2024-07-29', 4358197.12, 'Pagos periodicos', 'Penalización del 5% por cancelación anticipada.'),
(254, 24, 58, 'Venta', '2024-11-13', 3064472.0, 'Pago unico', 'Incluye mantenimiento por el primer año.'),
(257, 90, 83, 'Renta', '2025-01-06', 910969.21, 'Pagos periodicos', 'El inmueble será entregado en las condiciones acordadas en la inspección.'),
(258, 75, 90, 'Renta', '2024-03-03', 4876652.5, 'Pagos periodicos', 'El arrendatario no podrá subarrendar sin consentimiento por escrito.'),
(259, 82, 3, 'Venta', '2024-11-17', 6953427.75, 'Pago unico', 'El comprador se compromete a pagar el total en un plazo no mayor a 30 días.'),
(260, 25, 61, 'Renta', '2025-04-19', 1642679.95, 'Pago unico', 'El inmueble será entregado en las condiciones acordadas en la inspección.'),
(265, 92, 18, 'Renta', '2025-01-21', 5272667.56, 'Pago unico', 'Contrato vigente por 12 meses con opción a renovación.'),
(266, 70, 48, 'Renta', '2024-11-24', 7406026.15, 'Pagos periodicos', 'La propiedad se entrega con servicios básicos activos.'),
(271, 3, 26, 'Venta', '2024-04-17', 3922296.99, 'Pago unico', 'Contrato vigente por 12 meses con opción a renovación.'),
(272, 21, 27, 'Venta', '2024-05-16', 5981518.97, 'Pago unico', 'La propiedad se entrega con servicios básicos activos.'),
(273, 35, 45, 'Renta', '2024-04-22', 8539634.84, 'Pago unico', 'El comprador se compromete a pagar el total en un plazo no mayor a 30 días.'),
(275, 19, 75, 'Venta', '2024-07-15', 5597990.61, 'Pagos periodicos', 'El inmueble será entregado en las condiciones acordadas en la inspección.'),
(278, 65, 30, 'Renta', '2025-04-26', 7545119.01, 'Pago unico', 'Penalización del 5% por cancelación anticipada.'),
(279, 71, 20, 'Venta', '2025-01-30', 5154685.85, 'Pagos periodicos', 'Contrato vigente por 12 meses con opción a renovación.'),
(280, 84, 56, 'Renta', '2024-02-04', 1138039.76, 'Pago unico', 'Contrato vigente por 12 meses con opción a renovación.'),
(283, 89, 81, 'Venta', '2024-10-09', 1347074.85, 'Pagos periodicos', 'Contrato vigente por 12 meses con opción a renovación.'),
(285, 1, 31, 'Renta', '2024-07-22', 7249287.36, 'Pagos periodicos', 'El arrendatario no podrá subarrendar sin consentimiento por escrito.'),
(287, 67, 60, 'Venta', '2024-03-09', 8819651.67, 'Pagos periodicos', 'Contrato vigente por 12 meses con opción a renovación.'),
(288, 57, 95, 'Venta', '2025-04-06', 8623506.83, 'Pago unico', 'El comprador se compromete a pagar el total en un plazo no mayor a 30 días.'),
(292, 51, 4, 'Venta', '2025-03-29', 5973036.6, 'Pagos periodicos', 'Penalización del 5% por cancelación anticipada.'),
(293, 88, 53, 'Renta', '2024-01-24', 9429699.88, 'Pagos periodicos', 'Penalización del 5% por cancelación anticipada.'),
(295, 54, 44, 'Renta', '2024-01-27', 1240890.88, 'Pago unico', 'El comprador se compromete a pagar el total en un plazo no mayor a 30 días.'),
(297, 43, 48, 'Renta', '2024-11-17', 5527824.19, 'Pagos periodicos', 'Incluye mantenimiento por el primer año.'),
(300, 18, 50, 'Venta', '2024-12-20', 7079113.19, 'Pagos periodicos', 'El arrendatario no podrá subarrendar sin consentimiento por escrito.'),
(303, 100, 45, 'Renta', '2025-05-18', 9157541.77, 'Pago unico', 'Incluye mantenimiento por el primer año.'),
(305, 48, 70, 'Venta', '2024-04-07', 4759354.39, 'Pagos periodicos', 'Incluye mantenimiento por el primer año.'),
(306, 80, 63, 'Venta', '2025-03-17', 4117688.14, 'Pagos periodicos', 'El pago inicial corresponde al 20% del valor total.'),
(308, 84, 80, 'Renta', '2024-12-14', 3112723.3, 'Pagos periodicos', 'Penalización del 5% por cancelación anticipada.'),
(309, 78, 2, 'Renta', '2024-02-26', 9966721.67, 'Pagos periodicos', 'Incluye mantenimiento por el primer año.'),
(310, 3, 33, 'Renta', '2024-11-30', 7387499.85, 'Pagos periodicos', 'Contrato vigente por 12 meses con opción a renovación.'),
(311, 58, 59, 'Venta', '2024-07-27', 3527638.64, 'Pago unico', 'El comprador se compromete a pagar el total en un plazo no mayor a 30 días.'),
(312, 42, 38, 'Venta', '2024-11-14', 2462377.65, 'Pago unico', 'El comprador se compromete a pagar el total en un plazo no mayor a 30 días.'),
(315, 4, 63, 'Venta', '2024-07-24', 9280967.9, 'Pago unico', 'El arrendatario no podrá subarrendar sin consentimiento por escrito.'),
(318, 14, 100, 'Venta', '2024-06-25', 7695513.19, 'Pago unico', 'Penalización del 5% por cancelación anticipada.'),
(325, 47, 8, 'Venta', '2024-03-05', 6092683.0, 'Pago unico', 'Contrato vigente por 12 meses con opción a renovación.'),
(326, 21, 78, 'Renta', '2024-11-07', 4780239.27, 'Pago unico', 'Penalización del 5% por cancelación anticipada.'),
(328, 10, 67, 'Venta', '2024-06-20', 7153680.02, 'Pagos periodicos', 'El pago inicial corresponde al 20% del valor total.'),
(329, 11, 48, 'Venta', '2024-02-02', 9283788.35, 'Pagos periodicos', 'Contrato vigente por 12 meses con opción a renovación.'),
(331, 37, 24, 'Renta', '2024-04-03', 5042516.15, 'Pago unico', 'El comprador se compromete a pagar el total en un plazo no mayor a 30 días.'),
(333, 10, 21, 'Venta', '2025-04-12', 1666720.48, 'Pago unico', 'El comprador se compromete a pagar el total en un plazo no mayor a 30 días.'),
(334, 90, 14, 'Venta', '2024-09-18', 5200233.3, 'Pagos periodicos', 'Penalización del 5% por cancelación anticipada.'),
(337, 99, 9, 'Renta', '2025-01-14', 5707348.6, 'Pago unico', 'El comprador se compromete a pagar el total en un plazo no mayor a 30 días.'),
(340, 81, 50, 'Renta', '2024-10-05', 1144977.85, 'Pago unico', 'El comprador se compromete a pagar el total en un plazo no mayor a 30 días.'),
(343, 12, 17, 'Renta', '2024-11-29', 6052657.64, 'Pago unico', 'Penalización del 5% por cancelación anticipada.'),
(344, 5, 78, 'Renta', '2025-04-05', 5296318.98, 'Pagos periodicos', 'El arrendatario no podrá subarrendar sin consentimiento por escrito.'),
(346, 99, 72, 'Renta', '2024-06-17', 6520691.02, 'Pagos periodicos', 'Contrato vigente por 12 meses con opción a renovación.'),
(350, 35, 74, 'Venta', '2024-09-25', 8274573.33, 'Pagos periodicos', 'El inmueble será entregado en las condiciones acordadas en la inspección.'),
(352, 20, 49, 'Renta', '2025-04-13', 9431509.63, 'Pago unico', 'Incluye mantenimiento por el primer año.'),
(354, 91, 9, 'Venta', '2025-01-18', 5286213.76, 'Pagos periodicos', 'El inmueble será entregado en las condiciones acordadas en la inspección.'),
(355, 35, 87, 'Venta', '2025-02-02', 8275779.79, 'Pagos periodicos', 'La propiedad se entrega con servicios básicos activos.'),
(357, 10, 75, 'Renta', '2025-01-07', 6754805.27, 'Pago unico', 'El pago inicial corresponde al 20% del valor total.'),
(359, 24, 66, 'Renta', '2025-01-15', 4968775.64, 'Pago unico', 'Contrato vigente por 12 meses con opción a renovación.'),
(362, 65, 34, 'Renta', '2024-06-03', 3337545.4, 'Pagos periodicos', 'El pago inicial corresponde al 20% del valor total.'),
(363, 11, 22, 'Venta', '2024-09-16', 5154586.44, 'Pago unico', 'La propiedad se entrega con servicios básicos activos.'),
(365, 86, 85, 'Renta', '2024-07-30', 7336680.36, 'Pago unico', 'La propiedad se entrega con servicios básicos activos.'),
(366, 24, 45, 'Renta', '2024-08-08', 8915232.51, 'Pago unico', 'El pago inicial corresponde al 20% del valor total.'),
(367, 5, 22, 'Venta', '2025-02-07', 8330050.32, 'Pago unico', 'Incluye mantenimiento por el primer año.'),
(371, 89, 5, 'Renta', '2024-01-04', 539373.68, 'Pago unico', 'Penalización del 5% por cancelación anticipada.'),
(372, 51, 1, 'Venta', '2024-11-23', 9617152.33, 'Pagos periodicos', 'Penalización del 5% por cancelación anticipada.'),
(373, 54, 58, 'Renta', '2024-04-19', 4726202.42, 'Pagos periodicos', 'La propiedad se entrega con servicios básicos activos.'),
(374, 63, 11, 'Venta', '2024-08-18', 7201895.83, 'Pagos periodicos', 'Penalización del 5% por cancelación anticipada.'),
(375, 42, 59, 'Venta', '2025-04-26', 9616695.11, 'Pagos periodicos', 'El pago inicial corresponde al 20% del valor total.'),
(376, 64, 80, 'Renta', '2025-03-30', 1456479.06, 'Pago unico', 'Penalización del 5% por cancelación anticipada.'),
(377, 81, 70, 'Renta', '2024-10-06', 3471165.5, 'Pago unico', 'El inmueble será entregado en las condiciones acordadas en la inspección.'),
(380, 66, 39, 'Venta', '2024-12-23', 3560566.04, 'Pagos periodicos', 'Penalización del 5% por cancelación anticipada.'),
(382, 24, 53, 'Venta', '2025-03-01', 1739967.18, 'Pagos periodicos', 'Incluye mantenimiento por el primer año.'),
(384, 85, 67, 'Venta', '2024-08-05', 5256988.81, 'Pagos periodicos', 'El comprador se compromete a pagar el total en un plazo no mayor a 30 días.'),
(390, 20, 77, 'Renta', '2024-02-09', 3453638.6, 'Pagos periodicos', 'Contrato vigente por 12 meses con opción a renovación.'),
(392, 7, 46, 'Renta', '2024-06-03', 7845257.58, 'Pagos periodicos', 'El comprador se compromete a pagar el total en un plazo no mayor a 30 días.'),
(393, 28, 17, 'Venta', '2024-06-02', 1209294.64, 'Pago unico', 'Incluye mantenimiento por el primer año.'),
(394, 76, 4, 'Renta', '2024-04-02', 9208369.75, 'Pago unico', 'El comprador se compromete a pagar el total en un plazo no mayor a 30 días.'),
(395, 31, 36, 'Venta', '2024-05-23', 7884249.34, 'Pagos periodicos', 'La propiedad se entrega con servicios básicos activos.'),
(396, 28, 92, 'Renta', '2024-07-19', 8125728.73, 'Pago unico', 'El inmueble será entregado en las condiciones acordadas en la inspección.'),
(397, 16, 51, 'Venta', '2024-06-25', 9834900.87, 'Pagos periodicos', 'El arrendatario no podrá subarrendar sin consentimiento por escrito.'),
(398, 29, 64, 'Renta', '2024-04-18', 7733036.69, 'Pago unico', 'El inmueble será entregado en las condiciones acordadas en la inspección.'),
(401, 56, 27, 'Venta', '2024-01-16', 3059737.0, 'Pago unico', 'Penalización del 5% por cancelación anticipada.'),
(403, 75, 87, 'Venta', '2024-10-12', 2804530.57, 'Pago unico', 'Penalización del 5% por cancelación anticipada.'),
(404, 39, 90, 'Venta', '2025-02-09', 9635466.14, 'Pagos periodicos', 'Contrato vigente por 12 meses con opción a renovación.'),
(406, 52, 58, 'Venta', '2024-06-19', 7758537.15, 'Pago unico', 'El inmueble será entregado en las condiciones acordadas en la inspección.'),
(410, 2, 33, 'Renta', '2025-02-01', 8717638.2, 'Pago unico', 'Contrato vigente por 12 meses con opción a renovación.'),
(414, 16, 58, 'Venta', '2024-05-04', 7009666.86, 'Pago unico', 'El pago inicial corresponde al 20% del valor total.'),
(415, 88, 93, 'Venta', '2024-06-27', 6644291.65, 'Pagos periodicos', 'Penalización del 5% por cancelación anticipada.'),
(416, 55, 27, 'Renta', '2024-03-27', 9393483.38, 'Pago unico', 'El arrendatario no podrá subarrendar sin consentimiento por escrito.'),
(417, 19, 27, 'Venta', '2024-11-12', 727905.52, 'Pagos periodicos', 'El arrendatario no podrá subarrendar sin consentimiento por escrito.'),
(419, 22, 91, 'Venta', '2024-12-08', 5469336.65, 'Pagos periodicos', 'La propiedad se entrega con servicios básicos activos.'),
(420, 60, 77, 'Venta', '2024-04-14', 6956180.22, 'Pago unico', 'El inmueble será entregado en las condiciones acordadas en la inspección.'),
(422, 87, 95, 'Venta', '2025-03-28', 3479842.86, 'Pago unico', 'El pago inicial corresponde al 20% del valor total.'),
(423, 95, 15, 'Renta', '2024-10-14', 5560081.6, 'Pagos periodicos', 'El comprador se compromete a pagar el total en un plazo no mayor a 30 días.'),
(424, 11, 45, 'Renta', '2025-04-20', 6105576.43, 'Pago unico', 'El inmueble será entregado en las condiciones acordadas en la inspección.'),
(426, 16, 95, 'Venta', '2025-05-08', 9303966.56, 'Pagos periodicos', 'El inmueble será entregado en las condiciones acordadas en la inspección.'),
(427, 81, 94, 'Venta', '2024-11-05', 3020579.7, 'Pagos periodicos', 'Incluye mantenimiento por el primer año.'),
(429, 72, 16, 'Renta', '2024-11-14', 548511.9, 'Pagos periodicos', 'Incluye mantenimiento por el primer año.'),
(431, 92, 53, 'Renta', '2024-07-08', 8920189.88, 'Pagos periodicos', 'El comprador se compromete a pagar el total en un plazo no mayor a 30 días.'),
(432, 18, 94, 'Venta', '2024-07-14', 7715322.96, 'Pagos periodicos', 'El inmueble será entregado en las condiciones acordadas en la inspección.'),
(433, 90, 22, 'Renta', '2024-11-08', 6669629.87, 'Pago unico', 'El arrendatario no podrá subarrendar sin consentimiento por escrito.'),
(434, 15, 93, 'Renta', '2024-11-07', 7331815.94, 'Pago unico', 'Incluye mantenimiento por el primer año.'),
(435, 49, 2, 'Venta', '2024-09-17', 9979872.95, 'Pago unico', 'Contrato vigente por 12 meses con opción a renovación.'),
(437, 98, 42, 'Renta', '2024-09-11', 8106988.35, 'Pagos periodicos', 'El arrendatario no podrá subarrendar sin consentimiento por escrito.'),
(439, 75, 67, 'Renta', '2024-05-15', 8933883.78, 'Pagos periodicos', 'La propiedad se entrega con servicios básicos activos.'),
(443, 56, 76, 'Venta', '2024-07-05', 7701452.01, 'Pago unico', 'Incluye mantenimiento por el primer año.'),
(444, 62, 55, 'Renta', '2024-09-23', 1973548.28, 'Pagos periodicos', 'El inmueble será entregado en las condiciones acordadas en la inspección.'),
(448, 41, 17, 'Renta', '2024-12-28', 2635276.53, 'Pagos periodicos', 'La propiedad se entrega con servicios básicos activos.'),
(449, 28, 16, 'Renta', '2024-09-25', 7558085.4, 'Pago unico', 'Contrato vigente por 12 meses con opción a renovación.'),
(450, 21, 87, 'Renta', '2025-01-12', 6466707.0, 'Pagos periodicos', 'Incluye mantenimiento por el primer año.'),
(452, 66, 61, 'Renta', '2025-04-16', 9615890.81, 'Pago unico', 'El inmueble será entregado en las condiciones acordadas en la inspección.'),
(454, 88, 29, 'Venta', '2025-03-28', 1673796.1, 'Pagos periodicos', 'Penalización del 5% por cancelación anticipada.'),
(456, 98, 65, 'Renta', '2024-06-05', 7024544.4, 'Pago unico', 'La propiedad se entrega con servicios básicos activos.'),
(458, 90, 30, 'Renta', '2024-04-26', 9035205.15, 'Pagos periodicos', 'Penalización del 5% por cancelación anticipada.'),
(460, 75, 76, 'Venta', '2024-04-20', 909644.73, 'Pago unico', 'Contrato vigente por 12 meses con opción a renovación.'),
(461, 90, 96, 'Renta', '2024-12-23', 9366748.66, 'Pagos periodicos', 'La propiedad se entrega con servicios básicos activos.'),
(462, 62, 36, 'Renta', '2024-02-17', 6906722.07, 'Pagos periodicos', 'Incluye mantenimiento por el primer año.'),
(463, 72, 54, 'Venta', '2024-01-20', 7001262.21, 'Pago unico', 'El pago inicial corresponde al 20% del valor total.'),
(464, 33, 59, 'Venta', '2025-03-09', 3054173.19, 'Pagos periodicos', 'El pago inicial corresponde al 20% del valor total.'),
(467, 8, 14, 'Renta', '2024-11-14', 9365712.03, 'Pago unico', 'La propiedad se entrega con servicios básicos activos.'),
(470, 69, 53, 'Renta', '2024-09-10', 9571280.55, 'Pagos periodicos', 'El arrendatario no podrá subarrendar sin consentimiento por escrito.'),
(472, 7, 31, 'Renta', '2024-07-02', 1154171.05, 'Pago unico', 'La propiedad se entrega con servicios básicos activos.'),
(476, 45, 60, 'Renta', '2025-03-03', 6201072.3, 'Pago unico', 'El pago inicial corresponde al 20% del valor total.'),
(477, 71, 49, 'Renta', '2025-03-22', 3044372.65, 'Pagos periodicos', 'El pago inicial corresponde al 20% del valor total.'),
(479, 58, 93, 'Renta', '2025-05-03', 3683178.42, 'Pago unico', 'Contrato vigente por 12 meses con opción a renovación.'),
(480, 83, 85, 'Renta', '2024-12-19', 3011095.6, 'Pago unico', 'Incluye mantenimiento por el primer año.'),
(481, 26, 36, 'Renta', '2024-02-24', 5990134.59, 'Pago unico', 'El arrendatario no podrá subarrendar sin consentimiento por escrito.'),
(482, 35, 21, 'Venta', '2024-02-17', 9484573.29, 'Pago unico', 'El inmueble será entregado en las condiciones acordadas en la inspección.'),
(483, 65, 6, 'Venta', '2025-03-20', 9818148.21, 'Pago unico', 'El arrendatario no podrá subarrendar sin consentimiento por escrito.'),
(487, 46, 21, 'Venta', '2024-06-15', 8840120.73, 'Pago unico', 'La propiedad se entrega con servicios básicos activos.'),
(488, 76, 68, 'Venta', '2024-12-16', 4412038.37, 'Pago unico', 'El pago inicial corresponde al 20% del valor total.'),
(491, 49, 13, 'Venta', '2023-02-10', 1917634.17, 'Pagos periodicos', 'Penalización del 5% por cancelación anticipada.'),
(492, 5, 67, 'Renta', '2024-06-13', 5049012.34, 'Pagos periodicos', 'Incluye mantenimiento por el primer año.'),
(494, 57, 13, 'Venta', '2024-09-16', 3737194.93, 'Pagos periodicos', 'El comprador se compromete a pagar el total en un plazo no mayor a 30 días.'),
(498, 11, 38, 'Renta', '2025-02-04', 3732417.71, 'Pagos periodicos', 'El comprador se compromete a pagar el total en un plazo no mayor a 30 días.');

/*
*******************
*     PAGOS       *
*******************
*/
INSERT INTO pagos (num_pago, id_contrato, fecha_pago, monto, metodo_pago) VALUES
(1,1,'2023-01-22',8283759.93,'Cheque'),
(1,2,'2025-04-24',39605.87,'Transferencia'),
(1,3,'2024-01-17',5088705.70,'Efectivo'),
(1,4,'2024-12-07',65831.34,'Tarjeta'),
(1,5,'2024-10-07',3917039.83,'Tarjeta'),
(1,6,'2024-03-03',54426.08,'Efectivo'),
(1,7,'2025-02-10',53330.97,'Cheque'),
(1,8,'2025-02-24',5106367.63,'Cheque'),
(1,9,'2024-12-10',3803146.35,'Transferencia'),
(1,10,'2025-01-04',50414.97,'Transferencia'),
(1,11,'2025-01-19',13196.06,'Cheque'),
(1,12,'2024-06-06',58788.47,'Tarjeta'),
(1,13,'2024-11-20',92369.61,'Transferencia'),
(1,14,'2024-08-31',7894421.60,'Efectivo'),
(1,15,'2025-05-15',6360426.30,'Tarjeta'),
(1,16,'2024-04-30',28925.28,'Efectivo'),
(1,17,'2023-09-03',92622.46,'Cheque'),
(1,18,'2024-11-18',63976.06,'Efectivo'),
(1,19,'2025-04-17',85539.93,'Tarjeta'),
(1,20,'2025-05-20',95102.61,'Transferencia'),
(1,21,'2025-05-06',88821.76,'Cheque'),
(1,22,'2023-04-21',41256.68,'Efectivo'),
(1,23,'2023-09-23',9562208.21,'Transferencia'),
(1,24,'2024-01-18',9117532.56,'Cheque'),
(1,25,'2024-03-11',31733.32,'Cheque'),
(1,26,'2025-04-19',1498385.25,'Efectivo'),
(1,27,'2025-05-15',38593.54,'Efectivo'),
(1,28,'2025-04-27',42296.72,'Tarjeta'),
(1,29,'2024-10-10',5921776.67,'Tarjeta'),
(1,30,'2025-01-19',36684.88,'Cheque'),
(1,31,'2025-05-07',7965669.54,'Transferencia'),
(1,32,'2024-08-22',96827.28,'Cheque'),
(1,33,'2025-03-14',93731.32,'Cheque'),
(1,34,'2023-08-26',36908.32,'Transferencia'),
(1,35,'2025-01-11',70231.48,'Efectivo'),
(1,36,'2024-07-23',69780.09,'Efectivo'),
(1,37,'2025-04-19',86208.93,'Efectivo'),
(1,38,'2025-04-09',62486.09,'Efectivo'),
(1,39,'2025-02-05',4516274.03,'Cheque'),
(1,40,'2025-01-29',1786968.46,'Efectivo'),
(1,41,'2024-06-21',87651.72,'Efectivo'),
(1,42,'2022-03-30',94859.79,'Efectivo'),
(1,43,'2022-01-16',55170.24,'Efectivo'),
(1,44,'2024-12-27',80941.26,'Transferencia'),
(1,45,'2025-04-11',51470.65,'Cheque'),
(1,46,'2024-05-14',7274971.66,'Tarjeta'),
(1,47,'2025-03-16',5744690.30,'Cheque'),
(1,48,'2023-09-20',8338049.97,'Transferencia'),
(1,49,'2025-02-23',93502.67,'Transferencia'),
(1,50,'2025-02-13',82891.62,'Cheque'),
(1,51,'2025-05-01',510535.21,'Efectivo'),
(1,52,'2025-03-14',717496.53,'Cheque'),
(1,53,'2024-08-24',8624196.87,'Tarjeta'),
(1,54,'2024-07-23',8954872.65,'Efectivo'),
(1,55,'2025-03-23',5356235.52,'Cheque'),
(1,56,'2025-02-10',7229600.09,'Transferencia'),
(1,57,'2025-05-07',48052.53,'Efectivo'),
(1,58,'2024-02-02',41980.35,'Tarjeta'),
(1,59,'2024-10-16',3878896.26,'Tarjeta'),
(1,60,'2024-05-05',99309.50,'Efectivo'),
(1,61,'2023-03-11',7768763.56,'Cheque'),
(1,62,'2025-01-27',608831.91,'Efectivo'),
(1,63,'2024-06-18',86230.92,'Transferencia'),
(1,64,'2024-12-13',5707820.54,'Transferencia'),
(1,65,'2024-12-06',74079.08,'Tarjeta'),
(1,66,'2025-02-02',9510007.38,'Tarjeta'),
(1,67,'2022-11-21',1781011.91,'Cheque'),
(1,68,'2024-07-18',7859965.69,'Efectivo'),
(1,69,'2025-01-14',8462947.80,'Transferencia'),
(1,70,'2023-06-13',34364.82,'Tarjeta'),
(1,71,'2025-01-28',25172.29,'Cheque'),
(1,72,'2025-04-30',91617.07,'Transferencia'),
(1,73,'2025-01-13',619906.20,'Tarjeta'),
(1,74,'2025-04-28',34408.04,'Tarjeta'),
(1,75,'2023-02-11',5482262.33,'Efectivo'),
(1,76,'2023-09-16',35871.10,'Efectivo'),
(1,77,'2025-04-26',12492.02,'Cheque'),
(1,78,'2024-02-28',20956.19,'Cheque'),
(1,79,'2023-04-01',72578.01,'Tarjeta'),
(1,80,'2021-02-04',7954220.35,'Cheque'),
(1,81,'2023-04-25',7164170.97,'Efectivo'),
(1,82,'2025-03-22',7846701.93,'Tarjeta'),
(1,83,'2024-08-15',5354222.19,'Cheque'),
(1,84,'2025-03-15',8216920.53,'Transferencia'),
(1,85,'2022-06-27',29903.24,'Tarjeta'),
(1,86,'2024-08-03',7372033.40,'Efectivo'),
(1,87,'2024-07-25',1571624.94,'Cheque'),
(1,88,'2025-01-27',54167.78,'Efectivo'),
(1,89,'2025-01-15',71849.05,'Efectivo'),
(1,90,'2024-01-23',43556.80,'Transferencia'),
(1,91,'2024-02-10',27438.62,'Transferencia'),
(1,92,'2025-01-31',91813.68,'Efectivo'),
(1,93,'2025-01-09',98560.68,'Transferencia'),
(1,94,'2025-02-22',9752047.48,'Tarjeta'),
(1,95,'2024-10-04',2166006.03,'Efectivo'),
(1,96,'2023-02-12',45199.09,'Transferencia'),
(1,97,'2024-07-22',1411810.34,'Cheque'),
(1,98,'2024-08-29',3097236.32,'Efectivo'),
(1,99,'2024-07-30',33158.04,'Cheque'),
(1,100,'2025-02-13',87747.28,'Efectivo'),
(1,101,'2025-02-24',741785.53,'Transferencia'),
(1,102,'2024-11-08',4605125.38,'Tarjeta'),
(1,103,'2024-05-24',8157287.02,'Cheque'),
(1,104,'2024-12-14',4136975.22,'Efectivo'),
(1,105,'2025-03-07',16457.71,'Tarjeta'),
(1,106,'2023-07-04',16540.11,'Efectivo'),
(1,107,'2025-02-02',2017064.68,'Transferencia'),
(1,108,'2024-07-04',98211.33,'Efectivo'),
(1,109,'2024-12-08',45333.01,'Cheque'),
(1,110,'2025-04-01',74312.43,'Tarjeta'),
(1,111,'2024-10-23',85392.32,'Efectivo'),
(1,112,'2024-08-31',6812898.55,'Tarjeta'),
(1,113,'2025-02-05',8979019.14,'Cheque'),
(1,114,'2025-03-19',16294.27,'Efectivo'),
(1,115,'2025-02-03',76229.35,'Tarjeta'),
(1,116,'2024-10-19',3283224.39,'Efectivo'),
(1,117,'2024-02-18',64210.92,'Cheque'),
(1,118,'2025-01-27',41663.28,'Transferencia'),
(1,119,'2024-12-03',65433.15,'Cheque'),
(1,120,'2025-03-24',2594105.05,'Transferencia'),
(1,121,'2024-03-16',6119534.32,'Tarjeta'),
(1,122,'2024-12-15',9210029.33,'Cheque'),
(1,123,'2024-02-10',7180310.47,'Efectivo'),
(1,124,'2024-07-17',6853771.64,'Transferencia'),
(1,125,'2025-02-23',31111.20,'Efectivo'),
(1,126,'2024-09-10',7974801.12,'Cheque'),
(1,127,'2024-08-26',67350.12,'Efectivo'),
(1,128,'2024-07-29',24673.40,'Efectivo'),
(1,129,'2024-11-13',3064472.00,'Efectivo'),
(1,130,'2025-01-06',27694.25,'Efectivo'),
(1,131,'2024-03-03',43448.75,'Tarjeta'),
(1,132,'2024-11-17',6953427.75,'Transferencia'),
(1,133,'2025-04-19',1642679.95,'Tarjeta'),
(1,134,'2025-01-21',5272667.56,'Cheque'),
(1,135,'2024-11-24',62689.51,'Transferencia'),
(1,136,'2024-04-17',3922296.99,'Efectivo'),
(1,137,'2024-05-16',5981518.97,'Transferencia'),
(1,138,'2024-04-22',8539634.84,'Tarjeta'),
(1,139,'2024-07-15',14803.39,'Transferencia'),
(1,140,'2025-04-26',7545119.01,'Cheque'),
(1,141,'2025-01-30',79218.16,'Efectivo'),
(1,142,'2024-02-04',1138039.76,'Efectivo'),
(1,143,'2024-10-09',74608.85,'Efectivo'),
(1,144,'2024-07-22',53444.35,'Efectivo'),
(1,145,'2024-03-09',69783.54,'Transferencia'),
(1,146,'2025-04-06',8623506.83,'Transferencia'),
(1,147,'2025-03-29',17616.84,'Cheque'),
(1,148,'2024-01-24',59252.25,'Efectivo'),
(1,149,'2024-01-27',1240890.88,'Cheque'),
(1,150,'2024-11-17',86856.18,'Cheque'),
(1,151,'2024-12-20',22630.66,'Tarjeta'),
(1,152,'2025-05-18',9157541.77,'Tarjeta'),
(1,153,'2024-04-07',47187.39,'Tarjeta'),
(1,154,'2025-03-17',86117.35,'Tarjeta'),
(1,155,'2024-12-14',67460.61,'Transferencia'),
(1,156,'2024-02-26',71541.01,'Tarjeta'),
(1,157,'2024-11-30',79590.51,'Efectivo'),
(1,158,'2024-07-27',3527638.64,'Efectivo'),
(1,159,'2024-11-14',2462377.65,'Cheque'),
(1,160,'2024-07-24',9280967.90,'Transferencia'),
(1,161,'2024-06-25',7695513.19,'Efectivo'),
(1,162,'2024-03-05',6092683.00,'Cheque'),
(1,163,'2024-11-07',4780239.27,'Tarjeta'),
(1,164,'2024-06-20',88234.35,'Tarjeta'),
(1,165,'2024-02-02',25699.89,'Transferencia'),
(1,166,'2024-04-03',5042516.15,'Efectivo'),
(1,167,'2025-04-12',1666720.48,'Transferencia'),
(1,168,'2024-09-18',35060.80,'Transferencia'),
(1,169,'2025-01-14',5707348.60,'Cheque'),
(1,170,'2024-10-05',1144977.85,'Efectivo'),
(1,171,'2024-11-29',6052657.64,'Tarjeta'),
(1,172,'2025-04-05',77036.74,'Transferencia'),
(1,173,'2024-06-17',18278.20,'Efectivo'),
(1,174,'2024-09-25',40600.61,'Transferencia'),
(1,175,'2025-04-13',9431509.63,'Cheque'),
(1,176,'2025-01-18',78325.31,'Efectivo'),
(1,177,'2025-02-02',62378.05,'Transferencia'),
(1,178,'2025-01-07',6754805.27,'Efectivo'),
(1,179,'2025-01-15',4968775.64,'Transferencia'),
(1,180,'2024-06-03',60360.81,'Efectivo'),
(1,181,'2024-09-16',5154586.44,'Cheque'),
(1,182,'2024-07-30',7336680.36,'Efectivo'),
(1,183,'2024-08-08',8915232.51,'Tarjeta'),
(1,184,'2025-02-07',8330050.32,'Cheque'),
(1,185,'2024-01-04',539373.68,'Transferencia'),
(1,186,'2024-11-23',91109.38,'Tarjeta'),
(1,187,'2024-04-19',76055.58,'Transferencia'),
(1,188,'2024-08-18',42724.70,'Transferencia'),
(1,189,'2025-04-26',99255.35,'Transferencia'),
(1,190,'2025-03-30',1456479.06,'Efectivo'),
(1,191,'2024-10-06',3471165.50,'Cheque'),
(1,192,'2024-12-23',79094.25,'Cheque'),
(1,193,'2025-03-01',31483.00,'Transferencia'),
(1,194,'2024-08-05',33193.88,'Transferencia'),
(1,195,'2024-02-09',54852.87,'Efectivo'),
(1,196,'2024-06-03',58192.89,'Efectivo'),
(1,197,'2024-06-02',1209294.64,'Efectivo'),
(1,198,'2024-04-02',9208369.75,'Tarjeta'),
(1,199,'2024-05-23',31792.58,'Tarjeta'),
(1,200,'2024-07-19',8125728.73,'Cheque'),
(1,201,'2024-06-25',69863.60,'Efectivo'),
(1,202,'2024-04-18',7733036.69,'Efectivo'),
(1,203,'2024-01-16',3059737.00,'Transferencia'),
(1,204,'2024-10-12',2804530.57,'Cheque'),
(1,205,'2025-02-09',34587.49,'Cheque'),
(1,206,'2024-06-19',7758537.15,'Tarjeta'),
(1,207,'2025-02-01',8717638.20,'Efectivo'),
(1,208,'2024-05-04',7009666.86,'Cheque'),
(1,209,'2024-06-27',79883.27,'Tarjeta'),
(1,210,'2024-03-27',9393483.38,'Efectivo'),
(1,211,'2024-11-12',88593.90,'Transferencia'),
(1,212,'2024-12-08',94101.62,'Tarjeta'),
(1,213,'2024-04-14',6956180.22,'Transferencia'),
(1,214,'2025-03-28',3479842.86,'Cheque'),
(1,215,'2024-10-14',43455.70,'Transferencia'),
(1,216,'2025-04-20',6105576.43,'Tarjeta'),
(1,217,'2025-05-08',78679.76,'Cheque'),
(1,218,'2024-11-05',71306.27,'Efectivo'),
(1,219,'2024-11-14',98893.08,'Cheque'),
(1,220,'2024-07-08',68284.60,'Cheque'),
(1,221,'2024-07-14',77868.64,'Efectivo'),
(1,222,'2024-11-08',1439605.90,'Transferencia'),
(1,223,'2024-11-07',7331815.94,'Tarjeta'),
(1,224,'2024-09-17',9979872.95,'Tarjeta'),
(1,225,'2024-09-11',43128.54,'Efectivo'),
(1,226,'2024-05-15',87595.92,'Tarjeta'),
(1,227,'2024-07-05',7701452.01,'Efectivo'),
(1,228,'2024-09-23',66483.79,'Tarjeta'),
(1,229,'2024-12-28',44871.47,'Efectivo'),
(1,230,'2024-09-25',7558085.40,'Cheque'),
(1,231,'2025-01-12',10888.51,'Transferencia'),
(1,232,'2025-04-16',9615890.81,'Tarjeta'),
(1,233,'2025-03-28',91065.54,'Cheque'),
(1,234,'2024-06-05',7024544.40,'Cheque'),
(1,235,'2024-04-26',60251.31,'Efectivo'),
(1,236,'2024-04-20',909644.73,'Cheque'),
(1,237,'2024-12-23',42639.69,'Cheque'),
(1,238,'2024-02-17',40765.43,'Cheque'),
(1,239,'2024-01-20',7001262.21,'Efectivo'),
(1,240,'2025-03-09',95084.21,'Tarjeta'),
(1,241,'2024-11-14',9365712.03,'Transferencia'),
(1,242,'2024-09-10',89945.08,'Cheque'),
(1,243,'2024-07-02',1154171.05,'Transferencia'),
(1,244,'2025-03-03',6201072.30,'Tarjeta'),
(1,245,'2025-03-22',30348.66,'Cheque'),
(1,246,'2025-05-03',3683178.42,'Tarjeta'),
(1,247,'2024-12-19',3011095.60,'Transferencia'),
(1,248,'2024-02-24',5990134.59,'Efectivo'),
(1,249,'2024-02-17',9484573.29,'Cheque'),
(1,250,'2025-03-20',9818148.21,'Cheque'),
(1,251,'2024-06-15',8840120.73,'Tarjeta'),
(1,252,'2024-12-16',4412038.37,'Transferencia'),
(1,253,'2023-02-10',30082.50,'Transferencia'),
(1,254,'2024-06-13',70037.33,'Tarjeta'),
(1,255,'2024-09-16',92223.09,'Cheque'),
(1,256,'2025-02-04',22936.35,'Efectivo'),
(2,2,'2025-05-24',77323.53,'Cheque'),
(2,4,'2025-01-06',23609.98,'Transferencia'),
(2,6,'2024-04-02',31061.52,'Tarjeta'),
(2,10,'2025-02-03',88681.73,'Transferencia'),
(2,12,'2024-07-06',72164.10,'Efectivo'),
(2,16,'2024-05-30',47233.40,'Transferencia'),
(2,17,'2023-10-03',71731.68,'Cheque'),
(2,18,'2024-12-18',98504.89,'Transferencia'),
(2,19,'2025-05-17',78377.43,'Cheque'),
(2,22,'2023-05-21',98662.99,'Cheque'),
(2,25,'2024-04-10',88605.91,'Tarjeta'),
(2,28,'2025-05-27',84069.03,'Cheque'),
(2,30,'2025-02-18',94312.69,'Tarjeta'),
(2,32,'2024-09-21',13094.76,'Cheque'),
(2,33,'2025-04-13',14913.22,'Cheque'),
(2,34,'2023-09-25',34525.81,'Efectivo'),
(2,35,'2025-02-10',13565.69,'Efectivo'),
(2,36,'2024-08-22',71379.49,'Cheque'),
(2,37,'2025-05-19',87676.94,'Tarjeta'),
(2,41,'2024-07-21',34671.78,'Transferencia'),
(2,42,'2022-04-29',24786.78,'Efectivo'),
(2,43,'2022-02-15',41918.09,'Cheque'),
(2,44,'2025-01-26',29701.89,'Cheque'),
(2,45,'2025-05-11',30701.93,'Transferencia'),
(2,49,'2025-03-25',28036.82,'Tarjeta'),
(2,50,'2025-03-15',95386.42,'Efectivo'),
(2,58,'2024-03-03',50958.51,'Efectivo'),
(2,60,'2024-06-04',18827.97,'Cheque'),
(2,65,'2025-01-05',95023.60,'Efectivo'),
(2,70,'2023-07-13',90626.68,'Efectivo'),
(2,71,'2025-02-27',14196.99,'Efectivo'),
(2,72,'2025-05-30',22645.66,'Efectivo'),
(2,74,'2025-05-28',50366.32,'Efectivo'),
(2,76,'2023-10-16',94464.52,'Tarjeta'),
(2,77,'2025-05-26',92613.46,'Cheque'),
(2,78,'2024-03-29',76255.92,'Transferencia'),
(2,79,'2023-05-01',17684.19,'Tarjeta'),
(2,85,'2022-07-27',15201.91,'Tarjeta'),
(2,88,'2025-02-26',49791.89,'Transferencia'),
(2,89,'2025-02-14',42844.54,'Tarjeta'),
(2,90,'2024-02-22',10153.52,'Cheque'),
(2,91,'2024-03-11',44504.57,'Efectivo'),
(2,92,'2025-03-02',49570.20,'Efectivo'),
(2,93,'2025-02-08',54878.38,'Transferencia'),
(2,96,'2023-03-14',92995.75,'Tarjeta'),
(2,99,'2024-08-29',40825.49,'Tarjeta'),
(2,100,'2025-03-15',86531.69,'Efectivo'),
(2,105,'2025-04-06',87001.09,'Cheque'),
(2,106,'2023-08-03',77011.94,'Cheque'),
(2,108,'2024-08-03',87291.57,'Transferencia'),
(2,109,'2025-01-07',91857.68,'Transferencia'),
(2,110,'2025-05-01',76765.66,'Cheque'),
(2,111,'2024-11-22',85247.61,'Transferencia'),
(2,114,'2025-04-18',48353.24,'Efectivo'),
(2,117,'2024-03-19',11606.46,'Transferencia'),
(2,119,'2025-01-02',90681.24,'Efectivo'),
(2,125,'2025-03-25',53703.75,'Transferencia'),
(2,127,'2024-09-25',74228.11,'Efectivo'),
(2,128,'2024-08-28',10557.13,'Transferencia'),
(2,130,'2025-02-05',63032.08,'Cheque'),
(2,131,'2024-04-02',66197.97,'Tarjeta'),
(2,139,'2024-08-14',65449.96,'Tarjeta'),
(2,141,'2025-03-01',92149.67,'Tarjeta'),
(2,143,'2024-11-08',42202.72,'Efectivo'),
(2,145,'2024-04-08',67569.71,'Cheque'),
(2,147,'2025-04-28',71787.12,'Tarjeta'),
(2,148,'2024-02-23',56704.49,'Transferencia'),
(2,150,'2024-12-17',28390.55,'Tarjeta'),
(2,151,'2025-01-19',30842.61,'Tarjeta'),
(2,153,'2024-05-07',56329.17,'Transferencia'),
(2,155,'2025-01-13',44803.28,'Transferencia'),
(2,157,'2024-12-30',97688.90,'Cheque'),
(2,164,'2024-07-20',51742.74,'Transferencia'),
(2,165,'2024-03-03',37265.47,'Transferencia'),
(2,168,'2024-10-18',53363.94,'Tarjeta'),
(2,172,'2025-05-05',93221.00,'Tarjeta'),
(2,173,'2024-07-17',86454.36,'Transferencia'),
(2,177,'2025-03-04',75133.91,'Transferencia'),
(2,186,'2024-12-23',52693.82,'Transferencia'),
(2,188,'2024-09-17',29554.05,'Cheque'),
(2,189,'2025-05-26',54930.19,'Cheque'),
(2,192,'2025-01-22',80007.24,'Transferencia'),
(2,193,'2025-03-31',63070.02,'Tarjeta'),
(2,194,'2024-09-04',27045.07,'Cheque'),
(2,195,'2024-03-10',42438.23,'Transferencia'),
(2,196,'2024-07-03',97936.24,'Efectivo'),
(2,199,'2024-06-22',44608.63,'Cheque'),
(2,201,'2024-07-25',20448.16,'Tarjeta'),
(2,205,'2025-03-11',78625.16,'Cheque'),
(2,209,'2024-07-27',87612.28,'Transferencia'),
(2,211,'2024-12-12',83855.76,'Efectivo'),
(2,212,'2025-01-07',47169.62,'Efectivo'),
(2,215,'2024-11-13',30658.93,'Efectivo'),
(2,218,'2024-12-05',82157.01,'Tarjeta'),
(2,221,'2024-08-13',89192.36,'Tarjeta'),
(2,225,'2024-10-11',11002.78,'Tarjeta'),
(2,226,'2024-06-14',14929.24,'Transferencia'),
(2,228,'2024-10-23',15963.48,'Cheque'),
(2,229,'2025-01-27',97647.87,'Efectivo'),
(2,231,'2025-02-11',71015.51,'Transferencia'),
(2,233,'2025-04-27',83198.11,'Cheque'),
(2,235,'2024-05-26',61113.60,'Efectivo'),
(2,237,'2025-01-22',18713.15,'Cheque'),
(2,238,'2024-03-18',34783.53,'Tarjeta'),
(2,240,'2025-04-08',99526.30,'Cheque'),
(2,245,'2025-04-21',14993.77,'Tarjeta'),
(2,254,'2024-07-13',36276.61,'Transferencia'),
(2,255,'2024-10-16',51930.16,'Transferencia'),
(3,4,'2025-02-05',22562.49,'Transferencia'),
(3,6,'2024-05-02',43431.46,'Efectivo'),
(3,10,'2025-03-05',89314.96,'Efectivo'),
(3,12,'2024-08-05',18026.39,'Transferencia'),
(3,18,'2025-01-17',85798.44,'Efectivo'),
(3,22,'2023-06-20',10156.39,'Efectivo'),
(3,25,'2024-05-10',75187.01,'Cheque'),
(3,30,'2025-03-20',61036.58,'Tarjeta'),
(3,32,'2024-10-21',40678.93,'Efectivo'),
(3,33,'2025-05-13',41834.75,'Efectivo'),
(3,36,'2024-09-21',71532.55,'Efectivo'),
(3,41,'2024-08-20',67854.58,'Efectivo'),
(3,42,'2022-05-29',12789.37,'Efectivo'),
(3,43,'2022-03-17',59735.30,'Tarjeta'),
(3,44,'2025-02-25',44686.96,'Cheque'),
(3,49,'2025-04-24',25757.31,'Efectivo'),
(3,50,'2025-04-14',44654.61,'Tarjeta'),
(3,58,'2024-04-02',70268.33,'Transferencia'),
(3,60,'2024-07-04',96425.99,'Transferencia'),
(3,65,'2025-02-04',70989.47,'Transferencia'),
(3,71,'2025-03-29',61429.03,'Cheque'),
(3,78,'2024-04-28',79794.43,'Efectivo'),
(3,79,'2023-05-31',66103.47,'Transferencia'),
(3,89,'2025-03-16',72080.07,'Cheque'),
(3,90,'2024-03-23',85448.49,'Cheque'),
(3,92,'2025-04-01',44964.45,'Tarjeta'),
(3,99,'2024-09-28',74270.69,'Tarjeta'),
(3,105,'2025-05-06',22678.41,'Tarjeta'),
(3,106,'2023-09-02',81382.27,'Tarjeta'),
(3,108,'2024-09-02',71930.72,'Tarjeta'),
(3,110,'2025-05-31',23660.87,'Transferencia'),
(3,111,'2024-12-22',68985.41,'Tarjeta'),
(3,114,'2025-05-18',90530.63,'Tarjeta'),
(3,119,'2025-02-01',44937.10,'Transferencia'),
(3,125,'2025-04-24',23237.17,'Transferencia'),
(3,127,'2024-10-25',97916.71,'Transferencia'),
(3,128,'2024-09-27',25838.58,'Cheque'),
(3,130,'2025-03-07',30611.63,'Tarjeta'),
(3,131,'2024-05-02',63636.86,'Tarjeta'),
(3,139,'2024-09-13',30932.81,'Efectivo'),
(3,148,'2024-03-24',27956.22,'Efectivo'),
(3,150,'2025-01-16',43198.43,'Efectivo'),
(3,151,'2025-02-18',29337.79,'Cheque'),
(3,153,'2024-06-06',18743.32,'Efectivo'),
(3,157,'2025-01-29',85074.19,'Efectivo'),
(3,165,'2024-04-02',38286.00,'Tarjeta'),
(3,186,'2025-01-22',75387.56,'Efectivo'),
(3,188,'2024-10-17',62119.04,'Transferencia'),
(3,192,'2025-02-21',13500.98,'Tarjeta'),
(3,193,'2025-04-30',46412.63,'Cheque'),
(3,196,'2024-08-02',96177.04,'Transferencia'),
(3,201,'2024-08-24',28814.09,'Transferencia'),
(3,205,'2025-04-10',88839.43,'Tarjeta'),
(3,211,'2025-01-11',54847.23,'Cheque'),
(3,218,'2025-01-04',73599.92,'Transferencia'),
(3,221,'2024-09-12',59375.40,'Efectivo'),
(3,225,'2024-11-10',32353.44,'Cheque'),
(3,226,'2024-07-14',47880.73,'Tarjeta'),
(3,229,'2025-02-26',94173.32,'Efectivo'),
(3,233,'2025-05-27',85602.62,'Transferencia'),
(3,238,'2024-04-17',83249.66,'Cheque'),
(3,240,'2025-05-08',62923.31,'Tarjeta'),
(3,245,'2025-05-21',76610.40,'Efectivo'),
(3,255,'2024-11-15',82629.35,'Cheque'),
(4,4,'2025-03-07',61042.46,'Cheque'),
(4,10,'2025-04-04',24237.86,'Cheque'),
(4,22,'2023-07-20',37011.18,'Efectivo'),
(4,25,'2024-06-09',91564.99,'Transferencia'),
(4,30,'2025-04-19',13367.70,'Transferencia'),
(4,32,'2024-11-20',27213.50,'Cheque'),
(4,36,'2024-10-21',56855.45,'Tarjeta'),
(4,41,'2024-09-19',64641.59,'Transferencia'),
(4,44,'2025-03-27',12372.19,'Cheque'),
(4,49,'2025-05-24',93090.24,'Efectivo'),
(4,60,'2024-08-03',78027.54,'Cheque'),
(4,65,'2025-03-06',87772.52,'Efectivo'),
(4,71,'2025-04-28',26316.63,'Cheque'),
(4,78,'2024-05-28',60065.82,'Efectivo'),
(4,89,'2025-04-15',59134.18,'Transferencia'),
(4,90,'2024-04-22',96566.63,'Tarjeta'),
(4,92,'2025-05-01',13436.69,'Tarjeta'),
(4,99,'2024-10-28',59639.16,'Transferencia'),
(4,106,'2023-10-02',97067.40,'Cheque'),
(4,119,'2025-03-03',63282.70,'Tarjeta'),
(4,125,'2025-05-24',96543.14,'Tarjeta'),
(4,128,'2024-10-27',14856.47,'Tarjeta'),
(4,130,'2025-04-06',99715.20,'Efectivo'),
(4,139,'2024-10-13',64329.97,'Transferencia'),
(4,148,'2024-04-23',40171.73,'Efectivo'),
(4,150,'2025-02-15',97096.99,'Tarjeta'),
(4,157,'2025-02-28',75896.81,'Transferencia'),
(4,165,'2024-05-02',46571.25,'Efectivo'),
(4,186,'2025-02-21',28561.75,'Tarjeta'),
(4,192,'2025-03-23',72344.39,'Tarjeta'),
(4,193,'2025-05-30',30154.98,'Transferencia'),
(4,196,'2024-09-01',37941.72,'Cheque'),
(4,205,'2025-05-10',93536.18,'Transferencia'),
(4,211,'2025-02-10',48320.53,'Transferencia'),
(4,218,'2025-02-03',15269.17,'Efectivo'),
(4,225,'2024-12-10',16057.82,'Transferencia'),
(4,226,'2024-08-13',18053.36,'Efectivo'),
(4,229,'2025-03-28',74883.12,'Efectivo'),
(4,238,'2024-05-17',60597.93,'Transferencia'),
(5,4,'2025-04-06',52023.92,'Efectivo'),
(5,10,'2025-05-04',17836.40,'Cheque'),
(5,22,'2023-08-19',71926.62,'Cheque'),
(5,25,'2024-07-09',65809.93,'Tarjeta'),
(5,30,'2025-05-19',18839.64,'Cheque'),
(5,32,'2024-12-20',43469.15,'Transferencia'),
(5,36,'2024-11-20',40044.95,'Transferencia'),
(5,44,'2025-04-26',41316.63,'Efectivo'),
(5,65,'2025-04-05',60549.84,'Cheque'),
(5,71,'2025-05-28',77902.22,'Efectivo'),
(5,99,'2024-11-27',53184.49,'Transferencia'),
(5,106,'2023-11-01',24028.05,'Tarjeta'),
(5,139,'2024-11-12',40285.56,'Cheque'),
(5,186,'2025-03-23',59161.99,'Efectivo'),
(5,192,'2025-04-22',91635.31,'Cheque'),
(5,211,'2025-03-12',93561.73,'Cheque'),
(5,225,'2025-01-09',62773.39,'Efectivo'),
(5,229,'2025-04-27',23571.85,'Transferencia');

/*
*******************
*  INTERACCIONES  *
*******************
*/
INSERT INTO interacciones (id_agente, id_cliente, num_interaccion, tipo, fecha_interaccion, detalles) VALUES
(1,31,1,'Presencial','2024-07-22','Firma de contrato'),
(1,60,1,'Presencial','2022-03-10','Envío de documentación'),
(1,60,2,'Correo','2022-04-07','Visita al inmueble'),
(1,60,3,'Llamada','2022-04-07','Agenda de cita presencial'),
(1,60,4,'Presencial','2022-04-25','Visita al inmueble'),
(2,24,1,'Presencial','2024-03-03','Firma de contrato'),
(2,33,1,'Presencial','2025-02-01','Firma de contrato'),
(2,34,1,'Presencial','2025-02-10','Firma de contrato'),
(2,66,1,'Correo','2023-05-17','Revisión de cláusulas del contrato'),
(2,66,2,'Llamada','2023-05-18','Revisión de cláusulas del contrato'),
(2,66,3,'Correo','2023-06-02','Envío de documentación'),
(2,66,4,'Correo','2023-06-13','Seguimiento postventa'),
(2,74,1,'Presencial','2025-02-23','Firma de contrato'),
(3,10,1,'Presencial','2023-07-07','Asesoría sobre el mercado actual'),
(3,10,2,'Presencial','2023-08-05','Presentación de opciones de propiedades'),
(3,10,3,'Videollamada','2023-08-20','Agenda de cita presencial'),
(3,10,4,'Presencial','2023-08-21','Negociación de precio'),
(3,26,1,'Presencial','2024-04-17','Firma de contrato'),
(3,30,1,'Presencial','2020-11-26','Presentación de opciones de propiedades'),
(3,33,1,'Presencial','2024-11-30','Firma de contrato'),
(4,19,1,'Videollamada','2023-12-13','Revisión de cláusulas del contrato'),
(4,19,2,'Videollamada','2023-12-17','Envío de documentación'),
(4,19,3,'Presencial','2024-01-04','Asesoría sobre el mercado actual'),
(4,19,4,'Presencial','2024-02-03','Seguimiento postventa'),
(4,58,1,'Presencial','2022-01-08','Asesoría sobre el mercado actual'),
(4,58,2,'Videollamada','2022-01-09','Revisión de cláusulas del contrato'),
(4,63,1,'Presencial','2024-07-24','Firma de contrato'),
(4,74,1,'Correo','2021-10-09','Asesoría sobre el mercado actual'),
(4,74,2,'Presencial','2021-10-16','Envío de documentación'),
(4,74,3,'Videollamada','2021-10-17','Envío de documentación'),
(4,76,1,'Presencial','2024-07-17','Firma de contrato'),
(5,15,1,'Presencial','2025-01-09','Firma de contrato'),
(5,22,1,'Presencial','2025-02-07','Firma de contrato'),
(5,53,1,'Llamada','2021-07-22','Asesoría sobre el mercado actual'),
(5,55,1,'Videollamada','2021-12-12','Presentación de opciones de propiedades'),
(5,55,2,'Correo','2022-01-10','Negociación de precio'),
(5,55,3,'Llamada','2022-01-16','Negociación de precio'),
(5,67,1,'Presencial','2024-06-13','Firma de Contrato'),
(5,69,1,'Correo','2023-03-16','Agenda de cita presencial'),
(5,69,2,'Correo','2023-03-26','Seguimiento postventa'),
(5,69,3,'Videollamada','2023-03-28','Envío de documentación'),
(5,78,1,'Presencial','2025-04-05','Firma de contrato'),
(5,92,1,'Videollamada','2023-10-12','Envío de documentación'),
(5,96,1,'Videollamada','2024-09-04','Consulta sobre financiamiento'),
(5,96,2,'Llamada','2024-09-19','Seguimiento postventa'),
(5,96,3,'Llamada','2024-10-07','Revisión de cláusulas del contrato'),
(6,58,1,'Llamada','2022-01-08','Negociación de precio'),
(6,58,2,'Correo','2022-01-16','Visita al inmueble'),
(7,31,1,'Presencial','2024-07-02','Firma de Contrato'),
(7,38,1,'Presencial','2024-12-15','Firma de contrato'),
(7,46,1,'Presencial','2024-06-03','Firma de contrato'),
(8,14,1,'Presencial','2024-11-14','Firma de Contrato'),
(8,55,1,'Videollamada','2023-07-17','Envío de documentación'),
(8,55,2,'Videollamada','2023-08-08','Envío de documentación'),
(8,55,3,'Correo','2023-08-09','Consulta sobre financiamiento'),
(8,55,4,'Correo','2023-09-01','Seguimiento postventa'),
(9,28,1,'Presencial','2024-11-18','Firma de contrato'),
(9,42,1,'Presencial','2022-08-22','Seguimiento postventa'),
(10,21,1,'Presencial','2025-04-12','Firma de contrato'),
(10,44,1,'Correo','2020-04-27','Seguimiento postventa'),
(10,44,2,'Presencial','2020-05-13','Negociación de precio'),
(10,44,3,'Presencial','2020-05-19','Visita al inmueble'),
(10,44,4,'Correo','2020-05-29','Seguimiento postventa'),
(10,67,1,'Presencial','2024-06-20','Firma de contrato'),
(10,73,1,'Presencial','2025-02-05','Firma de contrato'),
(10,75,1,'Presencial','2025-01-07','Firma de contrato'),
(10,76,1,'Presencial','2020-06-22','Visita al inmueble'),
(11,8,1,'Llamada','2020-08-23','Presentación de opciones de propiedades'),
(11,8,2,'Videollamada','2020-08-28','Agenda de cita presencial'),
(11,22,1,'Presencial','2024-09-16','Firma de contrato'),
(11,38,1,'Presencial','2024-02-28','Firma de contrato'),
(11,38,2,'Presencial','2025-02-04','Firma de Contrato'),
(11,45,1,'Presencial','2025-04-20','Firma de contrato'),
(11,48,1,'Presencial','2024-02-02','Firma de contrato'),
(11,62,1,'Correo','2021-07-25','Asesoría sobre el mercado actual'),
(11,62,2,'Llamada','2021-08-02','Presentación de opciones de propiedades'),
(11,62,3,'Correo','2021-08-12','Negociación de precio'),
(11,92,1,'Presencial','2023-07-06','Visita al inmueble'),
(11,92,2,'Presencial','2023-07-28','Envío de documentación'),
(11,92,3,'Llamada','2023-08-26','Negociación de precio'),
(12,16,1,'Presencial','2025-04-30','Firma de contrato'),
(12,17,1,'Presencial','2024-11-29','Firma de contrato'),
(12,74,1,'Presencial','2024-08-29','Firma de contrato'),
(12,84,1,'Presencial','2025-04-28','Firma de contrato'),
(13,4,1,'Presencial','2025-02-02','Firma de contrato'),
(13,17,1,'Videollamada','2021-09-30','Agenda de cita presencial'),
(13,17,2,'Videollamada','2021-10-08','Consulta sobre financiamiento'),
(13,17,3,'Correo','2021-10-08','Asesoría sobre el mercado actual'),
(13,17,4,'Llamada','2021-11-01','Asesoría sobre el mercado actual'),
(13,55,1,'Presencial','2024-07-25','Firma de contrato'),
(13,68,1,'Videollamada','2024-04-12','Envío de documentación'),
(13,68,2,'Presencial','2024-04-13','Seguimiento postventa'),
(13,68,3,'Presencial','2024-04-24','Envío de documentación'),
(13,93,1,'Presencial','2023-01-22','Firma de contrato'),
(14,83,1,'Presencial','2023-03-11','Firma de contrato'),
(14,83,2,'Correo','2025-02-09','Presentación de opciones de propiedades'),
(14,83,3,'Correo','2025-03-07','Presentación de opciones de propiedades'),
(14,100,1,'Presencial','2024-06-25','Firma de contrato'),
(15,9,1,'Presencial','2023-04-25','Firma de contrato'),
(15,18,1,'Presencial','2023-08-07','Visita al inmueble'),
(15,76,1,'Presencial','2024-01-23','Firma de contrato'),
(15,87,1,'Presencial','2024-05-24','Firma de contrato'),
(15,93,1,'Presencial','2024-11-07','Firma de contrato'),
(16,6,1,'Presencial','2025-01-15','Firma de contrato'),
(16,39,1,'Presencial','2025-02-05','Firma de contrato'),
(16,50,1,'Presencial','2022-07-02','Seguimiento postventa'),
(16,51,1,'Presencial','2024-06-25','Firma de contrato'),
(16,58,1,'Presencial','2024-05-04','Firma de contrato'),
(16,95,1,'Presencial','2025-05-08','Firma de contrato'),
(18,37,1,'Presencial','2023-03-06','Seguimiento postventa'),
(18,50,1,'Presencial','2024-12-20','Firma de contrato'),
(18,62,1,'Presencial','2024-02-10','Firma de contrato'),
(18,94,1,'Presencial','2024-07-14','Firma de contrato'),
(19,27,1,'Presencial','2024-11-12','Firma de contrato'),
(19,48,1,'Presencial','2024-10-04','Firma de contrato'),
(19,52,1,'Correo','2023-04-09','Negociación de precio'),
(19,52,2,'Videollamada','2023-04-15','Asesoría sobre el mercado actual'),
(19,52,3,'Presencial','2023-04-29','Presentación de opciones de propiedades'),
(19,52,4,'Llamada','2023-05-02','Envío de documentación'),
(19,54,1,'Videollamada','2025-01-16','Seguimiento postventa'),
(19,54,2,'Llamada','2025-01-19','Asesoría sobre el mercado actual'),
(19,54,3,'Llamada','2025-01-29','Consulta sobre financiamiento'),
(19,75,1,'Presencial','2024-07-15','Firma de contrato'),
(20,2,1,'Presencial','2024-10-10','Firma de contrato'),
(20,4,1,'Presencial','2021-02-04','Firma de contrato'),
(20,39,1,'Videollamada','2023-12-04','Envío de documentación'),
(20,39,2,'Videollamada','2023-12-22','Revisión de cláusulas del contrato'),
(20,39,3,'Llamada','2024-01-21','Consulta sobre financiamiento'),
(20,39,4,'Videollamada','2024-01-31','Seguimiento postventa'),
(20,49,1,'Presencial','2025-04-13','Firma de contrato'),
(20,52,1,'Correo','2023-05-11','Visita al inmueble'),
(20,52,2,'Llamada','2023-05-23','Presentación de opciones de propiedades'),
(20,52,3,'Presencial','2023-05-23','Visita al inmueble'),
(20,65,1,'Presencial','2023-12-11','Asesoría sobre el mercado actual'),
(20,65,2,'Presencial','2023-12-24','Asesoría sobre el mercado actual'),
(20,65,3,'Presencial','2023-12-31','Presentación de opciones de propiedades'),
(20,65,4,'Videollamada','2024-01-02','Negociación de precio'),
(20,77,1,'Presencial','2024-02-09','Firma de contrato'),
(21,10,1,'Correo','2021-12-25','Negociación de precio'),
(21,14,1,'Videollamada','2022-07-14','Consulta sobre financiamiento'),
(21,14,2,'Videollamada','2022-08-09','Agenda de cita presencial'),
(21,14,3,'Videollamada','2022-09-08','Visita al inmueble'),
(21,27,1,'Presencial','2024-05-16','Firma de contrato'),
(21,55,1,'Presencial','2025-05-06','Firma de contrato'),
(21,78,1,'Presencial','2024-11-07','Firma de contrato'),
(21,87,1,'Presencial','2025-01-12','Firma de Contrato'),
(22,5,1,'Presencial','2024-08-03','Firma de contrato'),
(22,45,1,'Videollamada','2021-10-10','Consulta sobre financiamiento'),
(22,75,1,'Presencial','2025-01-29','Firma de contrato'),
(22,91,1,'Presencial','2024-12-08','Firma de contrato'),
(23,29,1,'Presencial','2023-09-20','Firma de contrato'),
(23,86,1,'Presencial','2022-10-08','Envío de documentación'),
(23,86,2,'Correo','2022-11-04','Agenda de cita presencial'),
(23,86,3,'Presencial','2022-11-19','Envío de documentación'),
(24,5,1,'Presencial','2023-09-03','Firma de contrato'),
(24,12,1,'Presencial','2024-07-23','Firma de contrato'),
(24,45,1,'Presencial','2024-08-08','Firma de contrato'),
(24,53,1,'Presencial','2025-03-01','Firma de contrato'),
(24,55,1,'Presencial','2025-05-01','Firma de contrato'),
(24,58,1,'Presencial','2024-11-13','Firma de contrato'),
(24,61,1,'Presencial','2024-08-24','Firma de contrato'),
(24,66,1,'Presencial','2025-01-15','Firma de contrato'),
(24,68,1,'Videollamada','2023-11-01','Agenda de cita presencial'),
(24,91,1,'Correo','2025-01-03','Visita al inmueble'),
(24,91,2,'Llamada','2025-01-04','Presentación de opciones de propiedades'),
(25,2,1,'Presencial','2023-04-21','Firma de contrato'),
(25,3,1,'Presencial','2024-07-30','Firma de contrato'),
(25,38,1,'Correo','2024-12-27','Consulta sobre financiamiento'),
(25,38,2,'Videollamada','2025-01-13','Asesoría sobre el mercado actual'),
(25,38,3,'Llamada','2025-01-20','Agenda de cita presencial'),
(25,43,1,'Llamada','2022-01-04','Envío de documentación'),
(25,61,1,'Presencial','2025-04-19','Firma de contrato'),
(25,80,1,'Correo','2022-06-07','Presentación de opciones de propiedades'),
(25,80,2,'Videollamada','2022-06-10','Envío de documentación'),
(25,95,1,'Correo','2020-11-11','Asesoría sobre el mercado actual'),
(25,95,2,'Correo','2020-11-21','Visita al inmueble'),
(25,95,3,'Correo','2020-11-30','Revisión de cláusulas del contrato'),
(25,95,4,'Correo','2020-12-25','Revisión de cláusulas del contrato'),
(26,36,1,'Presencial','2024-02-24','Firma de Contrato'),
(26,49,1,'Presencial','2023-02-12','Firma de contrato'),
(26,79,1,'Videollamada','2023-08-31','Asesoría sobre el mercado actual'),
(26,79,2,'Presencial','2023-09-07','Presentación de opciones de propiedades'),
(26,79,3,'Videollamada','2023-09-14','Consulta sobre financiamiento'),
(26,79,4,'Correo','2023-10-10','Envío de documentación'),
(27,12,1,'Presencial','2024-10-19','Firma de contrato'),
(27,66,1,'Presencial','2022-03-19','Agenda de cita presencial'),
(27,66,2,'Videollamada','2022-04-06','Visita al inmueble'),
(27,66,3,'Llamada','2022-04-28','Envío de documentación'),
(27,66,4,'Videollamada','2022-05-01','Consulta sobre financiamiento'),
(27,94,1,'Presencial','2024-03-05','Visita al inmueble'),
(27,94,2,'Correo','2024-03-09','Revisión de cláusulas del contrato'),
(27,94,3,'Videollamada','2024-03-29','Visita al inmueble'),
(27,94,4,'Correo','2024-04-17','Consulta sobre financiamiento'),
(28,9,1,'Presencial','2023-05-27','Consulta sobre financiamiento'),
(28,9,2,'Correo','2023-05-31','Presentación de opciones de propiedades'),
(28,9,3,'Llamada','2023-06-12','Consulta sobre financiamiento'),
(28,9,4,'Llamada','2023-06-24','Consulta sobre financiamiento'),
(28,16,1,'Presencial','2024-09-25','Firma de Contrato'),
(28,17,1,'Presencial','2024-06-02','Firma de contrato'),
(28,35,1,'Correo','2024-02-19','Envío de documentación'),
(28,35,2,'Llamada','2024-03-08','Revisión de cláusulas del contrato'),
(28,35,3,'Llamada','2024-03-17','Consulta sobre financiamiento'),
(28,35,4,'Videollamada','2024-03-30','Visita al inmueble'),
(28,36,1,'Llamada','2020-09-02','Asesoría sobre el mercado actual'),
(28,36,2,'Presencial','2020-09-14','Presentación de opciones de propiedades'),
(28,36,3,'Presencial','2020-10-12','Seguimiento postventa'),
(28,36,4,'Llamada','2020-10-14','Presentación de opciones de propiedades'),
(28,92,1,'Presencial','2024-07-19','Firma de contrato'),
(29,2,1,'Presencial','2023-09-16','Firma de contrato'),
(29,2,2,'Correo','2024-06-10','Seguimiento postventa'),
(29,2,3,'Llamada','2024-07-02','Envío de documentación'),
(29,2,4,'Videollamada','2024-07-30','Asesoría sobre el mercado actual'),
(29,35,1,'Llamada','2022-09-25','Seguimiento postventa'),
(29,35,2,'Correo','2022-10-07','Visita al inmueble'),
(29,35,3,'Presencial','2022-10-16','Seguimiento postventa'),
(29,35,4,'Presencial','2022-10-25','Asesoría sobre el mercado actual'),
(29,47,1,'Presencial','2023-01-30','Presentación de opciones de propiedades'),
(29,47,2,'Videollamada','2023-02-08','Presentación de opciones de propiedades'),
(29,47,3,'Correo','2023-02-14','Seguimiento postventa'),
(29,47,4,'Llamada','2023-03-07','Consulta sobre financiamiento'),
(29,61,1,'Presencial','2024-07-22','Firma de contrato'),
(29,64,1,'Presencial','2024-04-18','Firma de contrato'),
(29,98,1,'Presencial','2023-07-04','Firma de contrato'),
(30,16,1,'Presencial','2021-08-15','Agenda de cita presencial'),
(30,16,2,'Correo','2021-09-03','Envío de documentación'),
(30,16,3,'Videollamada','2021-09-12','Visita al inmueble'),
(30,28,1,'Presencial','2022-07-23','Envío de documentación'),
(30,33,1,'Presencial','2024-06-18','Firma de contrato'),
(31,12,1,'Presencial','2025-02-04','Revisión de cláusulas del contrato'),
(31,12,2,'Correo','2025-02-11','Seguimiento postventa'),
(31,27,1,'Presencial','2024-08-11','Seguimiento postventa'),
(31,27,2,'Videollamada','2024-09-05','Seguimiento postventa'),
(31,27,3,'Presencial','2024-09-10','Seguimiento postventa'),
(31,36,1,'Presencial','2024-05-23','Firma de contrato'),
(31,49,1,'Presencial','2024-12-07','Firma de contrato'),
(31,56,1,'Llamada','2024-09-11','Envío de documentación'),
(31,56,2,'Llamada','2024-09-18','Envío de documentación'),
(32,1,1,'Presencial','2025-02-22','Firma de contrato'),
(32,8,1,'Presencial','2022-11-20','Seguimiento postventa'),
(32,24,1,'Llamada','2024-02-20','Presentación de opciones de propiedades'),
(32,24,2,'Llamada','2024-02-25','Revisión de cláusulas del contrato'),
(32,24,3,'Correo','2024-03-20','Consulta sobre financiamiento'),
(32,34,1,'Llamada','2024-10-27','Agenda de cita presencial'),
(32,38,1,'Presencial','2020-06-14','Presentación de opciones de propiedades'),
(32,38,2,'Presencial','2020-06-21','Negociación de precio'),
(32,47,1,'Presencial','2025-04-09','Firma de contrato'),
(32,61,1,'Videollamada','2021-09-13','Negociación de precio'),
(32,61,2,'Presencial','2021-10-08','Negociación de precio'),
(32,61,3,'Presencial','2021-10-27','Revisión de cláusulas del contrato'),
(32,61,4,'Videollamada','2021-11-24','Negociación de precio'),
(32,72,1,'Presencial','2021-03-21','Consulta sobre financiamiento'),
(33,8,1,'Correo','2022-12-25','Revisión de cláusulas del contrato'),
(33,59,1,'Presencial','2025-03-09','Firma de Contrato'),
(33,79,1,'Presencial','2022-10-31','Agenda de cita presencial'),
(33,79,2,'Presencial','2022-11-09','Agenda de cita presencial'),
(33,79,3,'Videollamada','2022-11-09','Consulta sobre financiamiento'),
(35,7,1,'Presencial','2024-07-04','Firma de contrato'),
(35,11,1,'Presencial','2025-03-20','Asesoría sobre el mercado actual'),
(35,14,1,'Presencial','2025-01-27','Firma de contrato'),
(35,21,1,'Presencial','2024-02-17','Firma de Contrato'),
(35,45,1,'Presencial','2024-04-22','Firma de contrato'),
(35,70,1,'Llamada','2022-12-14','Asesoría sobre el mercado actual'),
(35,70,2,'Llamada','2022-12-29','Seguimiento postventa'),
(35,74,1,'Presencial','2024-09-25','Firma de contrato'),
(35,87,1,'Presencial','2025-02-02','Firma de contrato'),
(37,24,1,'Presencial','2024-04-03','Firma de contrato'),
(37,27,1,'Presencial','2024-12-30','Envío de documentación'),
(37,27,2,'Correo','2025-01-25','Asesoría sobre el mercado actual'),
(37,27,3,'Llamada','2025-02-07','Envío de documentación'),
(37,27,4,'Correo','2025-03-08','Envío de documentación'),
(37,37,1,'Videollamada','2020-11-20','Asesoría sobre el mercado actual'),
(37,65,1,'Presencial','2022-07-13','Asesoría sobre el mercado actual'),
(37,67,1,'Presencial','2025-02-13','Firma de contrato'),
(37,89,1,'Presencial','2025-03-15','Firma de contrato'),
(38,62,1,'Presencial','2025-04-26','Firma de contrato'),
(38,63,1,'Presencial','2024-10-16','Firma de contrato'),
(38,71,1,'Presencial','2024-02-10','Firma de contrato'),
(39,18,1,'Presencial','2024-12-14','Firma de contrato'),
(39,71,1,'Correo','2021-02-17','Seguimiento postventa'),
(39,71,2,'Correo','2021-03-14','Negociación de precio'),
(39,71,3,'Presencial','2021-03-25','Revisión de cláusulas del contrato'),
(39,73,1,'Llamada','2022-11-21','Visita al inmueble'),
(39,73,2,'Presencial','2022-11-22','Visita al inmueble'),
(39,73,3,'Correo','2022-12-17','Visita al inmueble'),
(39,73,4,'Llamada','2023-01-12','Seguimiento postventa'),
(39,82,1,'Presencial','2024-08-22','Firma de contrato'),
(39,90,1,'Presencial','2025-02-09','Firma de contrato'),
(40,32,1,'Presencial','2024-10-07','Firma de contrato'),
(40,32,2,'Presencial','2024-12-06','Firma de contrato'),
(40,96,1,'Presencial','2025-03-16','Firma de contrato'),
(41,17,1,'Presencial','2024-12-28','Firma de Contrato'),
(41,43,1,'Presencial','2024-03-11','Firma de contrato'),
(41,46,1,'Presencial','2024-12-27','Firma de contrato'),
(41,56,1,'Presencial','2025-01-14','Firma de contrato'),
(41,86,1,'Videollamada','2024-08-03','Consulta sobre financiamiento'),
(41,86,2,'Presencial','2024-08-17','Negociación de precio'),
(41,86,3,'Llamada','2024-09-08','Consulta sobre financiamiento'),
(42,6,1,'Videollamada','2023-09-26','Revisión de cláusulas del contrato'),
(42,6,2,'Correo','2023-10-24','Consulta sobre financiamiento'),
(42,38,1,'Presencial','2024-11-14','Firma de contrato'),
(42,59,1,'Presencial','2025-04-26','Firma de contrato'),
(42,72,1,'Videollamada','2023-01-20','Revisión de cláusulas del contrato'),
(42,72,2,'Llamada','2023-02-11','Envío de documentación'),
(42,81,1,'Correo','2020-08-03','Envío de documentación'),
(43,48,1,'Presencial','2024-11-17','Firma de contrato'),
(43,70,1,'Presencial','2021-09-04','Revisión de cláusulas del contrato'),
(43,70,2,'Correo','2021-09-13','Negociación de precio'),
(43,70,3,'Presencial','2021-10-03','Revisión de cláusulas del contrato'),
(43,70,4,'Correo','2021-10-25','Seguimiento postventa'),
(44,2,1,'Presencial','2024-10-06','Revisión de cláusulas del contrato'),
(44,8,1,'Llamada','2025-04-09','Asesoría sobre el mercado actual'),
(44,8,2,'Videollamada','2025-04-19','Visita al inmueble'),
(44,8,3,'Llamada','2025-05-16','Negociación de precio'),
(44,8,4,'Videollamada','2025-06-07','Seguimiento postventa'),
(44,54,1,'Presencial','2025-04-19','Firma de contrato'),
(44,64,1,'Presencial','2025-01-13','Firma de contrato'),
(44,75,1,'Llamada','2023-12-18','Envío de documentación'),
(45,5,1,'Videollamada','2023-12-31','Seguimiento postventa'),
(45,5,2,'Presencial','2024-01-10','Seguimiento postventa'),
(45,60,1,'Presencial','2025-03-03','Firma de Contrato'),
(45,61,1,'Presencial','2024-08-15','Firma de contrato'),
(46,21,1,'Presencial','2024-06-15','Firma de Contrato'),
(46,40,1,'Presencial','2025-05-07','Firma de contrato'),
(46,79,1,'Correo','2023-02-06','Consulta sobre financiamiento'),
(46,79,2,'Presencial','2023-02-28','Envío de documentación'),
(46,79,3,'Presencial','2023-03-11','Agenda de cita presencial'),
(46,79,4,'Videollamada','2023-03-20','Seguimiento postventa'),
(47,8,1,'Presencial','2024-03-05','Firma de contrato'),
(47,13,1,'Presencial','2024-03-19','Envío de documentación'),
(47,62,1,'Llamada','2022-05-28','Presentación de opciones de propiedades'),
(47,62,2,'Llamada','2022-06-09','Negociación de precio'),
(47,64,1,'Presencial','2023-11-20','Asesoría sobre el mercado actual'),
(47,64,2,'Presencial','2023-12-12','Negociación de precio'),
(47,64,3,'Videollamada','2023-12-31','Agenda de cita presencial'),
(47,64,4,'Videollamada','2024-01-26','Seguimiento postventa'),
(48,7,1,'Correo','2021-09-30','Consulta sobre financiamiento'),
(48,7,2,'Videollamada','2021-10-27','Asesoría sobre el mercado actual'),
(48,7,3,'Videollamada','2021-11-09','Revisión de cláusulas del contrato'),
(48,35,1,'Presencial','2025-01-31','Firma de contrato'),
(48,70,1,'Presencial','2024-04-07','Firma de contrato'),
(49,2,1,'Presencial','2024-09-17','Firma de contrato'),
(49,13,1,'Presencial','2023-02-10','Firma de Contrato'),
(49,66,1,'Presencial','2024-07-23','Firma de contrato'),
(50,46,1,'Presencial','2025-01-11','Firma de contrato'),
(50,61,1,'Presencial','2024-08-26','Firma de contrato'),
(50,82,1,'Presencial','2025-02-02','Firma de contrato'),
(50,88,1,'Presencial','2021-09-01','Seguimiento postventa'),
(50,88,2,'Videollamada','2021-09-28','Consulta sobre financiamiento'),
(50,88,3,'Correo','2021-10-05','Negociación de precio'),
(50,88,4,'Correo','2021-10-11','Seguimiento postventa'),
(51,1,1,'Presencial','2024-11-23','Firma de contrato'),
(51,4,1,'Presencial','2025-03-29','Firma de contrato'),
(51,33,1,'Presencial','2025-04-19','Firma de contrato'),
(51,37,1,'Videollamada','2023-07-18','Negociación de precio'),
(51,37,2,'Presencial','2023-07-31','Seguimiento postventa'),
(51,37,3,'Correo','2023-08-27','Envío de documentación'),
(51,37,4,'Presencial','2023-09-18','Consulta sobre financiamiento'),
(51,39,1,'Presencial','2024-01-18','Firma de contrato'),
(51,61,1,'Videollamada','2025-04-20','Consulta sobre financiamiento'),
(51,61,2,'Videollamada','2025-05-11','Consulta sobre financiamiento'),
(51,96,1,'Llamada','2022-11-05','Consulta sobre financiamiento'),
(51,96,2,'Llamada','2022-11-28','Asesoría sobre el mercado actual'),
(51,96,3,'Presencial','2022-12-08','Consulta sobre financiamiento'),
(52,58,1,'Presencial','2024-06-19','Firma de contrato'),
(52,61,1,'Presencial','2021-08-14','Revisión de cláusulas del contrato'),
(52,61,2,'Presencial','2021-09-13','Agenda de cita presencial'),
(52,61,3,'Correo','2021-09-24','Seguimiento postventa'),
(52,64,1,'Videollamada','2020-04-01','Revisión de cláusulas del contrato'),
(52,64,2,'Presencial','2020-04-29','Visita al inmueble'),
(52,64,3,'Correo','2020-05-10','Negociación de precio'),
(53,1,1,'Presencial','2024-12-08','Firma de contrato'),
(53,8,1,'Correo','2025-02-24','Revisión de cláusulas del contrato'),
(53,43,1,'Presencial','2024-12-03','Firma de contrato'),
(53,53,1,'Videollamada','2022-09-17','Negociación de precio'),
(53,53,2,'Correo','2022-09-29','Asesoría sobre el mercado actual'),
(53,53,3,'Videollamada','2022-10-09','Agenda de cita presencial'),
(53,53,4,'Videollamada','2022-10-10','Envío de documentación'),
(53,61,1,'Presencial','2024-12-10','Firma de contrato'),
(54,23,1,'Videollamada','2024-03-23','Envío de documentación'),
(54,23,2,'Correo','2024-03-31','Revisión de cláusulas del contrato'),
(54,23,3,'Videollamada','2024-03-31','Agenda de cita presencial'),
(54,23,4,'Correo','2024-04-23','Revisión de cláusulas del contrato'),
(54,44,1,'Presencial','2024-01-27','Firma de contrato'),
(54,57,1,'Correo','2023-10-15','Asesoría sobre el mercado actual'),
(54,57,2,'Presencial','2023-11-06','Presentación de opciones de propiedades'),
(54,58,1,'Presencial','2024-04-19','Firma de contrato'),
(55,24,1,'Presencial','2024-02-15','Negociación de precio'),
(55,24,2,'Presencial','2024-02-20','Consulta sobre financiamiento'),
(55,24,3,'Correo','2024-03-03','Visita al inmueble'),
(55,24,4,'Llamada','2024-03-25','Consulta sobre financiamiento'),
(55,27,1,'Presencial','2024-03-27','Firma de contrato'),
(55,47,1,'Presencial','2025-01-19','Firma de contrato'),
(55,48,1,'Presencial','2020-03-26','Envío de documentación'),
(55,48,2,'Correo','2020-03-27','Seguimiento postventa'),
(55,53,1,'Presencial','2025-05-15','Firma de contrato'),
(55,62,1,'Correo','2022-03-22','Envío de documentación'),
(55,62,2,'Correo','2022-04-01','Asesoría sobre el mercado actual'),
(55,82,1,'Llamada','2021-09-15','Asesoría sobre el mercado actual'),
(55,82,2,'Presencial','2021-10-05','Seguimiento postventa'),
(55,88,1,'Presencial','2025-03-22','Firma de contrato'),
(55,92,1,'Presencial','2021-05-19','Envío de documentación'),
(55,92,2,'Videollamada','2021-06-16','Negociación de precio'),
(56,1,1,'Presencial','2025-05-07','Firma de contrato'),
(56,10,1,'Correo','2021-11-15','Envío de documentación'),
(56,10,2,'Llamada','2021-12-14','Envío de documentación'),
(56,10,3,'Llamada','2021-12-25','Revisión de cláusulas del contrato'),
(56,12,1,'Llamada','2022-02-25','Negociación de precio'),
(56,27,1,'Presencial','2024-01-16','Firma de contrato'),
(56,38,1,'Presencial','2025-04-01','Firma de contrato'),
(56,76,1,'Presencial','2024-07-05','Firma de Contrato'),
(56,92,1,'Videollamada','2024-02-01','Seguimiento postventa'),
(56,92,2,'Presencial','2024-02-19','Consulta sobre financiamiento'),
(57,9,1,'Videollamada','2024-11-07','Presentación de opciones de propiedades'),
(57,9,2,'Llamada','2024-12-03','Visita al inmueble'),
(57,9,3,'Llamada','2025-01-01','Envío de documentación'),
(57,9,4,'Llamada','2025-01-16','Agenda de cita presencial'),
(57,13,1,'Presencial','2024-09-16','Firma de Contrato'),
(57,26,1,'Correo','2022-01-04','Visita al inmueble'),
(57,59,1,'Presencial','2022-06-27','Firma de contrato'),
(57,80,1,'Presencial','2024-05-14','Firma de contrato'),
(57,95,1,'Presencial','2025-04-06','Firma de contrato'),
(58,11,1,'Correo','2020-07-14','Revisión de cláusulas del contrato'),
(58,11,2,'Videollamada','2020-08-01','Seguimiento postventa'),
(58,11,3,'Correo','2020-08-10','Agenda de cita presencial'),
(58,59,1,'Presencial','2024-07-27','Firma de contrato'),
(58,77,1,'Videollamada','2020-04-26','Consulta sobre financiamiento'),
(58,93,1,'Presencial','2025-05-03','Firma de Contrato'),
(59,4,1,'Presencial','2024-08-16','Visita al inmueble'),
(59,4,2,'Correo','2024-09-02','Asesoría sobre el mercado actual'),
(59,5,1,'Presencial','2025-05-20','Firma de contrato'),
(59,9,1,'Videollamada','2023-02-19','Revisión de cláusulas del contrato'),
(59,9,2,'Videollamada','2023-02-20','Asesoría sobre el mercado actual'),
(59,25,1,'Presencial','2024-09-10','Firma de contrato'),
(59,89,1,'Presencial','2024-01-17','Firma de contrato'),
(60,11,1,'Videollamada','2022-01-14','Envío de documentación'),
(60,11,2,'Presencial','2022-02-02','Asesoría sobre el mercado actual'),
(60,66,1,'Presencial','2025-02-03','Firma de contrato'),
(60,77,1,'Presencial','2024-04-14','Firma de contrato'),
(60,88,1,'Presencial','2025-02-24','Firma de contrato'),
(61,19,1,'Videollamada','2024-11-26','Negociación de precio'),
(61,19,2,'Presencial','2024-12-06','Asesoría sobre el mercado actual'),
(61,19,3,'Llamada','2024-12-24','Asesoría sobre el mercado actual'),
(61,19,4,'Presencial','2025-01-11','Seguimiento postventa'),
(61,27,1,'Llamada','2022-10-17','Asesoría sobre el mercado actual'),
(61,27,2,'Videollamada','2022-10-21','Envío de documentación'),
(61,27,3,'Videollamada','2022-10-30','Agenda de cita presencial'),
(61,48,1,'Presencial','2020-06-24','Visita al inmueble'),
(61,62,1,'Correo','2022-12-17','Consulta sobre financiamiento'),
(61,63,1,'Presencial','2025-01-27','Firma de contrato'),
(61,70,1,'Llamada','2020-10-01','Negociación de precio'),
(62,9,1,'Presencial','2020-11-07','Negociación de precio'),
(62,9,2,'Llamada','2020-11-08','Agenda de cita presencial'),
(62,9,3,'Llamada','2020-11-12','Seguimiento postventa'),
(62,36,1,'Presencial','2024-02-17','Firma de Contrato'),
(62,55,1,'Presencial','2024-09-23','Firma de Contrato'),
(62,99,1,'Presencial','2024-02-02','Firma de contrato'),
(63,6,1,'Presencial','2021-02-24','Visita al inmueble'),
(63,11,1,'Presencial','2024-08-18','Firma de contrato'),
(63,41,1,'Presencial','2025-01-27','Firma de contrato'),
(63,85,1,'Videollamada','2024-01-10','Consulta sobre financiamiento'),
(63,85,2,'Correo','2024-02-02','Presentación de opciones de propiedades'),
(63,85,3,'Videollamada','2024-02-20','Agenda de cita presencial'),
(64,3,1,'Presencial','2024-11-08','Firma de contrato'),
(64,80,1,'Presencial','2025-03-30','Firma de contrato'),
(64,91,1,'Correo','2021-11-22','Seguimiento postventa'),
(64,91,2,'Correo','2021-12-04','Visita al inmueble'),
(64,91,3,'Videollamada','2021-12-27','Agenda de cita presencial'),
(64,91,4,'Correo','2022-01-13','Seguimiento postventa'),
(65,6,1,'Presencial','2025-03-20','Firma de Contrato'),
(65,23,1,'Correo','2022-03-19','Visita al inmueble'),
(65,23,2,'Correo','2022-04-10','Seguimiento postventa'),
(65,23,3,'Correo','2022-05-09','Presentación de opciones de propiedades'),
(65,30,1,'Presencial','2025-04-26','Firma de contrato'),
(65,31,1,'Llamada','2021-05-23','Seguimiento postventa'),
(65,31,2,'Videollamada','2021-06-14','Seguimiento postventa'),
(65,31,3,'Llamada','2021-07-06','Revisión de cláusulas del contrato'),
(65,34,1,'Presencial','2024-06-03','Firma de contrato'),
(65,73,1,'Presencial','2022-03-30','Firma de contrato'),
(65,85,1,'Presencial','2024-12-13','Firma de contrato'),
(65,90,1,'Presencial','2025-03-14','Firma de contrato'),
(66,39,1,'Presencial','2024-12-23','Firma de contrato'),
(66,61,1,'Presencial','2025-04-16','Firma de Contrato'),
(66,95,1,'Presencial','2024-07-18','Firma de contrato'),
(67,28,1,'Correo','2021-12-05','Visita al inmueble'),
(67,31,1,'Presencial','2022-01-16','Firma de contrato'),
(67,60,1,'Presencial','2024-03-09','Firma de contrato'),
(67,91,1,'Videollamada','2020-10-11','Asesoría sobre el mercado actual'),
(67,91,2,'Videollamada','2020-11-09','Seguimiento postventa'),
(67,96,1,'Correo','2025-01-21','Visita al inmueble'),
(67,96,2,'Videollamada','2025-02-07','Consulta sobre financiamiento'),
(67,96,3,'Correo','2025-02-26','Revisión de cláusulas del contrato'),
(69,52,1,'Presencial','2025-03-14','Firma de contrato'),
(69,53,1,'Presencial','2024-09-10','Firma de contrato'),
(69,53,2,'Presencial','2025-01-19','Firma de Contrato'),
(70,13,1,'Presencial','2024-06-06','Firma de contrato'),
(70,30,1,'Llamada','2022-07-17','Presentación de opciones de propiedades'),
(70,30,2,'Correo','2022-07-30','Agenda de cita presencial'),
(70,30,3,'Presencial','2022-08-17','Negociación de precio'),
(70,48,1,'Presencial','2024-11-24','Firma de contrato'),
(70,85,1,'Videollamada','2025-03-08','Envío de documentación'),
(70,85,2,'Llamada','2025-03-31','Agenda de cita presencial'),
(70,85,3,'Presencial','2025-04-08','Seguimiento postventa'),
(70,85,4,'Llamada','2025-04-20','Negociación de precio'),
(71,20,1,'Presencial','2025-01-30','Firma de contrato'),
(71,45,1,'Llamada','2022-01-01','Revisión de cláusulas del contrato'),
(71,45,2,'Correo','2022-01-16','Asesoría sobre el mercado actual'),
(71,49,1,'Presencial','2025-03-22','Firma de Contrato'),
(71,54,1,'Llamada','2024-02-20','Revisión de cláusulas del contrato'),
(71,54,2,'Videollamada','2024-03-08','Seguimiento postventa'),
(71,74,1,'Correo','2024-06-28','Revisión de cláusulas del contrato'),
(71,74,2,'Correo','2024-07-18','Consulta sobre financiamiento'),
(71,100,1,'Llamada','2020-06-02','Negociación de precio'),
(71,100,2,'Correo','2020-06-03','Negociación de precio'),
(71,100,3,'Videollamada','2020-06-13','Asesoría sobre el mercado actual'),
(72,9,1,'Videollamada','2021-07-15','Presentación de opciones de propiedades'),
(72,9,2,'Correo','2021-08-10','Consulta sobre financiamiento'),
(72,9,3,'Correo','2021-09-01','Envío de documentación'),
(72,16,1,'Presencial','2024-11-14','Firma de contrato'),
(72,21,1,'Videollamada','2023-10-21','Revisión de cláusulas del contrato'),
(72,21,2,'Videollamada','2023-11-14','Revisión de cláusulas del contrato'),
(72,50,1,'Correo','2023-05-26','Presentación de opciones de propiedades'),
(72,50,2,'Presencial','2023-06-15','Revisión de cláusulas del contrato'),
(72,50,3,'Videollamada','2023-07-02','Consulta sobre financiamiento'),
(72,54,1,'Presencial','2024-01-20','Firma de Contrato'),
(72,100,1,'Presencial','2020-04-02','Visita al inmueble'),
(72,100,2,'Llamada','2020-04-18','Presentación de opciones de propiedades'),
(72,100,3,'Videollamada','2020-04-26','Revisión de cláusulas del contrato'),
(73,2,1,'Correo','2023-03-17','Envío de documentación'),
(73,26,1,'Correo','2021-09-22','Seguimiento postventa'),
(73,26,2,'Llamada','2021-10-12','Visita al inmueble'),
(73,26,3,'Llamada','2021-10-18','Seguimiento postventa'),
(73,30,1,'Videollamada','2023-11-07','Agenda de cita presencial'),
(73,30,2,'Videollamada','2023-12-06','Consulta sobre financiamiento'),
(73,30,3,'Llamada','2023-12-31','Consulta sobre financiamiento'),
(73,52,1,'Videollamada','2024-06-06','Agenda de cita presencial'),
(73,52,2,'Presencial','2024-06-27','Visita al inmueble'),
(73,52,3,'Llamada','2024-07-07','Visita al inmueble'),
(73,52,4,'Videollamada','2024-07-26','Visita al inmueble'),
(74,31,1,'Llamada','2021-02-04','Seguimiento postventa'),
(74,56,1,'Presencial','2022-03-15','Seguimiento postventa'),
(74,56,2,'Presencial','2022-03-25','Agenda de cita presencial'),
(74,56,3,'Videollamada','2022-04-15','Envío de documentación'),
(75,30,1,'Presencial','2024-06-21','Firma de contrato'),
(75,48,1,'Presencial','2020-05-13','Visita al inmueble'),
(75,67,1,'Presencial','2024-05-15','Firma de Contrato'),
(75,76,1,'Presencial','2024-04-20','Firma de Contrato'),
(75,77,1,'Presencial','2024-11-03','Consulta sobre financiamiento'),
(75,77,2,'Presencial','2024-11-05','Visita al inmueble'),
(75,87,1,'Presencial','2024-10-12','Firma de contrato'),
(75,90,1,'Presencial','2024-03-03','Firma de contrato'),
(75,99,1,'Correo','2024-04-16','Visita al inmueble'),
(75,99,2,'Videollamada','2024-04-27','Revisión de cláusulas del contrato'),
(75,99,3,'Presencial','2024-05-18','Seguimiento postventa'),
(76,4,1,'Presencial','2024-04-02','Firma de contrato'),
(76,9,1,'Presencial','2025-04-11','Firma de contrato'),
(76,68,1,'Presencial','2024-12-16','Firma de Contrato'),
(76,88,1,'Videollamada','2022-08-04','Seguimiento postventa'),
(76,88,2,'Correo','2022-08-18','Visita al inmueble'),
(76,88,3,'Presencial','2022-09-17','Seguimiento postventa'),
(77,6,1,'Correo','2024-05-15','Presentación de opciones de propiedades'),
(77,82,1,'Presencial','2024-04-30','Firma de contrato'),
(77,89,1,'Presencial','2023-03-05','Presentación de opciones de propiedades'),
(78,2,1,'Presencial','2024-02-26','Firma de contrato'),
(78,2,2,'Presencial','2025-03-23','Firma de contrato'),
(78,27,1,'Presencial','2023-04-01','Firma de contrato'),
(78,38,1,'Videollamada','2022-07-16','Envío de documentación'),
(78,38,2,'Videollamada','2022-07-22','Negociación de precio'),
(78,44,1,'Presencial','2024-03-16','Negociación de precio'),
(78,44,2,'Llamada','2024-03-22','Seguimiento postventa'),
(78,74,1,'Videollamada','2020-07-09','Seguimiento postventa'),
(78,82,1,'Correo','2021-05-18','Consulta sobre financiamiento'),
(78,82,2,'Llamada','2021-06-04','Presentación de opciones de propiedades'),
(78,83,1,'Presencial','2020-11-22','Consulta sobre financiamiento'),
(78,83,2,'Correo','2020-11-29','Asesoría sobre el mercado actual'),
(78,83,3,'Presencial','2020-11-30','Consulta sobre financiamiento'),
(78,97,1,'Presencial','2024-10-23','Firma de contrato'),
(79,23,1,'Videollamada','2023-03-26','Revisión de cláusulas del contrato'),
(79,23,2,'Presencial','2023-03-26','Seguimiento postventa'),
(79,23,3,'Correo','2023-04-07','Negociación de precio'),
(79,23,4,'Correo','2023-04-25','Seguimiento postventa'),
(79,66,1,'Presencial','2025-03-19','Firma de contrato'),
(79,81,1,'Correo','2024-05-20','Asesoría sobre el mercado actual'),
(79,81,2,'Presencial','2024-06-01','Presentación de opciones de propiedades'),
(80,38,1,'Llamada','2025-02-13','Visita al inmueble'),
(80,38,2,'Videollamada','2025-03-04','Negociación de precio'),
(80,38,3,'Presencial','2025-03-07','Asesoría sobre el mercado actual'),
(80,46,1,'Videollamada','2021-09-30','Envío de documentación'),
(80,46,2,'Videollamada','2021-10-09','Consulta sobre financiamiento'),
(80,51,1,'Presencial','2025-02-10','Firma de contrato'),
(80,63,1,'Presencial','2025-03-17','Firma de contrato'),
(81,50,1,'Presencial','2024-10-05','Firma de contrato'),
(81,70,1,'Presencial','2024-10-06','Firma de contrato'),
(81,94,1,'Presencial','2024-11-05','Firma de contrato'),
(82,3,1,'Presencial','2024-11-17','Firma de contrato'),
(82,37,1,'Presencial','2023-02-11','Firma de contrato'),
(82,39,1,'Presencial','2023-11-05','Consulta sobre financiamiento'),
(82,39,2,'Llamada','2023-11-16','Agenda de cita presencial'),
(82,39,3,'Presencial','2023-12-03','Visita al inmueble'),
(82,39,4,'Llamada','2023-12-04','Agenda de cita presencial'),
(82,41,1,'Correo','2021-08-17','Negociación de precio'),
(82,41,2,'Presencial','2021-08-30','Asesoría sobre el mercado actual'),
(82,41,3,'Correo','2021-09-20','Agenda de cita presencial'),
(82,41,4,'Presencial','2021-10-01','Seguimiento postventa'),
(82,56,1,'Correo','2025-02-05','Asesoría sobre el mercado actual'),
(82,56,2,'Correo','2025-02-12','Visita al inmueble'),
(82,56,3,'Presencial','2025-03-12','Envío de documentación'),
(82,56,4,'Videollamada','2025-04-10','Agenda de cita presencial'),
(82,75,1,'Presencial','2024-08-31','Firma de contrato'),
(82,80,1,'Correo','2025-02-22','Revisión de cláusulas del contrato'),
(82,83,1,'Videollamada','2023-05-13','Revisión de cláusulas del contrato'),
(82,83,2,'Videollamada','2023-05-23','Seguimiento postventa'),
(83,4,1,'Llamada','2021-07-12','Visita al inmueble'),
(83,74,1,'Videollamada','2023-03-18','Agenda de cita presencial'),
(83,74,2,'Videollamada','2023-04-07','Agenda de cita presencial'),
(83,85,1,'Presencial','2024-12-19','Firma de Contrato'),
(83,89,1,'Correo','2023-05-18','Consulta sobre financiamiento'),
(83,89,2,'Presencial','2023-05-20','Visita al inmueble'),
(83,89,3,'Presencial','2023-06-18','Consulta sobre financiamiento'),
(84,38,1,'Presencial','2025-05-15','Firma de contrato'),
(84,48,1,'Presencial','2025-04-24','Firma de contrato'),
(84,50,1,'Correo','2022-08-30','Visita al inmueble'),
(84,56,1,'Presencial','2024-02-04','Firma de contrato'),
(84,80,1,'Presencial','2024-12-14','Firma de contrato'),
(84,89,1,'Presencial','2022-08-27','Visita al inmueble'),
(84,89,2,'Llamada','2022-09-06','Revisión de cláusulas del contrato'),
(84,89,3,'Presencial','2022-09-16','Asesoría sobre el mercado actual'),
(84,89,4,'Correo','2022-09-30','Visita al inmueble'),
(85,15,1,'Videollamada','2024-02-12','Envío de documentación'),
(85,33,1,'Presencial','2024-03-16','Firma de contrato'),
(85,67,1,'Presencial','2024-08-05','Firma de contrato'),
(86,24,1,'Llamada','2024-09-15','Negociación de precio'),
(86,26,1,'Videollamada','2025-03-05','Presentación de opciones de propiedades'),
(86,26,2,'Presencial','2025-03-15','Envío de documentación'),
(86,85,1,'Presencial','2024-07-30','Firma de contrato'),
(87,33,1,'Correo','2021-01-22','Revisión de cláusulas del contrato'),
(87,33,2,'Presencial','2021-01-24','Consulta sobre financiamiento'),
(87,33,3,'Llamada','2021-02-02','Revisión de cláusulas del contrato'),
(87,44,1,'Presencial','2023-09-23','Firma de contrato'),
(87,51,1,'Llamada','2023-02-21','Negociación de precio'),
(87,51,2,'Presencial','2023-02-26','Visita al inmueble'),
(87,75,1,'Presencial','2025-02-23','Firma de contrato'),
(87,95,1,'Presencial','2025-03-28','Firma de contrato'),
(87,96,1,'Presencial','2024-02-16','Presentación de opciones de propiedades'),
(87,96,2,'Correo','2024-02-29','Asesoría sobre el mercado actual'),
(87,96,3,'Videollamada','2024-03-15','Revisión de cláusulas del contrato'),
(88,6,1,'Videollamada','2024-08-24','Presentación de opciones de propiedades'),
(88,9,1,'Presencial','2025-01-04','Firma de contrato'),
(88,19,1,'Presencial','2023-08-26','Firma de contrato'),
(88,29,1,'Presencial','2025-03-28','Firma de Contrato'),
(88,45,1,'Presencial','2024-10-10','Revisión de cláusulas del contrato'),
(88,53,1,'Presencial','2024-01-24','Firma de contrato'),
(88,93,1,'Presencial','2024-06-27','Firma de contrato'),
(89,5,1,'Presencial','2024-01-04','Firma de contrato'),
(89,18,1,'Correo','2020-06-16','Seguimiento postventa'),
(89,18,2,'Videollamada','2020-07-04','Asesoría sobre el mercado actual'),
(89,18,3,'Llamada','2020-08-01','Consulta sobre financiamiento'),
(89,56,1,'Presencial','2025-02-13','Firma de contrato'),
(89,56,2,'Presencial','2025-02-24','Firma de contrato'),
(89,81,1,'Presencial','2024-10-09','Firma de contrato'),
(89,88,1,'Presencial','2020-06-18','Envío de documentación'),
(89,88,2,'Correo','2020-06-28','Revisión de cláusulas del contrato'),
(89,88,3,'Correo','2020-07-15','Negociación de precio'),
(89,88,4,'Presencial','2020-07-24','Asesoría sobre el mercado actual'),
(90,14,1,'Presencial','2024-09-18','Firma de contrato'),
(90,16,1,'Correo','2024-03-31','Negociación de precio'),
(90,16,2,'Presencial','2024-04-29','Envío de documentación'),
(90,16,3,'Correo','2024-05-05','Revisión de cláusulas del contrato'),
(90,22,1,'Presencial','2024-11-08','Firma de contrato'),
(90,30,1,'Presencial','2024-04-26','Firma de Contrato'),
(90,31,1,'Presencial','2024-08-31','Firma de contrato'),
(90,48,1,'Videollamada','2020-06-10','Negociación de precio'),
(90,48,2,'Videollamada','2020-06-11','Envío de documentación'),
(90,68,1,'Videollamada','2021-05-18','Revisión de cláusulas del contrato'),
(90,83,1,'Presencial','2025-01-06','Firma de contrato'),
(90,91,1,'Presencial','2024-07-29','Firma de contrato'),
(90,96,1,'Presencial','2024-12-23','Firma de Contrato'),
(91,9,1,'Presencial','2025-01-18','Firma de contrato'),
(91,15,1,'Presencial','2024-02-18','Firma de contrato'),
(91,24,1,'Presencial','2025-03-07','Firma de contrato'),
(91,82,1,'Presencial','2024-11-20','Firma de contrato'),
(92,18,1,'Presencial','2025-01-21','Firma de contrato'),
(92,24,1,'Presencial','2022-11-21','Firma de contrato'),
(92,39,1,'Llamada','2022-09-20','Negociación de precio'),
(92,39,2,'Correo','2022-10-01','Seguimiento postventa'),
(92,53,1,'Presencial','2024-07-08','Firma de contrato'),
(93,66,1,'Correo','2022-06-29','Agenda de cita presencial'),
(93,66,2,'Correo','2022-07-20','Presentación de opciones de propiedades'),
(93,100,1,'Presencial','2024-02-17','Asesoría sobre el mercado actual'),
(93,100,2,'Llamada','2024-03-03','Seguimiento postventa'),
(93,100,3,'Llamada','2024-03-24','Revisión de cláusulas del contrato'),
(94,14,1,'Presencial','2025-04-27','Firma de contrato'),
(94,24,1,'Correo','2020-02-05','Seguimiento postventa'),
(94,77,1,'Llamada','2021-06-07','Agenda de cita presencial'),
(94,88,1,'Presencial','2025-03-24','Firma de contrato'),
(94,92,1,'Llamada','2022-11-13','Negociación de precio'),
(94,92,2,'Videollamada','2022-11-24','Presentación de opciones de propiedades'),
(94,92,3,'Videollamada','2022-12-18','Revisión de cláusulas del contrato'),
(95,12,1,'Presencial','2025-01-28','Firma de contrato'),
(95,15,1,'Presencial','2024-10-14','Firma de contrato'),
(95,48,1,'Presencial','2025-04-17','Firma de contrato'),
(95,83,1,'Correo','2022-06-01','Agenda de cita presencial'),
(96,20,1,'Presencial','2024-07-09','Revisión de cláusulas del contrato'),
(96,20,2,'Videollamada','2024-07-31','Asesoría sobre el mercado actual'),
(96,20,3,'Llamada','2024-08-04','Consulta sobre financiamiento'),
(96,58,1,'Presencial','2022-03-28','Seguimiento postventa'),
(96,62,1,'Presencial','2023-06-13','Firma de contrato'),
(96,78,1,'Correo','2023-11-26','Agenda de cita presencial'),
(96,78,2,'Presencial','2023-11-30','Envío de documentación'),
(97,2,1,'Presencial','2020-08-19','Asesoría sobre el mercado actual'),
(97,2,2,'Videollamada','2020-08-20','Asesoría sobre el mercado actual'),
(97,2,3,'Correo','2020-09-10','Presentación de opciones de propiedades'),
(97,2,4,'Presencial','2020-09-25','Revisión de cláusulas del contrato'),
(97,12,1,'Presencial','2024-07-02','Asesoría sobre el mercado actual'),
(97,12,2,'Presencial','2024-07-23','Envío de documentación'),
(97,12,3,'Videollamada','2024-08-03','Agenda de cita presencial'),
(97,12,4,'Videollamada','2024-08-17','Asesoría sobre el mercado actual'),
(97,84,1,'Presencial','2022-09-25','Negociación de precio'),
(97,84,2,'Presencial','2022-10-02','Consulta sobre financiamiento'),
(97,84,3,'Llamada','2022-10-05','Envío de documentación'),
(97,85,1,'Presencial','2023-09-24','Visita al inmueble'),
(97,85,2,'Llamada','2023-10-15','Asesoría sobre el mercado actual'),
(98,42,1,'Presencial','2024-09-11','Firma de Contrato'),
(98,65,1,'Presencial','2024-06-05','Firma de Contrato'),
(98,88,1,'Llamada','2024-11-04','Visita al inmueble'),
(98,88,2,'Presencial','2024-11-12','Negociación de precio'),
(99,7,1,'Llamada','2024-04-26','Agenda de cita presencial'),
(99,7,2,'Correo','2024-04-27','Visita al inmueble'),
(99,9,1,'Presencial','2025-01-14','Firma de contrato'),
(99,19,1,'Correo','2024-04-12','Asesoría sobre el mercado actual'),
(99,19,2,'Correo','2024-04-22','Consulta sobre financiamiento'),
(99,19,3,'Videollamada','2024-04-29','Negociación de precio'),
(99,72,1,'Presencial','2024-06-17','Firma de contrato'),
(100,45,1,'Presencial','2025-05-18','Firma de contrato'),
(100,74,1,'Presencial','2024-05-05','Firma de contrato');

/*
********************
* AGENTE-PROPIEDAD *
********************
*/
INSERT INTO agente_propiedad(id_agente, id_propiedad) VALUES
(13, 1),
(84, 3),
(59, 5),
(31, 6),
(40, 7),
(2, 8),
(2, 11),
(60, 12),
(53, 14),
(88, 15),
(69, 16),
(70, 17),
(91, 18),
(90, 19),
(55, 20),
(77, 24),
(24, 28),
(9, 29),
(95, 35),
(59, 37),
(21, 39),
(25, 40),
(87, 41),
(51, 44),
(41, 49),
(51, 50),
(84, 51),
(94, 56),
(20, 57),
(55, 59),
(46, 64),
(39, 65),
(69, 67),
(88, 68),
(50, 69),
(49, 71),
(44, 72),
(32, 74),
(10, 75),
(22, 77),
(75, 79),
(65, 81),
(67, 83),
(41, 86),
(76, 91),
(57, 96),
(40, 97),
(23, 98),
(87, 99),
(89, 100),
(24, 101),
(65, 102),
(24, 103),
(24, 104),
(78, 105),
(80, 106),
(56, 109),
(62, 110),
(38, 111),
(100, 113),
(14, 115),
(63, 117),
(30, 119),
(65, 120),
(40, 124),
(13, 126),
(92, 131),
(66, 132),
(41, 133),
(96, 134),
(95, 135),
(12, 138),
(44, 140),
(12, 142),
(82, 145),
(29, 147),
(38, 148),
(11, 151),
(78, 153),
(20, 157),
(15, 158),
(55, 159),
(45, 162),
(37, 163),
(57, 164),
(22, 166),
(13, 169),
(35, 171),
(16, 172),
(15, 173),
(38, 175),
(48, 178),
(5, 186),
(32, 188),
(19, 192),
(26, 194),
(29, 195),
(12, 196),
(25, 197),
(37, 198),
(89, 199),
(64, 201),
(15, 203),
(39, 205),
(91, 206),
(29, 207),
(50, 208),
(35, 213),
(53, 215),
(56, 219),
(78, 220),
(82, 221),
(16, 222),
(79, 223),
(60, 226),
(27, 227),
(91, 228),
(61, 233),
(53, 235),
(94, 237),
(85, 239),
(7, 240),
(18, 242),
(4, 244),
(2, 245),
(59, 248),
(50, 249),
(90, 252),
(24, 254),
(90, 257),
(75, 258),
(82, 259),
(25, 260),
(92, 265),
(70, 266),
(3, 271),
(21, 272),
(35, 273),
(19, 275),
(65, 278),
(71, 279),
(84, 280),
(89, 283),
(1, 285),
(67, 287),
(57, 288),
(51, 292),
(88, 293),
(54, 295),
(43, 297),
(18, 300),
(100, 303),
(48, 305),
(80, 306),
(84, 308),
(78, 309),
(3, 310),
(58, 311),
(42, 312),
(4, 315),
(14, 318),
(47, 325),
(21, 326),
(10, 328),
(11, 329),
(37, 331),
(10, 333),
(90, 334),
(99, 337),
(81, 340),
(12, 343),
(5, 344),
(99, 346),
(35, 350),
(20, 352),
(91, 354),
(35, 355),
(10, 357),
(24, 359),
(65, 362),
(11, 363),
(86, 365),
(24, 366),
(5, 367),
(89, 371),
(51, 372),
(54, 373),
(63, 374),
(42, 375),
(64, 376),
(81, 377),
(66, 380),
(24, 382),
(85, 384),
(20, 390),
(7, 392),
(28, 393),
(76, 394),
(31, 395),
(28, 396),
(16, 397),
(29, 398),
(56, 401),
(75, 403),
(39, 404),
(52, 406),
(2, 410),
(16, 414),
(88, 415),
(55, 416),
(19, 417),
(22, 419),
(60, 420),
(87, 422),
(95, 423),
(11, 424),
(16, 426),
(81, 427),
(72, 429),
(92, 431),
(18, 432),
(90, 433),
(15, 434),
(49, 435),
(98, 437),
(75, 439),
(56, 443),
(62, 444),
(41, 448),
(28, 449),
(21, 450),
(66, 452),
(88, 454),
(98, 456),
(90, 458),
(75, 460),
(90, 461),
(62, 462),
(72, 463),
(33, 464),
(8, 467),
(69, 470),
(7, 472),
(45, 476),
(71, 477),
(58, 479),
(83, 480),
(26, 481),
(35, 482),
(65, 483),
(46, 487),
(76, 488),
(49, 491),
(5, 492),
(57, 494),
(11, 498),
(82,69),
(5,56),
(22,44),
(80,26),
(87,38),
(97,59),
(46,12),
(35,24),
(28,19),
(6,85),
(40,98),
(1,8),
(54,41),
(26,73),
(17,100),
(91,7),
(81,35),
(30,13),
(70,9),
(12,22),
(8,60),
(94,29),
(76,65),
(98,28),
(57,17),
(37,92),
(86,6),
(4,89),
(63,66),
(9,4),
(2,51),
(45,64),
(11,33),
(7,46),
(93,32),
(13,14),
(89,99),
(10,25),
(38,90),
(62,93),
(96,5),
(23,3),
(36,97),
(24,40),
(67,87),
(48,43),
(39,74),
(64,75),
(90,37),
(42,83),
(84,58),
(31,84),
(25,47),
(32,30),
(14,2),
(65,57),
(66,71),
(88,36),
(95,53),
(100,34),
(59,39),
(16,72),
(99,1),
(85,11),
(3,20),
(55,42),
(29,45),
(20,23),
(92,31),
(18,50),
(21,19),
(49,63),
(15,18),
(78,15),
(58,86),
(68,70),
(34,67),
(19,10),
(60,16),
(71,68),
(56,79),
(43,88),
(50,27),
(83,20),
(53,96),
(27,48),
(61,54),
(44,55),
(47,21),
(75,81),
(52,52),
(79,61),
(74,80),
(77,60),
(51,91),
(72,95),
(69,94),
(73,76),
(66,100),
(22,16),
(48,34),
(9,79),
(64,12),
(55,65),
(38,93),
(45,88),
(31,77),
(3,58),
(67,25),
(96,90),
(17,37),
(80,36),
(86,92),
(14,99),
(84,74),
(57,66),
(33,62),
(13,30),
(97,98),
(60,59),
(23,1),
(28,29),
(91,85),
(32,71),
(25,82),
(76,68),
(1,3),
(19,43),
(63,26),
(35,95),
(2,33),
(36,50),
(21,17),
(8,32),
(6,13),
(53,84),
(71,22),
(93,41),
(12,24),
(46,7),
(42,6),
(30,14),
(58,4),
(18,10),
(47,61),
(41,45),
(27,46),
(73,70),
(39,27),
(37,8),
(74,20),
(16,75),
(40,31),
(26,64),
(5,69),
(11,38),
(43,5),
(61,28),
(24,55),
(87,21),
(10,9),
(59,94),
(34,83),
(79,96),
(7,35),
(52,2),
(44,18),
(68,39),
(20,100),
(65,87),
(29,97),
(85,47),
(49,73),
(98,12),
(100,78),
(78,44),
(92,76),
(77,19),
(51,40),
(70,91),
(94,42),
(69,58),
(75,99),
(62,86),
(89,48),
(91,11),
(83,89),
(99,80),
(90,17),
(88,6),
(4,60),
(87,82),
(15,51),
(72,63),
(56,93),
(54,67),
(50,35),
(82,66);